"Publication_Year","Table","Health_Indicator_Desc","Strata","Strata_Name","County","Rank_Order","Denominator_Total","Denominator_Average","Denominator_Label","Denominator_Year_Period","Numerator_Total","Numerator_Average","Numerator_Label","Numerator_Year_Period","Rate_Multiplier","Rate/Percentage","Rate/Percentage_Label","Age-Adjusted_Rate","Age-Adjusted_Rate_Label","Lower_Confidence_Limit","Upper_Confidence_Limit","Healthy_People_Decade","Healthy_People_Objective_Number","Healthy_People_Objective_Target","Healthy_People_Objective_Met","Denominator_Annotation_Code","Numerator_Annotation_Code","Rates_Annotation_Code","Annotation_Desc"
2025,1,Deaths Due to All Causes,Total Population,Total Population,Santa Clara,1,1987898,1987898.0,Population,2022,33716,11238.7,Deaths,2021-2023,100000,565.4,Crude Death Rate,440.9,Age-Adjusted Death Rate,436.2,445.7,2030,,,,,,,
2025,1,Deaths Due to All Causes,Total Population,Total Population,San Mateo,2,777635,777635.0,Population,2022,15300,5100.0,Deaths,2021-2023,100000,655.8,Crude Death Rate,449.0,Age-Adjusted Death Rate,441.7,456.3,2030,,,,,,,
2025,1,Deaths Due to All Causes,Total Population,Total Population,Marin,3,257795,257795.0,Population,2022,6550,2183.3,Deaths,2021-2023,100000,846.9,Crude Death Rate,464.5,Age-Adjusted Death Rate,452.4,476.5,2030,,,,,,,
2025,1,Deaths Due to All Causes,Total Population,Total Population,San Francisco,4,897416,897416.0,Population,2022,19513,6504.3,Deaths,2021-2023,100000,724.8,Crude Death Rate,509.7,Age-Adjusted Death Rate,502.4,517.0,2030,,,,,,,
2025,1,Deaths Due to All Causes,Total Population,Total Population,Alameda,5,1689538,1689538.0,Population,2022,33129,11043.0,Deaths,2021-2023,100000,653.6,Crude Death Rate,540.2,Age-Adjusted Death Rate,534.3,546.1,2030,,,,,,,
2025,1,Deaths Due to All Causes,Total Population,Total Population,Mono,6,13898,13898.0,Population,2022,212,70.7,Deaths,2021-2023,100000,508.5,Crude Death Rate,545.7,Age-Adjusted Death Rate,456.0,635.4,2030,,,,,,,
2025,1,Deaths Due to All Causes,Total Population,Total Population,Orange,7,3218111,3218111.0,Population,2022,71338,23779.3,Deaths,2021-2023,100000,738.9,Crude Death Rate,570.3,Age-Adjusted Death Rate,566.0,574.5,2030,,,,,,,
2025,1,Deaths Due to All Causes,Total Population,Total Population,Monterey,8,447300,447300.0,Population,2022,8974,2991.3,Deaths,2021-2023,100000,668.8,Crude Death Rate,573.2,Age-Adjusted Death Rate,561.2,585.2,2030,,,,,,,
2025,1,Deaths Due to All Causes,Total Population,Total Population,Contra Costa,9,1168294,1168294.0,Population,2022,26722,8907.3,Deaths,2021-2023,100000,762.4,Crude Death Rate,574.4,Age-Adjusted Death Rate,567.4,581.5,2030,,,,,,,
2025,1,Deaths Due to All Causes,Total Population,Total Population,Santa Cruz,10,276024,276024.0,Population,2022,5981,1993.7,Deaths,2021-2023,100000,722.3,Crude Death Rate,577.1,Age-Adjusted Death Rate,561.9,592.3,2030,,,,,,,
2025,1,Deaths Due to All Causes,Total Population,Total Population,Sonoma,11,502886,502886.0,Population,2022,13594,4531.3,Deaths,2021-2023,100000,901.1,Crude Death Rate,581.3,Age-Adjusted Death Rate,571.0,591.5,2030,,,,,,,
2025,1,Deaths Due to All Causes,Total Population,Total Population,Sierra,12,3077,3077.0,Population,2022,122,40.7,Deaths,2021-2023,100000,1321.6,Crude Death Rate,584.8,Age-Adjusted Death Rate,459.3,710.3,2030,,,,,,,
2025,1,Deaths Due to All Causes,Total Population,Total Population,Placer,13,400664,400664.0,Population,2022,11723,3907.7,Deaths,2021-2023,100000,975.3,Crude Death Rate,594.1,Age-Adjusted Death Rate,582.9,605.2,2030,,,,,,,
2025,1,Deaths Due to All Causes,Total Population,Total Population,Los Angeles,14,10208717,10208717.0,Population,2022,227465,75821.7,Deaths,2021-2023,100000,742.7,Crude Death Rate,601.8,Age-Adjusted Death Rate,599.3,604.3,2030,,,,,,,
2025,1,Deaths Due to All Causes,Total Population,Total Population,Alpine,15,1139,1139.0,Population,2022,38,12.7,Deaths,2021-2023,100000,1112.1,Crude Death Rate,603.7,Age-Adjusted Death Rate,404.3,867.0,2030,,,,,,,
2025,1,Deaths Due to All Causes,Total Population,Total Population,San Diego,16,3356185,3356185.0,Population,2022,75100,25033.3,Deaths,2021-2023,100000,745.9,Crude Death Rate,607.7,Age-Adjusted Death Rate,603.3,612.1,2030,,,,,,,
2025,1,Deaths Due to All Causes,Total Population,Total Population,San Luis Obispo,17,279268,279268.0,Population,2022,8070,2690.0,Deaths,2021-2023,100000,963.2,Crude Death Rate,611.6,Age-Adjusted Death Rate,597.2,625.9,2030,,,,,,,
2025,1,Deaths Due to All Causes,Total Population,Total Population,Santa Barbara,18,455127,455127.0,Population,2022,10657,3552.3,Deaths,2021-2023,100000,780.5,Crude Death Rate,619.2,Age-Adjusted Death Rate,607.1,631.2,2030,,,,,,,
2025,1,Deaths Due to All Causes,Total Population,Total Population,Ventura,19,851620,851620.0,Population,2022,20686,6895.3,Deaths,2021-2023,100000,809.7,Crude Death Rate,625.5,Age-Adjusted Death Rate,616.8,634.2,2030,,,,,,,
2025,1,Deaths Due to All Causes,Total Population,Total Population,Napa,20,139518,139518.0,Population,2022,3919,1306.3,Deaths,2021-2023,100000,936.3,Crude Death Rate,625.7,Age-Adjusted Death Rate,605.5,645.8,2030,,,,,,,
2025,1,Deaths Due to All Causes,Total Population,Total Population,El Dorado,21,190012,190012.0,Population,2022,5522,1840.7,Deaths,2021-2023,100000,968.7,Crude Death Rate,626.9,Age-Adjusted Death Rate,609.2,644.5,2030,,,,,,,
2025,1,Deaths Due to All Causes,Total Population,Total Population,Nevada,22,98157,98157.0,Population,2022,3497,1165.7,Deaths,2021-2023,100000,1187.6,Crude Death Rate,633.0,Age-Adjusted Death Rate,609.1,656.9,2030,,,,,,,
2025,1,Deaths Due to All Causes,Total Population,Total Population,CALIFORNIA,,40146003,40146003.0,Population,2022,941475,313825.0,Deaths,2021-2023,100000,781.7,Crude Death Rate,634.1,Age-Adjusted Death Rate,632.8,635.4,2030,,,,,,,
2025,1,Deaths Due to All Causes,Total Population,Total Population,Yolo,23,228380,228380.0,Population,2022,4525,1508.3,Deaths,2021-2023,100000,660.4,Crude Death Rate,634.8,Age-Adjusted Death Rate,616.0,653.6,2030,,,,,,,
2025,1,Deaths Due to All Causes,Total Population,Total Population,San Benito,24,62124,62124.0,Population,2022,1337,445.7,Deaths,2021-2023,100000,717.4,Crude Death Rate,643.5,Age-Adjusted Death Rate,608.3,678.6,2030,,,,,,,
2025,1,Deaths Due to All Causes,Total Population,Total Population,Plumas,25,19041,19041.0,Population,2022,749,249.7,Deaths,2021-2023,100000,1311.2,Crude Death Rate,667.0,Age-Adjusted Death Rate,610.7,723.4,2030,,,,,,,
2025,1,Deaths Due to All Causes,Total Population,Total Population,Imperial,26,192960,192960.0,Population,2022,4299,1433.0,Deaths,2021-2023,100000,742.6,Crude Death Rate,671.7,Age-Adjusted Death Rate,651.2,692.2,2030,,,,,,,
2025,1,Deaths Due to All Causes,Total Population,Total Population,Colusa,27,22872,22872.0,Population,2022,556,185.3,Deaths,2021-2023,100000,810.3,Crude Death Rate,677.4,Age-Adjusted Death Rate,620.2,734.7,2030,,,,,,,
2025,1,Deaths Due to All Causes,Total Population,Total Population,Mariposa,28,17556,17556.0,Population,2022,680,226.7,Deaths,2021-2023,100000,1291.1,Crude Death Rate,682.1,Age-Adjusted Death Rate,621.1,743.0,2030,,,,,,,
2025,1,Deaths Due to All Causes,Total Population,Total Population,Riverside,29,2506351,2506351.0,Population,2022,63945,21315.0,Deaths,2021-2023,100000,850.4,Crude Death Rate,686.9,Age-Adjusted Death Rate,681.5,692.4,2030,,,,,,,
2025,1,Deaths Due to All Causes,Total Population,Total Population,Solano,30,448896,448896.0,Population,2022,12068,4022.7,Deaths,2021-2023,100000,896.1,Crude Death Rate,698.3,Age-Adjusted Death Rate,685.6,711.1,2030,,,,,,,
2025,1,Deaths Due to All Causes,Total Population,Total Population,Calaveras,31,44150,44150.0,Population,2022,1765,588.3,Deaths,2021-2023,100000,1332.6,Crude Death Rate,715.0,Age-Adjusted Death Rate,675.0,755.0,2030,,,,,,,
2025,1,Deaths Due to All Causes,Total Population,Total Population,Amador,32,38161,38161.0,Population,2022,1607,535.7,Deaths,2021-2023,100000,1403.7,Crude Death Rate,731.8,Age-Adjusted Death Rate,692.1,771.6,2030,,,,,,,
2025,1,Deaths Due to All Causes,Total Population,Total Population,Madera,33,162722,162722.0,Population,2022,4141,1380.3,Deaths,2021-2023,100000,848.3,Crude Death Rate,741.9,Age-Adjusted Death Rate,719.0,764.8,2030,,,,,,,
2025,1,Deaths Due to All Causes,Total Population,Total Population,Sacramento,34,1571846,1571846.0,Population,2022,41169,13723.0,Deaths,2021-2023,100000,873.0,Crude Death Rate,760.5,Age-Adjusted Death Rate,753.1,767.9,2030,,,,,,,
2025,1,Deaths Due to All Causes,Total Population,Total Population,Trinity,35,13156,13156.0,Population,2022,537,179.0,Deaths,2021-2023,100000,1360.6,Crude Death Rate,781.0,Age-Adjusted Death Rate,701.5,860.4,2030,,,,,,,
2025,1,Deaths Due to All Causes,Total Population,Total Population,Mendocino,36,88353,88353.0,Population,2022,3020,1006.7,Deaths,2021-2023,100000,1139.4,Crude Death Rate,784.3,Age-Adjusted Death Rate,754.8,813.9,2030,,,,,,,
2025,1,Deaths Due to All Causes,Total Population,Total Population,Sutter,37,99781,99781.0,Population,2022,2860,953.3,Deaths,2021-2023,100000,955.4,Crude Death Rate,786.2,Age-Adjusted Death Rate,756.9,815.4,2030,,,,,,,
2025,1,Deaths Due to All Causes,Total Population,Total Population,Merced,38,288601,288601.0,Population,2022,6613,2204.3,Deaths,2021-2023,100000,763.8,Crude Death Rate,803.4,Age-Adjusted Death Rate,783.9,822.9,2030,,,,,,,
2025,1,Deaths Due to All Causes,Total Population,Total Population,Butte,39,227736,227736.0,Population,2022,7270,2423.3,Deaths,2021-2023,100000,1064.1,Crude Death Rate,806.7,Age-Adjusted Death Rate,787.3,826.1,2030,,,,,,,
2025,1,Deaths Due to All Causes,Total Population,Total Population,San Joaquin,40,783706,783706.0,Population,2022,19893,6631.0,Deaths,2021-2023,100000,846.1,Crude Death Rate,812.7,Age-Adjusted Death Rate,801.3,824.2,2030,,,,,,,
2025,1,Deaths Due to All Causes,Total Population,Total Population,Tulare,41,485121,485121.0,Population,2022,11490,3830.0,Deaths,2021-2023,100000,789.5,Crude Death Rate,814.7,Age-Adjusted Death Rate,799.7,829.7,2030,,,,,,,
2025,1,Deaths Due to All Causes,Total Population,Total Population,San Bernardino,42,2216865,2216865.0,Population,2022,54193,18064.3,Deaths,2021-2023,100000,814.9,Crude Death Rate,815.5,Age-Adjusted Death Rate,808.6,822.5,2030,,,,,,,
2025,1,Deaths Due to All Causes,Total Population,Total Population,Modoc,43,9374,9374.0,Population,2022,391,130.3,Deaths,2021-2023,100000,1390.4,Crude Death Rate,816.1,Age-Adjusted Death Rate,723.1,909.1,2030,,,,,,,
2025,1,Deaths Due to All Causes,Total Population,Total Population,Inyo,44,18142,18142.0,Population,2022,716,238.7,Deaths,2021-2023,100000,1315.5,Crude Death Rate,817.7,Age-Adjusted Death Rate,750.7,884.6,2030,,,,,,,
2025,1,Deaths Due to All Causes,Total Population,Total Population,Fresno,45,1029118,1029118.0,Population,2022,25823,8607.7,Deaths,2021-2023,100000,836.4,Crude Death Rate,817.9,Age-Adjusted Death Rate,807.8,828.0,2030,,,,,,,
2025,1,Deaths Due to All Causes,Total Population,Total Population,Kings,46,156164,156164.0,Population,2022,3347,1115.7,Deaths,2021-2023,100000,714.4,Crude Death Rate,826.4,Age-Adjusted Death Rate,798.1,854.6,2030,,,,,,,
2025,1,Deaths Due to All Causes,Total Population,Total Population,Lassen,47,29842,29842.0,Population,2022,942,314.0,Deaths,2021-2023,100000,1052.2,Crude Death Rate,832.9,Age-Adjusted Death Rate,777.9,887.8,2030,,,,,,,
2025,1,Deaths Due to All Causes,Total Population,Total Population,Tuolumne,48,51670,51670.0,Population,2022,2370,790.0,Deaths,2021-2023,100000,1528.9,Crude Death Rate,841.7,Age-Adjusted Death Rate,803.5,879.9,2030,,,,,,,
2025,1,Deaths Due to All Causes,Total Population,Total Population,Stanislaus,49,566365,566365.0,Population,2022,15341,5113.7,Deaths,2021-2023,100000,902.9,Crude Death Rate,846.8,Age-Adjusted Death Rate,833.2,860.3,2030,,,,,,,
2025,1,Deaths Due to All Causes,Total Population,Total Population,Humboldt,50,134138,134138.0,Population,2022,4669,1556.3,Deaths,2021-2023,100000,1160.2,Crude Death Rate,878.9,Age-Adjusted Death Rate,852.7,905.2,2030,,,,,,,
2025,1,Deaths Due to All Causes,Total Population,Total Population,Glenn,51,29212,29212.0,Population,2022,958,319.3,Deaths,2021-2023,100000,1093.2,Crude Death Rate,887.4,Age-Adjusted Death Rate,829.9,944.8,2030,,,,,,,
2025,1,Deaths Due to All Causes,Total Population,Total Population,Kern,52,929851,929851.0,Population,2022,23751,7917.0,Deaths,2021-2023,100000,851.4,Crude Death Rate,912.7,Age-Adjusted Death Rate,900.9,924.4,2030,,,,,,,
2025,1,Deaths Due to All Causes,Total Population,Total Population,Siskiyou,53,43169,43169.0,Population,2022,2016,672.0,Deaths,2021-2023,100000,1556.7,Crude Death Rate,940.3,Age-Adjusted Death Rate,893.6,987.0,2030,,,,,,,
2025,1,Deaths Due to All Causes,Total Population,Total Population,Yuba,54,78666,78666.0,Population,2022,2274,758.0,Deaths,2021-2023,100000,963.6,Crude Death Rate,948.1,Age-Adjusted Death Rate,908.4,987.8,2030,,,,,,,
2025,1,Deaths Due to All Causes,Total Population,Total Population,Tehama,55,64023,64023.0,Population,2022,2566,855.3,Deaths,2021-2023,100000,1336.0,Crude Death Rate,956.2,Age-Adjusted Death Rate,917.3,995.1,2030,,,,,,,
2025,1,Deaths Due to All Causes,Total Population,Total Population,Lake,56,64138,64138.0,Population,2022,2927,975.7,Deaths,2021-2023,100000,1521.2,Crude Death Rate,991.7,Age-Adjusted Death Rate,952.8,1030.6,2030,,,,,,,
2025,1,Deaths Due to All Causes,Total Population,Total Population,Shasta,57,176682,176682.0,Population,2022,7711,2570.3,Deaths,2021-2023,100000,1454.8,Crude Death Rate,996.4,Age-Adjusted Death Rate,973.1,1019.6,2030,,,,,,,
2025,1,Deaths Due to All Causes,Total Population,Total Population,Del Norte,58,26792,26792.0,Population,2022,1128,376.0,Deaths,2021-2023,100000,1403.4,Crude Death Rate,1030.4,Age-Adjusted Death Rate,967.8,1093.0,2030,,,,,,,
2025,2,Deaths Due to All Cancers,Total Population,Total Population,Mono,1,13898,13898.0,Population,2022,33,11.0,Deaths,2021-2023,100000,79.1,Crude Death Rate,66.0,Age-Adjusted Death Rate,40.9,100.9,2030,C-01,122.7,Y,,,,
2025,2,Deaths Due to All Cancers,Total Population,Total Population,Santa Clara,2,1987898,1987898.0,Population,2022,7087,2362.3,Deaths,2021-2023,100000,118.8,Crude Death Rate,92.6,Age-Adjusted Death Rate,90.4,94.7,2030,C-01,122.7,Y,,,,
2025,2,Deaths Due to All Cancers,Total Population,Total Population,Sierra,3,3077,3077.0,Population,2022,23,7.7,Deaths,2021-2023,100000,249.2,Crude Death Rate,93.5,Age-Adjusted Death Rate,59.3,140.3,2030,C-01,122.7,Y,,,,
2025,2,Deaths Due to All Cancers,Total Population,Total Population,San Mateo,4,777635,777635.0,Population,2022,3323,1107.7,Deaths,2021-2023,100000,142.4,Crude Death Rate,97.2,Age-Adjusted Death Rate,93.8,100.5,2030,C-01,122.7,Y,,,,
2025,2,Deaths Due to All Cancers,Total Population,Total Population,Imperial,5,192960,192960.0,Population,2022,635,211.7,Deaths,2021-2023,100000,109.7,Crude Death Rate,98.7,Age-Adjusted Death Rate,90.9,106.5,2030,C-01,122.7,Y,,,,
2025,2,Deaths Due to All Cancers,Total Population,Total Population,San Francisco,6,897416,897416.0,Population,2022,3800,1266.7,Deaths,2021-2023,100000,141.1,Crude Death Rate,100.6,Age-Adjusted Death Rate,97.3,103.8,2030,C-01,122.7,Y,,,,
2025,2,Deaths Due to All Cancers,Total Population,Total Population,Marin,7,257795,257795.0,Population,2022,1489,496.3,Deaths,2021-2023,100000,192.5,Crude Death Rate,102.5,Age-Adjusted Death Rate,97.1,107.9,2030,C-01,122.7,Y,,,,
2025,2,Deaths Due to All Cancers,Total Population,Total Population,Alameda,8,1689538,1689538.0,Population,2022,6691,2230.3,Deaths,2021-2023,100000,132.0,Crude Death Rate,106.4,Age-Adjusted Death Rate,103.8,108.9,2030,C-01,122.7,Y,,,,
2025,2,Deaths Due to All Cancers,Total Population,Total Population,Trinity,9,13156,13156.0,Population,2022,93,31.0,Deaths,2021-2023,100000,235.6,Crude Death Rate,106.4,Age-Adjusted Death Rate,84.4,132.4,2030,C-01,122.7,Y,,,,
2025,2,Deaths Due to All Cancers,Total Population,Total Population,Colusa,10,22872,22872.0,Population,2022,93,31.0,Deaths,2021-2023,100000,135.5,Crude Death Rate,111.0,Age-Adjusted Death Rate,89.2,136.4,2030,C-01,122.7,Y,,,,
2025,2,Deaths Due to All Cancers,Total Population,Total Population,Monterey,11,447300,447300.0,Population,2022,1754,584.7,Deaths,2021-2023,100000,130.7,Crude Death Rate,111.2,Age-Adjusted Death Rate,106.0,116.5,2030,C-01,122.7,Y,,,,
2025,2,Deaths Due to All Cancers,Total Population,Total Population,Santa Cruz,12,276024,276024.0,Population,2022,1248,416.0,Deaths,2021-2023,100000,150.7,Crude Death Rate,111.6,Age-Adjusted Death Rate,105.2,118.0,2030,C-01,122.7,Y,,,,
2025,2,Deaths Due to All Cancers,Total Population,Total Population,Contra Costa,13,1168294,1168294.0,Population,2022,5391,1797.0,Deaths,2021-2023,100000,153.8,Crude Death Rate,111.9,Age-Adjusted Death Rate,108.9,115.0,2030,C-01,122.7,Y,,,,
2025,2,Deaths Due to All Cancers,Total Population,Total Population,Alpine,14,1139,1139.0,Population,2022,9,3.0,Deaths,2021-2023,100000,263.4,Crude Death Rate,112.0,Age-Adjusted Death Rate,51.2,212.6,2030,C-01,122.7,Y,,,4,Rates with a relative standard error greater than or equal to 23 percent are deemed unreliable.
2025,2,Deaths Due to All Cancers,Total Population,Total Population,Los Angeles,15,10208717,10208717.0,Population,2022,43019,14339.7,Deaths,2021-2023,100000,140.5,Crude Death Rate,112.1,Age-Adjusted Death Rate,111.0,113.2,2030,C-01,122.7,Y,,,,
2025,2,Deaths Due to All Cancers,Total Population,Total Population,Orange,16,3218111,3218111.0,Population,2022,14215,4738.3,Deaths,2021-2023,100000,147.2,Crude Death Rate,112.1,Age-Adjusted Death Rate,110.2,114.0,2030,C-01,122.7,Y,,,,
2025,2,Deaths Due to All Cancers,Total Population,Total Population,Lassen,17,29842,29842.0,Population,2022,138,46.0,Deaths,2021-2023,100000,154.1,Crude Death Rate,115.1,Age-Adjusted Death Rate,95.4,134.8,2030,C-01,122.7,Y,,,,
2025,2,Deaths Due to All Cancers,Total Population,Total Population,Mariposa,18,17556,17556.0,Population,2022,137,45.7,Deaths,2021-2023,100000,260.1,Crude Death Rate,115.2,Age-Adjusted Death Rate,94.5,136.0,2030,C-01,122.7,Y,,,,
2025,2,Deaths Due to All Cancers,Total Population,Total Population,CALIFORNIA,,40146003,40146003.0,Population,2022,180210,60070.0,Deaths,2021-2023,100000,149.6,Crude Death Rate,118.7,Age-Adjusted Death Rate,118.2,119.3,2030,C-01,122.7,Y,,,,
2025,2,Deaths Due to All Cancers,Total Population,Total Population,San Luis Obispo,19,279268,279268.0,Population,2022,1649,549.7,Deaths,2021-2023,100000,196.8,Crude Death Rate,119.7,Age-Adjusted Death Rate,113.5,125.8,2030,C-01,122.7,Y,,,,
2025,2,Deaths Due to All Cancers,Total Population,Total Population,Plumas,20,19041,19041.0,Population,2022,159,53.0,Deaths,2021-2023,100000,278.3,Crude Death Rate,120.2,Age-Adjusted Death Rate,100.1,140.3,2030,C-01,122.7,Y,,,,
2025,2,Deaths Due to All Cancers,Total Population,Total Population,El Dorado,21,190012,190012.0,Population,2022,1149,383.0,Deaths,2021-2023,100000,201.6,Crude Death Rate,120.6,Age-Adjusted Death Rate,113.3,127.9,2030,C-01,122.7,Y,,,,
2025,2,Deaths Due to All Cancers,Total Population,Total Population,Santa Barbara,22,455127,455127.0,Population,2022,2078,692.7,Deaths,2021-2023,100000,152.2,Crude Death Rate,121.4,Age-Adjusted Death Rate,116.1,126.7,2030,C-01,122.7,Y,,,,
2025,2,Deaths Due to All Cancers,Total Population,Total Population,San Diego,23,3356185,3356185.0,Population,2022,15393,5131.0,Deaths,2021-2023,100000,152.9,Crude Death Rate,122.5,Age-Adjusted Death Rate,120.6,124.5,2030,C-01,122.7,Y,,,,
2025,2,Deaths Due to All Cancers,Total Population,Total Population,Napa,24,139518,139518.0,Population,2022,784,261.3,Deaths,2021-2023,100000,187.3,Crude Death Rate,123.6,Age-Adjusted Death Rate,114.7,132.5,2030,C-01,122.7,N,,,,
2025,2,Deaths Due to All Cancers,Total Population,Total Population,Madera,25,162722,162722.0,Population,2022,700,233.3,Deaths,2021-2023,100000,143.4,Crude Death Rate,123.7,Age-Adjusted Death Rate,114.4,132.9,2030,C-01,122.7,N,,,,
2025,2,Deaths Due to All Cancers,Total Population,Total Population,Nevada,26,98157,98157.0,Population,2022,739,246.3,Deaths,2021-2023,100000,251.0,Crude Death Rate,123.8,Age-Adjusted Death Rate,114.1,133.5,2030,C-01,122.7,N,,,,
2025,2,Deaths Due to All Cancers,Total Population,Total Population,Riverside,27,2506351,2506351.0,Population,2022,11841,3947.0,Deaths,2021-2023,100000,157.5,Crude Death Rate,124.4,Age-Adjusted Death Rate,122.1,126.7,2030,C-01,122.7,N,,,,
2025,2,Deaths Due to All Cancers,Total Population,Total Population,Ventura,28,851620,851620.0,Population,2022,4253,1417.7,Deaths,2021-2023,100000,166.5,Crude Death Rate,124.6,Age-Adjusted Death Rate,120.8,128.4,2030,C-01,122.7,N,,,,
2025,2,Deaths Due to All Cancers,Total Population,Total Population,Sonoma,29,502886,502886.0,Population,2022,3095,1031.7,Deaths,2021-2023,100000,205.1,Crude Death Rate,125.2,Age-Adjusted Death Rate,120.6,129.7,2030,C-01,122.7,N,,,,
2025,2,Deaths Due to All Cancers,Total Population,Total Population,Placer,30,400664,400664.0,Population,2022,2494,831.3,Deaths,2021-2023,100000,207.5,Crude Death Rate,125.8,Age-Adjusted Death Rate,120.7,130.9,2030,C-01,122.7,N,,,,
2025,2,Deaths Due to All Cancers,Total Population,Total Population,Fresno,31,1029118,1029118.0,Population,2022,4119,1373.0,Deaths,2021-2023,100000,133.4,Crude Death Rate,128.5,Age-Adjusted Death Rate,124.6,132.5,2030,C-01,122.7,N,,,,
2025,2,Deaths Due to All Cancers,Total Population,Total Population,Inyo,32,18142,18142.0,Population,2022,125,41.7,Deaths,2021-2023,100000,229.7,Crude Death Rate,128.9,Age-Adjusted Death Rate,104.4,153.3,2030,C-01,122.7,N,,,,
2025,2,Deaths Due to All Cancers,Total Population,Total Population,Yolo,33,228380,228380.0,Population,2022,931,310.3,Deaths,2021-2023,100000,135.9,Crude Death Rate,129.4,Age-Adjusted Death Rate,121.0,137.8,2030,C-01,122.7,N,,,,
2025,2,Deaths Due to All Cancers,Total Population,Total Population,Tulare,34,485121,485121.0,Population,2022,1901,633.7,Deaths,2021-2023,100000,130.6,Crude Death Rate,132.1,Age-Adjusted Death Rate,126.1,138.1,2030,C-01,122.7,N,,,,
2025,2,Deaths Due to All Cancers,Total Population,Total Population,Merced,35,288601,288601.0,Population,2022,1100,366.7,Deaths,2021-2023,100000,127.0,Crude Death Rate,132.1,Age-Adjusted Death Rate,124.2,139.9,2030,C-01,122.7,N,,,,
2025,2,Deaths Due to All Cancers,Total Population,Total Population,Sutter,36,99781,99781.0,Population,2022,499,166.3,Deaths,2021-2023,100000,166.7,Crude Death Rate,132.7,Age-Adjusted Death Rate,121.0,144.5,2030,C-01,122.7,N,,,,
2025,2,Deaths Due to All Cancers,Total Population,Total Population,San Bernardino,37,2216865,2216865.0,Population,2022,9217,3072.3,Deaths,2021-2023,100000,138.6,Crude Death Rate,134.3,Age-Adjusted Death Rate,131.5,137.1,2030,C-01,122.7,N,,,,
2025,2,Deaths Due to All Cancers,Total Population,Total Population,San Joaquin,38,783706,783706.0,Population,2022,3440,1146.7,Deaths,2021-2023,100000,146.3,Crude Death Rate,134.8,Age-Adjusted Death Rate,130.2,139.4,2030,C-01,122.7,N,,,,
2025,2,Deaths Due to All Cancers,Total Population,Total Population,Solano,39,448896,448896.0,Population,2022,2466,822.0,Deaths,2021-2023,100000,183.1,Crude Death Rate,136.0,Age-Adjusted Death Rate,130.6,141.5,2030,C-01,122.7,N,,,,
2025,2,Deaths Due to All Cancers,Total Population,Total Population,Tuolumne,40,51670,51670.0,Population,2022,423,141.0,Deaths,2021-2023,100000,272.9,Crude Death Rate,136.0,Age-Adjusted Death Rate,121.9,150.2,2030,C-01,122.7,N,,,,
2025,2,Deaths Due to All Cancers,Total Population,Total Population,Kern,41,929851,929851.0,Population,2022,3640,1213.3,Deaths,2021-2023,100000,130.5,Crude Death Rate,136.6,Age-Adjusted Death Rate,132.1,141.1,2030,C-01,122.7,N,,,,
2025,2,Deaths Due to All Cancers,Total Population,Total Population,Kings,42,156164,156164.0,Population,2022,557,185.7,Deaths,2021-2023,100000,118.9,Crude Death Rate,136.7,Age-Adjusted Death Rate,125.3,148.2,2030,C-01,122.7,N,,,,
2025,2,Deaths Due to All Cancers,Total Population,Total Population,San Benito,43,62124,62124.0,Population,2022,300,100.0,Deaths,2021-2023,100000,161.0,Crude Death Rate,138.1,Age-Adjusted Death Rate,122.1,154.0,2030,C-01,122.7,N,,,,
2025,2,Deaths Due to All Cancers,Total Population,Total Population,Modoc,44,9374,9374.0,Population,2022,75,25.0,Deaths,2021-2023,100000,266.7,Crude Death Rate,141.1,Age-Adjusted Death Rate,108.4,180.5,2030,C-01,122.7,N,,,,
2025,2,Deaths Due to All Cancers,Total Population,Total Population,Amador,45,38161,38161.0,Population,2022,343,114.3,Deaths,2021-2023,100000,299.6,Crude Death Rate,141.5,Age-Adjusted Death Rate,125.7,157.3,2030,C-01,122.7,N,,,,
2025,2,Deaths Due to All Cancers,Total Population,Total Population,Calaveras,46,44150,44150.0,Population,2022,407,135.7,Deaths,2021-2023,100000,307.3,Crude Death Rate,142.0,Age-Adjusted Death Rate,126.5,157.5,2030,C-01,122.7,N,,,,
2025,2,Deaths Due to All Cancers,Total Population,Total Population,Sacramento,47,1571846,1571846.0,Population,2022,7905,2635.0,Deaths,2021-2023,100000,167.6,Crude Death Rate,142.4,Age-Adjusted Death Rate,139.2,145.6,2030,C-01,122.7,N,,,,
2025,2,Deaths Due to All Cancers,Total Population,Total Population,Stanislaus,48,566365,566365.0,Population,2022,2676,892.0,Deaths,2021-2023,100000,157.5,Crude Death Rate,144.3,Age-Adjusted Death Rate,138.7,149.8,2030,C-01,122.7,N,,,,
2025,2,Deaths Due to All Cancers,Total Population,Total Population,Butte,49,227736,227736.0,Population,2022,1370,456.7,Deaths,2021-2023,100000,200.5,Crude Death Rate,146.0,Age-Adjusted Death Rate,138.0,154.0,2030,C-01,122.7,N,,,,
2025,2,Deaths Due to All Cancers,Total Population,Total Population,Mendocino,50,88353,88353.0,Population,2022,654,218.0,Deaths,2021-2023,100000,246.7,Crude Death Rate,155.1,Age-Adjusted Death Rate,142.7,167.5,2030,C-01,122.7,N,,,,
2025,2,Deaths Due to All Cancers,Total Population,Total Population,Siskiyou,51,43169,43169.0,Population,2022,371,123.7,Deaths,2021-2023,100000,286.5,Crude Death Rate,158.2,Age-Adjusted Death Rate,140.2,176.2,2030,C-01,122.7,N,,,,
2025,2,Deaths Due to All Cancers,Total Population,Total Population,Glenn,52,29212,29212.0,Population,2022,176,58.7,Deaths,2021-2023,100000,200.8,Crude Death Rate,160.8,Age-Adjusted Death Rate,136.6,185.1,2030,C-01,122.7,N,,,,
2025,2,Deaths Due to All Cancers,Total Population,Total Population,Shasta,53,176682,176682.0,Population,2022,1333,444.3,Deaths,2021-2023,100000,251.5,Crude Death Rate,163.7,Age-Adjusted Death Rate,154.6,172.8,2030,C-01,122.7,N,,,,
2025,2,Deaths Due to All Cancers,Total Population,Total Population,Yuba,54,78666,78666.0,Population,2022,419,139.7,Deaths,2021-2023,100000,177.5,Crude Death Rate,165.0,Age-Adjusted Death Rate,148.8,181.1,2030,C-01,122.7,N,,,,
2025,2,Deaths Due to All Cancers,Total Population,Total Population,Humboldt,55,134138,134138.0,Population,2022,944,314.7,Deaths,2021-2023,100000,234.6,Crude Death Rate,165.2,Age-Adjusted Death Rate,154.3,176.1,2030,C-01,122.7,N,,,,
2025,2,Deaths Due to All Cancers,Total Population,Total Population,Tehama,56,64023,64023.0,Population,2022,498,166.0,Deaths,2021-2023,100000,259.3,Crude Death Rate,178.1,Age-Adjusted Death Rate,161.8,194.4,2030,C-01,122.7,N,,,,
2025,2,Deaths Due to All Cancers,Total Population,Total Population,Lake,57,64138,64138.0,Population,2022,595,198.3,Deaths,2021-2023,100000,309.2,Crude Death Rate,185.9,Age-Adjusted Death Rate,170.1,201.7,2030,C-01,122.7,N,,,,
2025,2,Deaths Due to All Cancers,Total Population,Total Population,Del Norte,58,26792,26792.0,Population,2022,214,71.3,Deaths,2021-2023,100000,266.2,Crude Death Rate,188.6,Age-Adjusted Death Rate,162.5,214.8,2030,C-01,122.7,N,,,,
2025,3,Deaths Due to Colorectal Cancer,Total Population,Total Population,Mariposa,1,17556,17556.0,Population,2022,9,3.0,Deaths,2021-2023,100000,17.1,Crude Death Rate,7.0,Age-Adjusted Death Rate,3.2,13.4,2030,C-06,8.9,Y,,,4,Rates with a relative standard error greater than or equal to 23 percent are deemed unreliable.
2025,3,Deaths Due to Colorectal Cancer,Total Population,Total Population,Plumas,2,19041,19041.0,Population,2022,10,3.3,Deaths,2021-2023,100000,17.5,Crude Death Rate,7.3,Age-Adjusted Death Rate,3.5,13.3,2030,C-06,8.9,Y,,,4,Rates with a relative standard error greater than or equal to 23 percent are deemed unreliable.
2025,3,Deaths Due to Colorectal Cancer,Total Population,Total Population,San Mateo,3,777635,777635.0,Population,2022,255,85.0,Deaths,2021-2023,100000,10.9,Crude Death Rate,7.6,Age-Adjusted Death Rate,6.6,8.5,2030,C-06,8.9,Y,,,,
2025,3,Deaths Due to Colorectal Cancer,Total Population,Total Population,Santa Clara,4,1987898,1987898.0,Population,2022,644,214.7,Deaths,2021-2023,100000,10.8,Crude Death Rate,8.4,Age-Adjusted Death Rate,7.8,9.1,2030,C-06,8.9,Y,,,,
2025,3,Deaths Due to Colorectal Cancer,Total Population,Total Population,Inyo,5,18142,18142.0,Population,2022,8,2.7,Deaths,2021-2023,100000,14.7,Crude Death Rate,8.7,Age-Adjusted Death Rate,3.5,18.0,2030,C-06,8.9,Y,,,4,Rates with a relative standard error greater than or equal to 23 percent are deemed unreliable.
2025,3,Deaths Due to Colorectal Cancer,Total Population,Total Population,Monterey,6,447300,447300.0,Population,2022,138,46.0,Deaths,2021-2023,100000,10.3,Crude Death Rate,8.8,Age-Adjusted Death Rate,7.3,10.2,2030,C-06,8.9,Y,,,,
2025,3,Deaths Due to Colorectal Cancer,Total Population,Total Population,Imperial,7,192960,192960.0,Population,2022,59,19.7,Deaths,2021-2023,100000,10.2,Crude Death Rate,8.8,Age-Adjusted Death Rate,6.7,11.4,2030,C-06,8.9,Y,,,,
2025,3,Deaths Due to Colorectal Cancer,Total Population,Total Population,Marin,8,257795,257795.0,Population,2022,131,43.7,Deaths,2021-2023,100000,16.9,Crude Death Rate,9.0,Age-Adjusted Death Rate,7.4,10.6,2030,C-06,8.9,N,,,,
2025,3,Deaths Due to Colorectal Cancer,Total Population,Total Population,San Francisco,9,897416,897416.0,Population,2022,340,113.3,Deaths,2021-2023,100000,12.6,Crude Death Rate,9.1,Age-Adjusted Death Rate,8.1,10.1,2030,C-06,8.9,N,,,,
2025,3,Deaths Due to Colorectal Cancer,Total Population,Total Population,Glenn,10,29212,29212.0,Population,2022,10,3.3,Deaths,2021-2023,100000,11.4,Crude Death Rate,9.1,Age-Adjusted Death Rate,4.4,16.8,2030,C-06,8.9,N,,,4,Rates with a relative standard error greater than or equal to 23 percent are deemed unreliable.
2025,3,Deaths Due to Colorectal Cancer,Total Population,Total Population,Alameda,11,1689538,1689538.0,Population,2022,581,193.7,Deaths,2021-2023,100000,11.5,Crude Death Rate,9.3,Age-Adjusted Death Rate,8.6,10.1,2030,C-06,8.9,N,,,,
2025,3,Deaths Due to Colorectal Cancer,Total Population,Total Population,Santa Barbara,12,455127,455127.0,Population,2022,163,54.3,Deaths,2021-2023,100000,11.9,Crude Death Rate,9.4,Age-Adjusted Death Rate,7.9,10.8,2030,C-06,8.9,N,,,,
2025,3,Deaths Due to Colorectal Cancer,Total Population,Total Population,Trinity,13,13156,13156.0,Population,2022,8,2.7,Deaths,2021-2023,100000,20.3,Crude Death Rate,9.6,Age-Adjusted Death Rate,4.2,19.0,2030,C-06,8.9,N,,,4,Rates with a relative standard error greater than or equal to 23 percent are deemed unreliable.
2025,3,Deaths Due to Colorectal Cancer,Total Population,Total Population,Contra Costa,14,1168294,1168294.0,Population,2022,465,155.0,Deaths,2021-2023,100000,13.3,Crude Death Rate,9.8,Age-Adjusted Death Rate,8.9,10.7,2030,C-06,8.9,N,,,,
2025,3,Deaths Due to Colorectal Cancer,Total Population,Total Population,Yolo,15,228380,228380.0,Population,2022,69,23.0,Deaths,2021-2023,100000,10.1,Crude Death Rate,9.9,Age-Adjusted Death Rate,7.7,12.5,2030,C-06,8.9,N,,,,
2025,3,Deaths Due to Colorectal Cancer,Total Population,Total Population,Orange,16,3218111,3218111.0,Population,2022,1263,421.0,Deaths,2021-2023,100000,13.1,Crude Death Rate,10.1,Age-Adjusted Death Rate,9.5,10.6,2030,C-06,8.9,N,,,,
2025,3,Deaths Due to Colorectal Cancer,Total Population,Total Population,Mono,17,13898,13898.0,Population,2022,5,1.7,Deaths,2021-2023,100000,12.0,Crude Death Rate,10.1,Age-Adjusted Death Rate,3.3,23.6,2030,C-06,8.9,N,,,4,Rates with a relative standard error greater than or equal to 23 percent are deemed unreliable.
2025,3,Deaths Due to Colorectal Cancer,Total Population,Total Population,Santa Cruz,18,276024,276024.0,Population,2022,111,37.0,Deaths,2021-2023,100000,13.4,Crude Death Rate,10.2,Age-Adjusted Death Rate,8.2,12.1,2030,C-06,8.9,N,,,,
2025,3,Deaths Due to Colorectal Cancer,Total Population,Total Population,Alpine,19,1139,1139.0,Population,2022,1,0.3,Deaths,2021-2023,100000,29.3,Crude Death Rate,10.3,Age-Adjusted Death Rate,0.3,57.6,2030,C-06,8.9,N,,,4,Rates with a relative standard error greater than or equal to 23 percent are deemed unreliable.
2025,3,Deaths Due to Colorectal Cancer,Total Population,Total Population,San Luis Obispo,20,279268,279268.0,Population,2022,137,45.7,Deaths,2021-2023,100000,16.4,Crude Death Rate,10.4,Age-Adjusted Death Rate,8.5,12.2,2030,C-06,8.9,N,,,,
2025,3,Deaths Due to Colorectal Cancer,Total Population,Total Population,Madera,21,162722,162722.0,Population,2022,60,20.0,Deaths,2021-2023,100000,12.3,Crude Death Rate,10.6,Age-Adjusted Death Rate,8.1,13.7,2030,C-06,8.9,N,,,,
2025,3,Deaths Due to Colorectal Cancer,Total Population,Total Population,Placer,22,400664,400664.0,Population,2022,200,66.7,Deaths,2021-2023,100000,16.6,Crude Death Rate,10.7,Age-Adjusted Death Rate,9.2,12.3,2030,C-06,8.9,N,,,,
2025,3,Deaths Due to Colorectal Cancer,Total Population,Total Population,Sonoma,23,502886,502886.0,Population,2022,258,86.0,Deaths,2021-2023,100000,17.1,Crude Death Rate,11.0,Age-Adjusted Death Rate,9.6,12.4,2030,C-06,8.9,N,,,,
2025,3,Deaths Due to Colorectal Cancer,Total Population,Total Population,San Diego,24,3356185,3356185.0,Population,2022,1367,455.7,Deaths,2021-2023,100000,13.6,Crude Death Rate,11.1,Age-Adjusted Death Rate,10.5,11.7,2030,C-06,8.9,N,,,,
2025,3,Deaths Due to Colorectal Cancer,Total Population,Total Population,CALIFORNIA,,40146003,40146003.0,Population,2022,16821,5607.0,Deaths,2021-2023,100000,14.0,Crude Death Rate,11.2,Age-Adjusted Death Rate,11.0,11.4,2030,C-06,8.9,N,,,,
2025,3,Deaths Due to Colorectal Cancer,Total Population,Total Population,Los Angeles,25,10208717,10208717.0,Population,2022,4321,1440.3,Deaths,2021-2023,100000,14.1,Crude Death Rate,11.3,Age-Adjusted Death Rate,10.9,11.6,2030,C-06,8.9,N,,,,
2025,3,Deaths Due to Colorectal Cancer,Total Population,Total Population,Lassen,26,29842,29842.0,Population,2022,13,4.3,Deaths,2021-2023,100000,14.5,Crude Death Rate,11.3,Age-Adjusted Death Rate,5.8,19.7,2030,C-06,8.9,N,,,4,Rates with a relative standard error greater than or equal to 23 percent are deemed unreliable.
2025,3,Deaths Due to Colorectal Cancer,Total Population,Total Population,Nevada,27,98157,98157.0,Population,2022,65,21.7,Deaths,2021-2023,100000,22.1,Crude Death Rate,11.7,Age-Adjusted Death Rate,8.8,15.2,2030,C-06,8.9,N,,,,
2025,3,Deaths Due to Colorectal Cancer,Total Population,Total Population,Ventura,28,851620,851620.0,Population,2022,403,134.3,Deaths,2021-2023,100000,15.8,Crude Death Rate,12.0,Age-Adjusted Death Rate,10.8,13.2,2030,C-06,8.9,N,,,,
2025,3,Deaths Due to Colorectal Cancer,Total Population,Total Population,Fresno,29,1029118,1029118.0,Population,2022,386,128.7,Deaths,2021-2023,100000,12.5,Crude Death Rate,12.2,Age-Adjusted Death Rate,11.0,13.4,2030,C-06,8.9,N,,,,
2025,3,Deaths Due to Colorectal Cancer,Total Population,Total Population,El Dorado,30,190012,190012.0,Population,2022,103,34.3,Deaths,2021-2023,100000,18.1,Crude Death Rate,12.2,Age-Adjusted Death Rate,9.6,14.8,2030,C-06,8.9,N,,,,
2025,3,Deaths Due to Colorectal Cancer,Total Population,Total Population,Humboldt,31,134138,134138.0,Population,2022,69,23.0,Deaths,2021-2023,100000,17.1,Crude Death Rate,12.2,Age-Adjusted Death Rate,9.4,15.5,2030,C-06,8.9,N,,,,
2025,3,Deaths Due to Colorectal Cancer,Total Population,Total Population,Sutter,32,99781,99781.0,Population,2022,46,15.3,Deaths,2021-2023,100000,15.4,Crude Death Rate,12.2,Age-Adjusted Death Rate,8.9,16.3,2030,C-06,8.9,N,,,,
2025,3,Deaths Due to Colorectal Cancer,Total Population,Total Population,Solano,33,448896,448896.0,Population,2022,222,74.0,Deaths,2021-2023,100000,16.5,Crude Death Rate,12.5,Age-Adjusted Death Rate,10.8,14.2,2030,C-06,8.9,N,,,,
2025,3,Deaths Due to Colorectal Cancer,Total Population,Total Population,San Joaquin,34,783706,783706.0,Population,2022,317,105.7,Deaths,2021-2023,100000,13.5,Crude Death Rate,12.6,Age-Adjusted Death Rate,11.1,14.0,2030,C-06,8.9,N,,,,
2025,3,Deaths Due to Colorectal Cancer,Total Population,Total Population,Amador,35,38161,38161.0,Population,2022,31,10.3,Deaths,2021-2023,100000,27.1,Crude Death Rate,12.6,Age-Adjusted Death Rate,8.4,18.2,2030,C-06,8.9,N,,,,
2025,3,Deaths Due to Colorectal Cancer,Total Population,Total Population,Tuolumne,36,51670,51670.0,Population,2022,36,12.0,Deaths,2021-2023,100000,23.2,Crude Death Rate,12.7,Age-Adjusted Death Rate,8.5,18.4,2030,C-06,8.9,N,,,,
2025,3,Deaths Due to Colorectal Cancer,Total Population,Total Population,Riverside,37,2506351,2506351.0,Population,2022,1215,405.0,Deaths,2021-2023,100000,16.2,Crude Death Rate,13.0,Age-Adjusted Death Rate,12.3,13.8,2030,C-06,8.9,N,,,,
2025,3,Deaths Due to Colorectal Cancer,Total Population,Total Population,Napa,38,139518,139518.0,Population,2022,76,25.3,Deaths,2021-2023,100000,18.2,Crude Death Rate,13.0,Age-Adjusted Death Rate,10.1,16.4,2030,C-06,8.9,N,,,,
2025,3,Deaths Due to Colorectal Cancer,Total Population,Total Population,Stanislaus,39,566365,566365.0,Population,2022,239,79.7,Deaths,2021-2023,100000,14.1,Crude Death Rate,13.1,Age-Adjusted Death Rate,11.4,14.8,2030,C-06,8.9,N,,,,
2025,3,Deaths Due to Colorectal Cancer,Total Population,Total Population,Shasta,40,176682,176682.0,Population,2022,106,35.3,Deaths,2021-2023,100000,20.0,Crude Death Rate,13.2,Age-Adjusted Death Rate,10.6,15.9,2030,C-06,8.9,N,,,,
2025,3,Deaths Due to Colorectal Cancer,Total Population,Total Population,Kings,41,156164,156164.0,Population,2022,55,18.3,Deaths,2021-2023,100000,11.7,Crude Death Rate,13.3,Age-Adjusted Death Rate,10.0,17.4,2030,C-06,8.9,N,,,,
2025,3,Deaths Due to Colorectal Cancer,Total Population,Total Population,Merced,42,288601,288601.0,Population,2022,111,37.0,Deaths,2021-2023,100000,12.8,Crude Death Rate,13.4,Age-Adjusted Death Rate,10.9,15.9,2030,C-06,8.9,N,,,,
2025,3,Deaths Due to Colorectal Cancer,Total Population,Total Population,San Bernardino,43,2216865,2216865.0,Population,2022,922,307.3,Deaths,2021-2023,100000,13.9,Crude Death Rate,13.5,Age-Adjusted Death Rate,12.6,14.3,2030,C-06,8.9,N,,,,
2025,3,Deaths Due to Colorectal Cancer,Total Population,Total Population,Sacramento,44,1571846,1571846.0,Population,2022,748,249.3,Deaths,2021-2023,100000,15.9,Crude Death Rate,13.7,Age-Adjusted Death Rate,12.7,14.7,2030,C-06,8.9,N,,,,
2025,3,Deaths Due to Colorectal Cancer,Total Population,Total Population,Butte,45,227736,227736.0,Population,2022,118,39.3,Deaths,2021-2023,100000,17.3,Crude Death Rate,13.7,Age-Adjusted Death Rate,11.1,16.3,2030,C-06,8.9,N,,,,
2025,3,Deaths Due to Colorectal Cancer,Total Population,Total Population,San Benito,46,62124,62124.0,Population,2022,31,10.3,Deaths,2021-2023,100000,16.6,Crude Death Rate,13.9,Age-Adjusted Death Rate,9.3,20.0,2030,C-06,8.9,N,,,,
2025,3,Deaths Due to Colorectal Cancer,Total Population,Total Population,Mendocino,47,88353,88353.0,Population,2022,55,18.3,Deaths,2021-2023,100000,20.8,Crude Death Rate,14.3,Age-Adjusted Death Rate,10.6,18.8,2030,C-06,8.9,N,,,,
2025,3,Deaths Due to Colorectal Cancer,Total Population,Total Population,Kern,48,929851,929851.0,Population,2022,392,130.7,Deaths,2021-2023,100000,14.1,Crude Death Rate,14.7,Age-Adjusted Death Rate,13.2,16.2,2030,C-06,8.9,N,,,,
2025,3,Deaths Due to Colorectal Cancer,Total Population,Total Population,Siskiyou,49,43169,43169.0,Population,2022,31,10.3,Deaths,2021-2023,100000,23.9,Crude Death Rate,14.7,Age-Adjusted Death Rate,9.4,21.8,2030,C-06,8.9,N,,,,
2025,3,Deaths Due to Colorectal Cancer,Total Population,Total Population,Modoc,50,9374,9374.0,Population,2022,7,2.3,Deaths,2021-2023,100000,24.9,Crude Death Rate,14.7,Age-Adjusted Death Rate,5.4,32.0,2030,C-06,8.9,N,,,4,Rates with a relative standard error greater than or equal to 23 percent are deemed unreliable.
2025,3,Deaths Due to Colorectal Cancer,Total Population,Total Population,Tulare,51,485121,485121.0,Population,2022,209,69.7,Deaths,2021-2023,100000,14.4,Crude Death Rate,14.9,Age-Adjusted Death Rate,12.8,16.9,2030,C-06,8.9,N,,,,
2025,3,Deaths Due to Colorectal Cancer,Total Population,Total Population,Tehama,52,64023,64023.0,Population,2022,37,12.3,Deaths,2021-2023,100000,19.3,Crude Death Rate,15.0,Age-Adjusted Death Rate,10.4,21.1,2030,C-06,8.9,N,,,,
2025,3,Deaths Due to Colorectal Cancer,Total Population,Total Population,Colusa,53,22872,22872.0,Population,2022,13,4.3,Deaths,2021-2023,100000,18.9,Crude Death Rate,15.2,Age-Adjusted Death Rate,8.1,25.9,2030,C-06,8.9,N,,,4,Rates with a relative standard error greater than or equal to 23 percent are deemed unreliable.
2025,3,Deaths Due to Colorectal Cancer,Total Population,Total Population,Yuba,54,78666,78666.0,Population,2022,36,12.0,Deaths,2021-2023,100000,15.3,Crude Death Rate,15.3,Age-Adjusted Death Rate,10.7,21.3,2030,C-06,8.9,N,,,,
2025,3,Deaths Due to Colorectal Cancer,Total Population,Total Population,Lake,55,64138,64138.0,Population,2022,53,17.7,Deaths,2021-2023,100000,27.5,Crude Death Rate,15.5,Age-Adjusted Death Rate,11.5,20.5,2030,C-06,8.9,N,,,,
2025,3,Deaths Due to Colorectal Cancer,Total Population,Total Population,Del Norte,56,26792,26792.0,Population,2022,19,6.3,Deaths,2021-2023,100000,23.6,Crude Death Rate,16.7,Age-Adjusted Death Rate,9.7,26.7,2030,C-06,8.9,N,,,4,Rates with a relative standard error greater than or equal to 23 percent are deemed unreliable.
2025,3,Deaths Due to Colorectal Cancer,Total Population,Total Population,Calaveras,57,44150,44150.0,Population,2022,40,13.3,Deaths,2021-2023,100000,30.2,Crude Death Rate,17.1,Age-Adjusted Death Rate,11.3,24.9,2030,C-06,8.9,N,,,,
2025,3,Deaths Due to Colorectal Cancer,Total Population,Total Population,Sierra,58,3077,3077.0,Population,2022,4,1.3,Deaths,2021-2023,100000,43.3,Crude Death Rate,17.5,Age-Adjusted Death Rate,4.8,44.7,2030,C-06,8.9,N,,,4,Rates with a relative standard error greater than or equal to 23 percent are deemed unreliable.
2025,4,Deaths Due to Lung Cancer,Total Population,Total Population,Mono,1,13898,13898.0,Population,2022,4,1.3,Deaths,2021-2023,100000,9.6,Crude Death Rate,5.7,Age-Adjusted Death Rate,1.6,14.6,2030,C-02,25.1,Y,,,4,Rates with a relative standard error greater than or equal to 23 percent are deemed unreliable.
2025,4,Deaths Due to Lung Cancer,Total Population,Total Population,Santa Clara,2,1987898,1987898.0,Population,2022,1115,371.7,Deaths,2021-2023,100000,18.7,Crude Death Rate,14.4,Age-Adjusted Death Rate,13.5,15.2,2030,C-02,25.1,Y,,,,
2025,4,Deaths Due to Lung Cancer,Total Population,Total Population,San Mateo,3,777635,777635.0,Population,2022,534,178.0,Deaths,2021-2023,100000,22.9,Crude Death Rate,15.4,Age-Adjusted Death Rate,14.0,16.7,2030,C-02,25.1,Y,,,,
2025,4,Deaths Due to Lung Cancer,Total Population,Total Population,Marin,4,257795,257795.0,Population,2022,234,78.0,Deaths,2021-2023,100000,30.3,Crude Death Rate,15.4,Age-Adjusted Death Rate,13.4,17.4,2030,C-02,25.1,Y,,,,
2025,4,Deaths Due to Lung Cancer,Total Population,Total Population,Inyo,5,18142,18142.0,Population,2022,17,5.7,Deaths,2021-2023,100000,31.2,Crude Death Rate,16.5,Age-Adjusted Death Rate,9.6,26.3,2030,C-02,25.1,Y,,,4,Rates with a relative standard error greater than or equal to 23 percent are deemed unreliable.
2025,4,Deaths Due to Lung Cancer,Total Population,Total Population,Santa Cruz,6,276024,276024.0,Population,2022,189,63.0,Deaths,2021-2023,100000,22.8,Crude Death Rate,16.7,Age-Adjusted Death Rate,14.3,19.2,2030,C-02,25.1,Y,,,,
2025,4,Deaths Due to Lung Cancer,Total Population,Total Population,Imperial,7,192960,192960.0,Population,2022,108,36.0,Deaths,2021-2023,100000,18.7,Crude Death Rate,16.7,Age-Adjusted Death Rate,13.5,19.9,2030,C-02,25.1,Y,,,,
2025,4,Deaths Due to Lung Cancer,Total Population,Total Population,Monterey,8,447300,447300.0,Population,2022,276,92.0,Deaths,2021-2023,100000,20.6,Crude Death Rate,17.2,Age-Adjusted Death Rate,15.1,19.2,2030,C-02,25.1,Y,,,,
2025,4,Deaths Due to Lung Cancer,Total Population,Total Population,Los Angeles,9,10208717,10208717.0,Population,2022,6764,2254.7,Deaths,2021-2023,100000,22.1,Crude Death Rate,17.4,Age-Adjusted Death Rate,17.0,17.8,2030,C-02,25.1,Y,,,,
2025,4,Deaths Due to Lung Cancer,Total Population,Total Population,San Luis Obispo,10,279268,279268.0,Population,2022,252,84.0,Deaths,2021-2023,100000,30.1,Crude Death Rate,17.5,Age-Adjusted Death Rate,15.3,19.8,2030,C-02,25.1,Y,,,,
2025,4,Deaths Due to Lung Cancer,Total Population,Total Population,Alameda,11,1689538,1689538.0,Population,2022,1141,380.3,Deaths,2021-2023,100000,22.5,Crude Death Rate,18.0,Age-Adjusted Death Rate,17.0,19.1,2030,C-02,25.1,Y,,,,
2025,4,Deaths Due to Lung Cancer,Total Population,Total Population,El Dorado,12,190012,190012.0,Population,2022,185,61.7,Deaths,2021-2023,100000,32.5,Crude Death Rate,18.1,Age-Adjusted Death Rate,15.5,20.8,2030,C-02,25.1,Y,,,,
2025,4,Deaths Due to Lung Cancer,Total Population,Total Population,Contra Costa,13,1168294,1168294.0,Population,2022,910,303.3,Deaths,2021-2023,100000,26.0,Crude Death Rate,18.4,Age-Adjusted Death Rate,17.2,19.6,2030,C-02,25.1,Y,,,,
2025,4,Deaths Due to Lung Cancer,Total Population,Total Population,Orange,14,3218111,3218111.0,Population,2022,2381,793.7,Deaths,2021-2023,100000,24.7,Crude Death Rate,18.6,Age-Adjusted Death Rate,17.8,19.3,2030,C-02,25.1,Y,,,,
2025,4,Deaths Due to Lung Cancer,Total Population,Total Population,Ventura,15,851620,851620.0,Population,2022,676,225.3,Deaths,2021-2023,100000,26.5,Crude Death Rate,19.4,Age-Adjusted Death Rate,17.9,20.8,2030,C-02,25.1,Y,,,,
2025,4,Deaths Due to Lung Cancer,Total Population,Total Population,Napa,16,139518,139518.0,Population,2022,130,43.3,Deaths,2021-2023,100000,31.1,Crude Death Rate,19.5,Age-Adjusted Death Rate,16.1,22.9,2030,C-02,25.1,Y,,,,
2025,4,Deaths Due to Lung Cancer,Total Population,Total Population,CALIFORNIA,,40146003,40146003.0,Population,2022,30376,10125.3,Deaths,2021-2023,100000,25.2,Crude Death Rate,19.7,Age-Adjusted Death Rate,19.5,19.9,2030,C-02,25.1,Y,,,,
2025,4,Deaths Due to Lung Cancer,Total Population,Total Population,San Diego,17,3356185,3356185.0,Population,2022,2539,846.3,Deaths,2021-2023,100000,25.2,Crude Death Rate,19.9,Age-Adjusted Death Rate,19.1,20.7,2030,C-02,25.1,Y,,,,
2025,4,Deaths Due to Lung Cancer,Total Population,Total Population,Santa Barbara,18,455127,455127.0,Population,2022,350,116.7,Deaths,2021-2023,100000,25.6,Crude Death Rate,19.9,Age-Adjusted Death Rate,17.8,22.0,2030,C-02,25.1,Y,,,,
2025,4,Deaths Due to Lung Cancer,Total Population,Total Population,Sonoma,19,502886,502886.0,Population,2022,518,172.7,Deaths,2021-2023,100000,34.3,Crude Death Rate,20.1,Age-Adjusted Death Rate,18.4,21.9,2030,C-02,25.1,Y,,,,
2025,4,Deaths Due to Lung Cancer,Total Population,Total Population,Tulare,20,485121,485121.0,Population,2022,291,97.0,Deaths,2021-2023,100000,20.0,Crude Death Rate,20.1,Age-Adjusted Death Rate,17.8,22.4,2030,C-02,25.1,Y,,,,
2025,4,Deaths Due to Lung Cancer,Total Population,Total Population,San Francisco,21,897416,897416.0,Population,2022,759,253.0,Deaths,2021-2023,100000,28.2,Crude Death Rate,20.3,Age-Adjusted Death Rate,18.8,21.7,2030,C-02,25.1,Y,,,,
2025,4,Deaths Due to Lung Cancer,Total Population,Total Population,Lassen,22,29842,29842.0,Population,2022,26,8.7,Deaths,2021-2023,100000,29.0,Crude Death Rate,20.6,Age-Adjusted Death Rate,13.4,30.1,2030,C-02,25.1,Y,,,,
2025,4,Deaths Due to Lung Cancer,Total Population,Total Population,Madera,23,162722,162722.0,Population,2022,117,39.0,Deaths,2021-2023,100000,24.0,Crude Death Rate,20.7,Age-Adjusted Death Rate,16.9,24.5,2030,C-02,25.1,Y,,,,
2025,4,Deaths Due to Lung Cancer,Total Population,Total Population,San Benito,24,62124,62124.0,Population,2022,45,15.0,Deaths,2021-2023,100000,24.1,Crude Death Rate,20.8,Age-Adjusted Death Rate,15.1,28.0,2030,C-02,25.1,Y,,,,
2025,4,Deaths Due to Lung Cancer,Total Population,Total Population,Riverside,25,2506351,2506351.0,Population,2022,2108,702.7,Deaths,2021-2023,100000,28.0,Crude Death Rate,21.6,Age-Adjusted Death Rate,20.7,22.6,2030,C-02,25.1,Y,,,,
2025,4,Deaths Due to Lung Cancer,Total Population,Total Population,Placer,26,400664,400664.0,Population,2022,447,149.0,Deaths,2021-2023,100000,37.2,Crude Death Rate,21.6,Age-Adjusted Death Rate,19.6,23.6,2030,C-02,25.1,Y,,,,
2025,4,Deaths Due to Lung Cancer,Total Population,Total Population,Nevada,27,98157,98157.0,Population,2022,143,47.7,Deaths,2021-2023,100000,48.6,Crude Death Rate,21.6,Age-Adjusted Death Rate,18.0,25.2,2030,C-02,25.1,Y,,,,
2025,4,Deaths Due to Lung Cancer,Total Population,Total Population,San Bernardino,28,2216865,2216865.0,Population,2022,1503,501.0,Deaths,2021-2023,100000,22.6,Crude Death Rate,22.0,Age-Adjusted Death Rate,20.9,23.2,2030,C-02,25.1,Y,,,,
2025,4,Deaths Due to Lung Cancer,Total Population,Total Population,Merced,29,288601,288601.0,Population,2022,186,62.0,Deaths,2021-2023,100000,21.5,Crude Death Rate,22.1,Age-Adjusted Death Rate,18.9,25.3,2030,C-02,25.1,Y,,,,
2025,4,Deaths Due to Lung Cancer,Total Population,Total Population,Yolo,30,228380,228380.0,Population,2022,164,54.7,Deaths,2021-2023,100000,23.9,Crude Death Rate,22.3,Age-Adjusted Death Rate,18.9,25.8,2030,C-02,25.1,Y,,,,
2025,4,Deaths Due to Lung Cancer,Total Population,Total Population,Mariposa,31,17556,17556.0,Population,2022,29,9.7,Deaths,2021-2023,100000,55.1,Crude Death Rate,22.5,Age-Adjusted Death Rate,15.0,32.6,2030,C-02,25.1,Y,,,,
2025,4,Deaths Due to Lung Cancer,Total Population,Total Population,Kern,32,929851,929851.0,Population,2022,608,202.7,Deaths,2021-2023,100000,21.8,Crude Death Rate,22.7,Age-Adjusted Death Rate,20.9,24.6,2030,C-02,25.1,Y,,,,
2025,4,Deaths Due to Lung Cancer,Total Population,Total Population,Colusa,33,22872,22872.0,Population,2022,20,6.7,Deaths,2021-2023,100000,29.1,Crude Death Rate,23.0,Age-Adjusted Death Rate,14.0,35.5,2030,C-02,25.1,Y,,,,
2025,4,Deaths Due to Lung Cancer,Total Population,Total Population,Fresno,34,1029118,1029118.0,Population,2022,751,250.3,Deaths,2021-2023,100000,24.3,Crude Death Rate,23.2,Age-Adjusted Death Rate,21.5,24.8,2030,C-02,25.1,Y,,,,
2025,4,Deaths Due to Lung Cancer,Total Population,Total Population,San Joaquin,35,783706,783706.0,Population,2022,600,200.0,Deaths,2021-2023,100000,25.5,Crude Death Rate,23.2,Age-Adjusted Death Rate,21.3,25.1,2030,C-02,25.1,Y,,,,
2025,4,Deaths Due to Lung Cancer,Total Population,Total Population,Alpine,36,1139,1139.0,Population,2022,2,0.7,Deaths,2021-2023,100000,58.5,Crude Death Rate,23.3,Age-Adjusted Death Rate,2.8,84.0,2030,C-02,25.1,Y,,,4,Rates with a relative standard error greater than or equal to 23 percent are deemed unreliable.
2025,4,Deaths Due to Lung Cancer,Total Population,Total Population,Plumas,37,19041,19041.0,Population,2022,30,10.0,Deaths,2021-2023,100000,52.5,Crude Death Rate,23.8,Age-Adjusted Death Rate,15.2,35.4,2030,C-02,25.1,Y,,,,
2025,4,Deaths Due to Lung Cancer,Total Population,Total Population,Stanislaus,38,566365,566365.0,Population,2022,453,151.0,Deaths,2021-2023,100000,26.7,Crude Death Rate,24.1,Age-Adjusted Death Rate,21.9,26.4,2030,C-02,25.1,Y,,,,
2025,4,Deaths Due to Lung Cancer,Total Population,Total Population,Tuolumne,39,51670,51670.0,Population,2022,81,27.0,Deaths,2021-2023,100000,52.3,Crude Death Rate,24.1,Age-Adjusted Death Rate,19.1,30.1,2030,C-02,25.1,Y,,,,
2025,4,Deaths Due to Lung Cancer,Total Population,Total Population,Solano,40,448896,448896.0,Population,2022,462,154.0,Deaths,2021-2023,100000,34.3,Crude Death Rate,24.7,Age-Adjusted Death Rate,22.4,27.0,2030,C-02,25.1,Y,,,,
2025,4,Deaths Due to Lung Cancer,Total Population,Total Population,Sacramento,41,1571846,1571846.0,Population,2022,1402,467.3,Deaths,2021-2023,100000,29.7,Crude Death Rate,24.9,Age-Adjusted Death Rate,23.6,26.2,2030,C-02,25.1,Y,,,,
2025,4,Deaths Due to Lung Cancer,Total Population,Total Population,Sierra,42,3077,3077.0,Population,2022,6,2.0,Deaths,2021-2023,100000,65.0,Crude Death Rate,25.1,Age-Adjusted Death Rate,9.2,54.7,2030,C-02,25.1,Y,,,4,Rates with a relative standard error greater than or equal to 23 percent are deemed unreliable.
2025,4,Deaths Due to Lung Cancer,Total Population,Total Population,Calaveras,43,44150,44150.0,Population,2022,82,27.3,Deaths,2021-2023,100000,61.9,Crude Death Rate,26.5,Age-Adjusted Death Rate,20.7,33.5,2030,C-02,25.1,N,,,,
2025,4,Deaths Due to Lung Cancer,Total Population,Total Population,Kings,44,156164,156164.0,Population,2022,110,36.7,Deaths,2021-2023,100000,23.5,Crude Death Rate,27.0,Age-Adjusted Death Rate,21.9,32.1,2030,C-02,25.1,N,,,,
2025,4,Deaths Due to Lung Cancer,Total Population,Total Population,Butte,45,227736,227736.0,Population,2022,277,92.3,Deaths,2021-2023,100000,40.5,Crude Death Rate,28.7,Age-Adjusted Death Rate,25.2,32.1,2030,C-02,25.1,N,,,,
2025,4,Deaths Due to Lung Cancer,Total Population,Total Population,Glenn,46,29212,29212.0,Population,2022,32,10.7,Deaths,2021-2023,100000,36.5,Crude Death Rate,29.0,Age-Adjusted Death Rate,19.7,41.2,2030,C-02,25.1,N,,,,
2025,4,Deaths Due to Lung Cancer,Total Population,Total Population,Sutter,47,99781,99781.0,Population,2022,110,36.7,Deaths,2021-2023,100000,36.7,Crude Death Rate,29.1,Age-Adjusted Death Rate,23.7,34.6,2030,C-02,25.1,N,,,,
2025,4,Deaths Due to Lung Cancer,Total Population,Total Population,Amador,48,38161,38161.0,Population,2022,76,25.3,Deaths,2021-2023,100000,66.4,Crude Death Rate,29.5,Age-Adjusted Death Rate,23.2,36.9,2030,C-02,25.1,N,,,,
2025,4,Deaths Due to Lung Cancer,Total Population,Total Population,Mendocino,49,88353,88353.0,Population,2022,131,43.7,Deaths,2021-2023,100000,49.4,Crude Death Rate,30.0,Age-Adjusted Death Rate,24.7,35.3,2030,C-02,25.1,N,,,,
2025,4,Deaths Due to Lung Cancer,Total Population,Total Population,Siskiyou,50,43169,43169.0,Population,2022,77,25.7,Deaths,2021-2023,100000,59.5,Crude Death Rate,31.1,Age-Adjusted Death Rate,24.0,39.5,2030,C-02,25.1,N,,,,
2025,4,Deaths Due to Lung Cancer,Total Population,Total Population,Humboldt,51,134138,134138.0,Population,2022,194,64.7,Deaths,2021-2023,100000,48.2,Crude Death Rate,32.2,Age-Adjusted Death Rate,27.6,36.9,2030,C-02,25.1,N,,,,
2025,4,Deaths Due to Lung Cancer,Total Population,Total Population,Trinity,52,13156,13156.0,Population,2022,31,10.3,Deaths,2021-2023,100000,78.5,Crude Death Rate,32.8,Age-Adjusted Death Rate,22.1,46.8,2030,C-02,25.1,N,,,,
2025,4,Deaths Due to Lung Cancer,Total Population,Total Population,Shasta,53,176682,176682.0,Population,2022,286,95.3,Deaths,2021-2023,100000,54.0,Crude Death Rate,34.0,Age-Adjusted Death Rate,30.0,38.1,2030,C-02,25.1,N,,,,
2025,4,Deaths Due to Lung Cancer,Total Population,Total Population,Del Norte,54,26792,26792.0,Population,2022,42,14.0,Deaths,2021-2023,100000,52.3,Crude Death Rate,35.0,Age-Adjusted Death Rate,25.1,47.4,2030,C-02,25.1,N,,,,
2025,4,Deaths Due to Lung Cancer,Total Population,Total Population,Lake,55,64138,64138.0,Population,2022,129,43.0,Deaths,2021-2023,100000,67.0,Crude Death Rate,36.8,Age-Adjusted Death Rate,30.3,43.2,2030,C-02,25.1,N,,,,
2025,4,Deaths Due to Lung Cancer,Total Population,Total Population,Yuba,56,78666,78666.0,Population,2022,98,32.7,Deaths,2021-2023,100000,41.5,Crude Death Rate,37.2,Age-Adjusted Death Rate,30.1,45.5,2030,C-02,25.1,N,,,,
2025,4,Deaths Due to Lung Cancer,Total Population,Total Population,Modoc,57,9374,9374.0,Population,2022,24,8.0,Deaths,2021-2023,100000,85.3,Crude Death Rate,41.3,Age-Adjusted Death Rate,26.2,62.0,2030,C-02,25.1,N,,,,
2025,4,Deaths Due to Lung Cancer,Total Population,Total Population,Tehama,58,64023,64023.0,Population,2022,121,40.3,Deaths,2021-2023,100000,63.0,Crude Death Rate,41.7,Age-Adjusted Death Rate,34.0,49.3,2030,C-02,25.1,N,,,,
2025,5,Deaths Due to Female Breast Cancer,Sex,Female,Alpine,1,576,576.0,Female Population,2022,0,0.0,Deaths,2021-2023,100000,,Crude Death Rate,,Age-Adjusted Death Rate,,,2030,C-04,15.3,Y,,,3,Rates for zero events have not been calculated.
2025,5,Deaths Due to Female Breast Cancer,Sex,Female,Mono,2,6552,6552.0,Female Population,2022,2,0.7,Deaths,2021-2023,100000,10.2,Crude Death Rate,5.1,Age-Adjusted Death Rate,0.6,18.5,2030,C-04,15.3,Y,,,4,Rates with a relative standard error greater than or equal to 23 percent are deemed unreliable.
2025,5,Deaths Due to Female Breast Cancer,Sex,Female,Modoc,3,4636,4636.0,Female Population,2022,2,0.7,Deaths,2021-2023,100000,14.4,Crude Death Rate,5.9,Age-Adjusted Death Rate,0.7,21.2,2030,C-04,15.3,Y,,,4,Rates with a relative standard error greater than or equal to 23 percent are deemed unreliable.
2025,5,Deaths Due to Female Breast Cancer,Sex,Female,Sierra,4,1530,1530.0,Female Population,2022,1,0.3,Deaths,2021-2023,100000,21.8,Crude Death Rate,7.3,Age-Adjusted Death Rate,0.2,40.6,2030,C-04,15.3,Y,,,4,Rates with a relative standard error greater than or equal to 23 percent are deemed unreliable.
2025,5,Deaths Due to Female Breast Cancer,Sex,Female,Trinity,5,6498,6498.0,Female Population,2022,4,1.3,Deaths,2021-2023,100000,20.5,Crude Death Rate,10.4,Age-Adjusted Death Rate,2.8,26.7,2030,C-04,15.3,Y,,,4,Rates with a relative standard error greater than or equal to 23 percent are deemed unreliable.
2025,5,Deaths Due to Female Breast Cancer,Sex,Female,San Francisco,6,442891,442891.0,Female Population,2022,219,73.0,Deaths,2021-2023,100000,16.5,Crude Death Rate,11.2,Age-Adjusted Death Rate,9.7,12.8,2030,C-04,15.3,Y,,,,
2025,5,Deaths Due to Female Breast Cancer,Sex,Female,San Benito,7,30971,30971.0,Female Population,2022,12,4.0,Deaths,2021-2023,100000,12.9,Crude Death Rate,11.3,Age-Adjusted Death Rate,5.7,20.3,2030,C-04,15.3,Y,,,4,Rates with a relative standard error greater than or equal to 23 percent are deemed unreliable.
2025,5,Deaths Due to Female Breast Cancer,Sex,Female,Plumas,8,9549,9549.0,Female Population,2022,9,3.0,Deaths,2021-2023,100000,31.4,Crude Death Rate,12.4,Age-Adjusted Death Rate,5.7,23.6,2030,C-04,15.3,Y,,,4,Rates with a relative standard error greater than or equal to 23 percent are deemed unreliable.
2025,5,Deaths Due to Female Breast Cancer,Sex,Female,Santa Clara,9,980740,980740.0,Female Population,2022,505,168.3,Deaths,2021-2023,100000,17.2,Crude Death Rate,12.6,Age-Adjusted Death Rate,11.5,13.7,2030,C-04,15.3,Y,,,,
2025,5,Deaths Due to Female Breast Cancer,Sex,Female,Sutter,10,49964,49964.0,Female Population,2022,26,8.7,Deaths,2021-2023,100000,17.3,Crude Death Rate,12.9,Age-Adjusted Death Rate,8.3,19.0,2030,C-04,15.3,Y,,,,
2025,5,Deaths Due to Female Breast Cancer,Sex,Female,San Mateo,11,393261,393261.0,Female Population,2022,245,81.7,Deaths,2021-2023,100000,20.8,Crude Death Rate,13.4,Age-Adjusted Death Rate,11.6,15.1,2030,C-04,15.3,Y,,,,
2025,5,Deaths Due to Female Breast Cancer,Sex,Female,Imperial,12,94987,94987.0,Female Population,2022,45,15.0,Deaths,2021-2023,100000,15.8,Crude Death Rate,13.4,Age-Adjusted Death Rate,9.7,18.0,2030,C-04,15.3,Y,,,,
2025,5,Deaths Due to Female Breast Cancer,Sex,Female,Mariposa,13,8721,8721.0,Female Population,2022,10,3.3,Deaths,2021-2023,100000,38.2,Crude Death Rate,14.3,Age-Adjusted Death Rate,6.8,26.2,2030,C-04,15.3,Y,,,4,Rates with a relative standard error greater than or equal to 23 percent are deemed unreliable.
2025,5,Deaths Due to Female Breast Cancer,Sex,Female,Alameda,14,856569,856569.0,Female Population,2022,501,167.0,Deaths,2021-2023,100000,19.5,Crude Death Rate,14.8,Age-Adjusted Death Rate,13.5,16.1,2030,C-04,15.3,Y,,,,
2025,5,Deaths Due to Female Breast Cancer,Sex,Female,Marin,15,129883,129883.0,Female Population,2022,112,37.3,Deaths,2021-2023,100000,28.7,Crude Death Rate,14.8,Age-Adjusted Death Rate,11.7,17.8,2030,C-04,15.3,Y,,,,
2025,5,Deaths Due to Female Breast Cancer,Sex,Female,Solano,16,224901,224901.0,Female Population,2022,149,49.7,Deaths,2021-2023,100000,22.1,Crude Death Rate,15.7,Age-Adjusted Death Rate,13.1,18.3,2030,C-04,15.3,N,,,,
2025,5,Deaths Due to Female Breast Cancer,Sex,Female,Nevada,17,49419,49419.0,Female Population,2022,46,15.3,Deaths,2021-2023,100000,31.0,Crude Death Rate,16.3,Age-Adjusted Death Rate,11.2,23.1,2030,C-04,15.3,N,,,,
2025,5,Deaths Due to Female Breast Cancer,Sex,Female,Inyo,18,8928,8928.0,Female Population,2022,7,2.3,Deaths,2021-2023,100000,26.1,Crude Death Rate,16.3,Age-Adjusted Death Rate,5.3,38.0,2030,C-04,15.3,N,,,4,Rates with a relative standard error greater than or equal to 23 percent are deemed unreliable.
2025,5,Deaths Due to Female Breast Cancer,Sex,Female,Orange,19,1614729,1614729.0,Female Population,2022,1084,361.3,Deaths,2021-2023,100000,22.4,Crude Death Rate,16.4,Age-Adjusted Death Rate,15.4,17.4,2030,C-04,15.3,N,,,,
2025,5,Deaths Due to Female Breast Cancer,Sex,Female,Contra Costa,20,594162,594162.0,Female Population,2022,421,140.3,Deaths,2021-2023,100000,23.6,Crude Death Rate,16.8,Age-Adjusted Death Rate,15.1,18.4,2030,C-04,15.3,N,,,,
2025,5,Deaths Due to Female Breast Cancer,Sex,Female,San Diego,21,1663797,1663797.0,Female Population,2022,1119,373.0,Deaths,2021-2023,100000,22.4,Crude Death Rate,17.0,Age-Adjusted Death Rate,15.9,18.0,2030,C-04,15.3,N,,,,
2025,5,Deaths Due to Female Breast Cancer,Sex,Female,Yuba,22,39108,39108.0,Female Population,2022,22,7.3,Deaths,2021-2023,100000,18.8,Crude Death Rate,17.0,Age-Adjusted Death Rate,10.5,26.0,2030,C-04,15.3,N,,,,
2025,5,Deaths Due to Female Breast Cancer,Sex,Female,Calaveras,23,22255,22255.0,Female Population,2022,23,7.7,Deaths,2021-2023,100000,34.4,Crude Death Rate,17.0,Age-Adjusted Death Rate,9.9,27.2,2030,C-04,15.3,N,,,4,Rates with a relative standard error greater than or equal to 23 percent are deemed unreliable.
2025,5,Deaths Due to Female Breast Cancer,Sex,Female,Los Angeles,24,5153156,5153156.0,Female Population,2022,3513,1171.0,Deaths,2021-2023,100000,22.7,Crude Death Rate,17.1,Age-Adjusted Death Rate,16.6,17.7,2030,C-04,15.3,N,,,,
2025,5,Deaths Due to Female Breast Cancer,Sex,Female,CALIFORNIA,,20104681,20104681.0,Female Population,2022,13638,4546.0,Deaths,2021-2023,100000,22.6,Crude Death Rate,17.1,Age-Adjusted Death Rate,16.8,17.4,2030,C-04,15.3,N,,,,
2025,5,Deaths Due to Female Breast Cancer,Sex,Female,Del Norte,25,12097,12097.0,Female Population,2022,8,2.7,Deaths,2021-2023,100000,22.0,Crude Death Rate,17.3,Age-Adjusted Death Rate,6.3,37.6,2030,C-04,15.3,N,,,4,Rates with a relative standard error greater than or equal to 23 percent are deemed unreliable.
2025,5,Deaths Due to Female Breast Cancer,Sex,Female,Riverside,26,1257598,1257598.0,Female Population,2022,848,282.7,Deaths,2021-2023,100000,22.5,Crude Death Rate,17.4,Age-Adjusted Death Rate,16.2,18.6,2030,C-04,15.3,N,,,,
2025,5,Deaths Due to Female Breast Cancer,Sex,Female,Fresno,27,512309,512309.0,Female Population,2022,297,99.0,Deaths,2021-2023,100000,19.3,Crude Death Rate,17.4,Age-Adjusted Death Rate,15.4,19.5,2030,C-04,15.3,N,,,,
2025,5,Deaths Due to Female Breast Cancer,Sex,Female,Santa Barbara,28,224825,224825.0,Female Population,2022,154,51.3,Deaths,2021-2023,100000,22.8,Crude Death Rate,17.5,Age-Adjusted Death Rate,14.6,20.4,2030,C-04,15.3,N,,,,
2025,5,Deaths Due to Female Breast Cancer,Sex,Female,Merced,29,142409,142409.0,Female Population,2022,76,25.3,Deaths,2021-2023,100000,17.8,Crude Death Rate,17.6,Age-Adjusted Death Rate,13.8,22.1,2030,C-04,15.3,N,,,,
2025,5,Deaths Due to Female Breast Cancer,Sex,Female,Tulare,30,241692,241692.0,Female Population,2022,135,45.0,Deaths,2021-2023,100000,18.6,Crude Death Rate,17.8,Age-Adjusted Death Rate,14.8,20.9,2030,C-04,15.3,N,,,,
2025,5,Deaths Due to Female Breast Cancer,Sex,Female,Kings,31,70431,70431.0,Female Population,2022,34,11.3,Deaths,2021-2023,100000,16.1,Crude Death Rate,17.8,Age-Adjusted Death Rate,12.2,25.2,2030,C-04,15.3,N,,,,
2025,5,Deaths Due to Female Breast Cancer,Sex,Female,Monterey,32,217207,217207.0,Female Population,2022,141,47.0,Deaths,2021-2023,100000,21.6,Crude Death Rate,18.1,Age-Adjusted Death Rate,15.0,21.2,2030,C-04,15.3,N,,,,
2025,5,Deaths Due to Female Breast Cancer,Sex,Female,Santa Cruz,33,137598,137598.0,Female Population,2022,105,35.0,Deaths,2021-2023,100000,25.4,Crude Death Rate,18.2,Age-Adjusted Death Rate,14.5,21.9,2030,C-04,15.3,N,,,,
2025,5,Deaths Due to Female Breast Cancer,Sex,Female,Madera,34,83428,83428.0,Female Population,2022,52,17.3,Deaths,2021-2023,100000,20.8,Crude Death Rate,18.3,Age-Adjusted Death Rate,13.6,24.2,2030,C-04,15.3,N,,,,
2025,5,Deaths Due to Female Breast Cancer,Sex,Female,Glenn,35,14312,14312.0,Female Population,2022,10,3.3,Deaths,2021-2023,100000,23.3,Crude Death Rate,18.3,Age-Adjusted Death Rate,8.4,34.8,2030,C-04,15.3,N,,,4,Rates with a relative standard error greater than or equal to 23 percent are deemed unreliable.
2025,5,Deaths Due to Female Breast Cancer,Sex,Female,Mendocino,36,44081,44081.0,Female Population,2022,43,14.3,Deaths,2021-2023,100000,32.5,Crude Death Rate,18.4,Age-Adjusted Death Rate,13.1,25.1,2030,C-04,15.3,N,,,,
2025,5,Deaths Due to Female Breast Cancer,Sex,Female,Sacramento,37,796245,796245.0,Female Population,2022,563,187.7,Deaths,2021-2023,100000,23.6,Crude Death Rate,18.7,Age-Adjusted Death Rate,17.1,20.3,2030,C-04,15.3,N,,,,
2025,5,Deaths Due to Female Breast Cancer,Sex,Female,Butte,38,113537,113537.0,Female Population,2022,96,32.0,Deaths,2021-2023,100000,28.2,Crude Death Rate,18.7,Age-Adjusted Death Rate,14.9,23.2,2030,C-04,15.3,N,,,,
2025,5,Deaths Due to Female Breast Cancer,Sex,Female,Kern,39,452827,452827.0,Female Population,2022,262,87.3,Deaths,2021-2023,100000,19.3,Crude Death Rate,18.8,Age-Adjusted Death Rate,16.5,21.1,2030,C-04,15.3,N,,,,
2025,5,Deaths Due to Female Breast Cancer,Sex,Female,Sonoma,40,254895,254895.0,Female Population,2022,248,82.7,Deaths,2021-2023,100000,32.4,Crude Death Rate,19.0,Age-Adjusted Death Rate,16.5,21.5,2030,C-04,15.3,N,,,,
2025,5,Deaths Due to Female Breast Cancer,Sex,Female,Placer,41,202961,202961.0,Female Population,2022,193,64.3,Deaths,2021-2023,100000,31.7,Crude Death Rate,19.1,Age-Adjusted Death Rate,16.2,22.0,2030,C-04,15.3,N,,,,
2025,5,Deaths Due to Female Breast Cancer,Sex,Female,El Dorado,42,93888,93888.0,Female Population,2022,87,29.0,Deaths,2021-2023,100000,30.9,Crude Death Rate,19.2,Age-Adjusted Death Rate,15.1,24.2,2030,C-04,15.3,N,,,,
2025,5,Deaths Due to Female Breast Cancer,Sex,Female,San Joaquin,43,391145,391145.0,Female Population,2022,264,88.0,Deaths,2021-2023,100000,22.5,Crude Death Rate,19.9,Age-Adjusted Death Rate,17.4,22.3,2030,C-04,15.3,N,,,,
2025,5,Deaths Due to Female Breast Cancer,Sex,Female,Ventura,44,426557,426557.0,Female Population,2022,359,119.7,Deaths,2021-2023,100000,28.1,Crude Death Rate,20.1,Age-Adjusted Death Rate,18.0,22.3,2030,C-04,15.3,N,,,,
2025,5,Deaths Due to Female Breast Cancer,Sex,Female,San Luis Obispo,45,135767,135767.0,Female Population,2022,129,43.0,Deaths,2021-2023,100000,31.7,Crude Death Rate,20.2,Age-Adjusted Death Rate,16.1,24.2,2030,C-04,15.3,N,,,,
2025,5,Deaths Due to Female Breast Cancer,Sex,Female,Yolo,46,116992,116992.0,Female Population,2022,74,24.7,Deaths,2021-2023,100000,21.1,Crude Death Rate,20.3,Age-Adjusted Death Rate,15.8,25.7,2030,C-04,15.3,N,,,,
2025,5,Deaths Due to Female Breast Cancer,Sex,Female,San Bernardino,47,1112508,1112508.0,Female Population,2022,757,252.3,Deaths,2021-2023,100000,22.7,Crude Death Rate,20.5,Age-Adjusted Death Rate,19.0,21.9,2030,C-04,15.3,N,,,,
2025,5,Deaths Due to Female Breast Cancer,Sex,Female,Amador,48,17429,17429.0,Female Population,2022,21,7.0,Deaths,2021-2023,100000,40.2,Crude Death Rate,21.1,Age-Adjusted Death Rate,10.9,36.8,2030,C-04,15.3,N,,,4,Rates with a relative standard error greater than or equal to 23 percent are deemed unreliable.
2025,5,Deaths Due to Female Breast Cancer,Sex,Female,Stanislaus,49,284587,284587.0,Female Population,2022,212,70.7,Deaths,2021-2023,100000,24.8,Crude Death Rate,21.3,Age-Adjusted Death Rate,18.3,24.2,2030,C-04,15.3,N,,,,
2025,5,Deaths Due to Female Breast Cancer,Sex,Female,Napa,50,69824,69824.0,Female Population,2022,70,23.3,Deaths,2021-2023,100000,33.4,Crude Death Rate,21.3,Age-Adjusted Death Rate,16.3,27.3,2030,C-04,15.3,N,,,,
2025,5,Deaths Due to Female Breast Cancer,Sex,Female,Tehama,51,32242,32242.0,Female Population,2022,32,10.7,Deaths,2021-2023,100000,33.1,Crude Death Rate,21.3,Age-Adjusted Death Rate,14.3,30.6,2030,C-04,15.3,N,,,,
2025,5,Deaths Due to Female Breast Cancer,Sex,Female,Humboldt,52,66801,66801.0,Female Population,2022,65,21.7,Deaths,2021-2023,100000,32.4,Crude Death Rate,22.3,Age-Adjusted Death Rate,16.9,28.9,2030,C-04,15.3,N,,,,
2025,5,Deaths Due to Female Breast Cancer,Sex,Female,Colusa,53,11120,11120.0,Female Population,2022,8,2.7,Deaths,2021-2023,100000,24.0,Crude Death Rate,22.6,Age-Adjusted Death Rate,9.1,46.6,2030,C-04,15.3,N,,,4,Rates with a relative standard error greater than or equal to 23 percent are deemed unreliable.
2025,5,Deaths Due to Female Breast Cancer,Sex,Female,Siskiyou,54,21712,21712.0,Female Population,2022,24,8.0,Deaths,2021-2023,100000,36.8,Crude Death Rate,23.4,Age-Adjusted Death Rate,13.4,38.0,2030,C-04,15.3,N,,,4,Rates with a relative standard error greater than or equal to 23 percent are deemed unreliable.
2025,5,Deaths Due to Female Breast Cancer,Sex,Female,Tuolumne,55,24762,24762.0,Female Population,2022,39,13.0,Deaths,2021-2023,100000,52.5,Crude Death Rate,23.6,Age-Adjusted Death Rate,16.2,33.1,2030,C-04,15.3,N,,,,
2025,5,Deaths Due to Female Breast Cancer,Sex,Female,Shasta,56,89864,89864.0,Female Population,2022,98,32.7,Deaths,2021-2023,100000,36.4,Crude Death Rate,24.3,Age-Adjusted Death Rate,19.4,30.0,2030,C-04,15.3,N,,,,
2025,5,Deaths Due to Female Breast Cancer,Sex,Female,Lake,57,32051,32051.0,Female Population,2022,43,14.3,Deaths,2021-2023,100000,44.7,Crude Death Rate,29.4,Age-Adjusted Death Rate,20.5,40.9,2030,C-04,15.3,N,,,,
2025,5,Deaths Due to Female Breast Cancer,Sex,Female,Lassen,58,11197,11197.0,Female Population,2022,14,4.7,Deaths,2021-2023,100000,41.7,Crude Death Rate,30.0,Age-Adjusted Death Rate,14.4,55.2,2030,C-04,15.3,N,,,4,Rates with a relative standard error greater than or equal to 23 percent are deemed unreliable.
2025,6,Deaths Due to Prostate Cancer,Sex,Male,Alpine,1,563,563.0,Male Population,2022,0,0.0,Deaths,2021-2023,100000,,Crude Death Rate,,Age-Adjusted Death Rate,,,2030,C-08,16.9,Y,,,3,Rates for zero events have not been calculated.
2025,6,Deaths Due to Prostate Cancer,Sex,Male,San Benito,2,31153,31153.0,Male Population,2022,9,3.0,Deaths,2021-2023,100000,9.6,Crude Death Rate,9.1,Age-Adjusted Death Rate,3.9,18.0,2030,C-08,16.9,Y,,,4,Rates with a relative standard error greater than or equal to 23 percent are deemed unreliable.
2025,6,Deaths Due to Prostate Cancer,Sex,Male,Plumas,3,9492,9492.0,Male Population,2022,8,2.7,Deaths,2021-2023,100000,28.1,Crude Death Rate,11.6,Age-Adjusted Death Rate,5.0,22.9,2030,C-08,16.9,Y,,,4,Rates with a relative standard error greater than or equal to 23 percent are deemed unreliable.
2025,6,Deaths Due to Prostate Cancer,Sex,Male,Mono,4,7346,7346.0,Male Population,2022,1,0.3,Deaths,2021-2023,100000,4.5,Crude Death Rate,12.0,Age-Adjusted Death Rate,0.3,67.0,2030,C-08,16.9,Y,,,4,Rates with a relative standard error greater than or equal to 23 percent are deemed unreliable.
2025,6,Deaths Due to Prostate Cancer,Sex,Male,Trinity,5,6658,6658.0,Male Population,2022,6,2.0,Deaths,2021-2023,100000,30.0,Crude Death Rate,12.0,Age-Adjusted Death Rate,4.4,26.1,2030,C-08,16.9,Y,,,4,Rates with a relative standard error greater than or equal to 23 percent are deemed unreliable.
2025,6,Deaths Due to Prostate Cancer,Sex,Male,San Francisco,6,454525,454525.0,Male Population,2022,209,69.7,Deaths,2021-2023,100000,15.3,Crude Death Rate,12.1,Age-Adjusted Death Rate,10.4,13.7,2030,C-08,16.9,Y,,,,
2025,6,Deaths Due to Prostate Cancer,Sex,Male,Santa Clara,7,1007158,1007158.0,Male Population,2022,430,143.3,Deaths,2021-2023,100000,14.2,Crude Death Rate,12.7,Age-Adjusted Death Rate,11.5,13.9,2030,C-08,16.9,Y,,,,
2025,6,Deaths Due to Prostate Cancer,Sex,Male,Colusa,8,11752,11752.0,Male Population,2022,5,1.7,Deaths,2021-2023,100000,14.2,Crude Death Rate,12.7,Age-Adjusted Death Rate,4.1,29.6,2030,C-08,16.9,Y,,,4,Rates with a relative standard error greater than or equal to 23 percent are deemed unreliable.
2025,6,Deaths Due to Prostate Cancer,Sex,Male,Modoc,9,4738,4738.0,Male Population,2022,4,1.3,Deaths,2021-2023,100000,28.1,Crude Death Rate,13.0,Age-Adjusted Death Rate,3.6,33.4,2030,C-08,16.9,Y,,,4,Rates with a relative standard error greater than or equal to 23 percent are deemed unreliable.
2025,6,Deaths Due to Prostate Cancer,Sex,Male,Mariposa,10,8835,8835.0,Male Population,2022,8,2.7,Deaths,2021-2023,100000,30.2,Crude Death Rate,13.1,Age-Adjusted Death Rate,5.7,25.8,2030,C-08,16.9,Y,,,4,Rates with a relative standard error greater than or equal to 23 percent are deemed unreliable.
2025,6,Deaths Due to Prostate Cancer,Sex,Male,Alameda,11,832969,832969.0,Male Population,2022,386,128.7,Deaths,2021-2023,100000,15.4,Crude Death Rate,14.5,Age-Adjusted Death Rate,13.0,15.9,2030,C-08,16.9,Y,,,,
2025,6,Deaths Due to Prostate Cancer,Sex,Male,Imperial,12,97973,97973.0,Male Population,2022,43,14.3,Deaths,2021-2023,100000,14.6,Crude Death Rate,15.2,Age-Adjusted Death Rate,10.9,20.5,2030,C-08,16.9,Y,,,,
2025,6,Deaths Due to Prostate Cancer,Sex,Male,Amador,13,20732,20732.0,Male Population,2022,17,5.7,Deaths,2021-2023,100000,27.3,Crude Death Rate,15.2,Age-Adjusted Death Rate,8.7,24.7,2030,C-08,16.9,Y,,,4,Rates with a relative standard error greater than or equal to 23 percent are deemed unreliable.
2025,6,Deaths Due to Prostate Cancer,Sex,Male,Placer,14,197703,197703.0,Male Population,2022,141,47.0,Deaths,2021-2023,100000,23.8,Crude Death Rate,15.3,Age-Adjusted Death Rate,12.8,17.9,2030,C-08,16.9,Y,,,,
2025,6,Deaths Due to Prostate Cancer,Sex,Male,Calaveras,15,21895,21895.0,Male Population,2022,22,7.3,Deaths,2021-2023,100000,33.5,Crude Death Rate,15.6,Age-Adjusted Death Rate,9.8,23.6,2030,C-08,16.9,Y,,,,
2025,6,Deaths Due to Prostate Cancer,Sex,Male,Kings,16,85733,85733.0,Male Population,2022,28,9.3,Deaths,2021-2023,100000,10.9,Crude Death Rate,15.9,Age-Adjusted Death Rate,10.5,23.2,2030,C-08,16.9,Y,,,,
2025,6,Deaths Due to Prostate Cancer,Sex,Male,Los Angeles,17,5055561,5055561.0,Male Population,2022,2632,877.3,Deaths,2021-2023,100000,17.4,Crude Death Rate,16.0,Age-Adjusted Death Rate,15.4,16.6,2030,C-08,16.9,Y,,,,
2025,6,Deaths Due to Prostate Cancer,Sex,Male,Orange,18,1603382,1603382.0,Male Population,2022,891,297.0,Deaths,2021-2023,100000,18.5,Crude Death Rate,16.0,Age-Adjusted Death Rate,14.9,17.0,2030,C-08,16.9,Y,,,,
2025,6,Deaths Due to Prostate Cancer,Sex,Male,San Mateo,19,384374,384374.0,Male Population,2022,237,79.0,Deaths,2021-2023,100000,20.6,Crude Death Rate,16.1,Age-Adjusted Death Rate,14.1,18.2,2030,C-08,16.9,Y,,,,
2025,6,Deaths Due to Prostate Cancer,Sex,Male,Madera,20,79294,79294.0,Male Population,2022,45,15.0,Deaths,2021-2023,100000,18.9,Crude Death Rate,16.7,Age-Adjusted Death Rate,12.2,22.4,2030,C-08,16.9,Y,,,,
2025,6,Deaths Due to Prostate Cancer,Sex,Male,Napa,21,69694,69694.0,Male Population,2022,46,15.3,Deaths,2021-2023,100000,22.0,Crude Death Rate,16.7,Age-Adjusted Death Rate,12.2,22.4,2030,C-08,16.9,Y,,,,
2025,6,Deaths Due to Prostate Cancer,Sex,Male,Tulare,22,243429,243429.0,Male Population,2022,106,35.3,Deaths,2021-2023,100000,14.5,Crude Death Rate,17.0,Age-Adjusted Death Rate,13.7,20.3,2030,C-08,16.9,N,,,,
2025,6,Deaths Due to Prostate Cancer,Sex,Male,Kern,23,477024,477024.0,Male Population,2022,192,64.0,Deaths,2021-2023,100000,13.4,Crude Death Rate,17.2,Age-Adjusted Death Rate,14.7,19.7,2030,C-08,16.9,N,,,,
2025,6,Deaths Due to Prostate Cancer,Sex,Male,El Dorado,24,96124,96124.0,Male Population,2022,77,25.7,Deaths,2021-2023,100000,26.7,Crude Death Rate,17.2,Age-Adjusted Death Rate,13.5,21.5,2030,C-08,16.9,N,,,,
2025,6,Deaths Due to Prostate Cancer,Sex,Male,Monterey,25,230093,230093.0,Male Population,2022,122,40.7,Deaths,2021-2023,100000,17.7,Crude Death Rate,17.4,Age-Adjusted Death Rate,14.3,20.5,2030,C-08,16.9,N,,,,
2025,6,Deaths Due to Prostate Cancer,Sex,Male,San Luis Obispo,26,143501,143501.0,Male Population,2022,118,39.3,Deaths,2021-2023,100000,27.4,Crude Death Rate,17.4,Age-Adjusted Death Rate,14.2,20.5,2030,C-08,16.9,N,,,,
2025,6,Deaths Due to Prostate Cancer,Sex,Male,Contra Costa,27,574132,574132.0,Male Population,2022,363,121.0,Deaths,2021-2023,100000,21.1,Crude Death Rate,17.6,Age-Adjusted Death Rate,15.8,19.4,2030,C-08,16.9,N,,,,
2025,6,Deaths Due to Prostate Cancer,Sex,Male,CALIFORNIA,,20041322,20041322.0,Male Population,2022,11643,3881.0,Deaths,2021-2023,100000,19.4,Crude Death Rate,17.6,Age-Adjusted Death Rate,17.3,17.9,2030,C-08,16.9,N,,,,
2025,6,Deaths Due to Prostate Cancer,Sex,Male,Santa Cruz,28,138426,138426.0,Male Population,2022,82,27.3,Deaths,2021-2023,100000,19.7,Crude Death Rate,17.7,Age-Adjusted Death Rate,14.0,22.2,2030,C-08,16.9,N,,,,
2025,6,Deaths Due to Prostate Cancer,Sex,Male,Lassen,29,18645,18645.0,Male Population,2022,11,3.7,Deaths,2021-2023,100000,19.7,Crude Death Rate,17.7,Age-Adjusted Death Rate,8.9,31.7,2030,C-08,16.9,N,,,4,Rates with a relative standard error greater than or equal to 23 percent are deemed unreliable.
2025,6,Deaths Due to Prostate Cancer,Sex,Male,Marin,30,127912,127912.0,Male Population,2022,119,39.7,Deaths,2021-2023,100000,31.0,Crude Death Rate,17.9,Age-Adjusted Death Rate,14.6,21.1,2030,C-08,16.9,N,,,,
2025,6,Deaths Due to Prostate Cancer,Sex,Male,Sierra,31,1547,1547.0,Male Population,2022,2,0.7,Deaths,2021-2023,100000,43.1,Crude Death Rate,18.1,Age-Adjusted Death Rate,2.2,65.2,2030,C-08,16.9,N,,,4,Rates with a relative standard error greater than or equal to 23 percent are deemed unreliable.
2025,6,Deaths Due to Prostate Cancer,Sex,Male,Tuolumne,32,26908,26908.0,Male Population,2022,27,9.0,Deaths,2021-2023,100000,33.4,Crude Death Rate,18.5,Age-Adjusted Death Rate,11.7,27.7,2030,C-08,16.9,N,,,,
2025,6,Deaths Due to Prostate Cancer,Sex,Male,Fresno,33,516809,516809.0,Male Population,2022,257,85.7,Deaths,2021-2023,100000,16.6,Crude Death Rate,18.8,Age-Adjusted Death Rate,16.5,21.1,2030,C-08,16.9,N,,,,
2025,6,Deaths Due to Prostate Cancer,Sex,Male,Merced,34,146192,146192.0,Male Population,2022,67,22.3,Deaths,2021-2023,100000,15.3,Crude Death Rate,18.9,Age-Adjusted Death Rate,14.6,24.1,2030,C-08,16.9,N,,,,
2025,6,Deaths Due to Prostate Cancer,Sex,Male,Riverside,35,1248753,1248753.0,Male Population,2022,838,279.3,Deaths,2021-2023,100000,22.4,Crude Death Rate,19.3,Age-Adjusted Death Rate,18.0,20.6,2030,C-08,16.9,N,,,,
2025,6,Deaths Due to Prostate Cancer,Sex,Male,Santa Barbara,36,230302,230302.0,Male Population,2022,150,50.0,Deaths,2021-2023,100000,21.7,Crude Death Rate,19.7,Age-Adjusted Death Rate,16.5,22.8,2030,C-08,16.9,N,,,,
2025,6,Deaths Due to Prostate Cancer,Sex,Male,Lake,37,32087,32087.0,Male Population,2022,31,10.3,Deaths,2021-2023,100000,32.2,Crude Death Rate,19.7,Age-Adjusted Death Rate,13.4,28.0,2030,C-08,16.9,N,,,,
2025,6,Deaths Due to Prostate Cancer,Sex,Male,Ventura,38,425063,425063.0,Male Population,2022,298,99.3,Deaths,2021-2023,100000,23.4,Crude Death Rate,19.8,Age-Adjusted Death Rate,17.5,22.1,2030,C-08,16.9,N,,,,
2025,6,Deaths Due to Prostate Cancer,Sex,Male,Sonoma,39,247991,247991.0,Male Population,2022,215,71.7,Deaths,2021-2023,100000,28.9,Crude Death Rate,19.9,Age-Adjusted Death Rate,17.2,22.6,2030,C-08,16.9,N,,,,
2025,6,Deaths Due to Prostate Cancer,Sex,Male,Tehama,40,31781,31781.0,Male Population,2022,27,9.0,Deaths,2021-2023,100000,28.3,Crude Death Rate,20.4,Age-Adjusted Death Rate,13.3,29.9,2030,C-08,16.9,N,,,,
2025,6,Deaths Due to Prostate Cancer,Sex,Male,San Bernardino,41,1104357,1104357.0,Male Population,2022,577,192.3,Deaths,2021-2023,100000,17.4,Crude Death Rate,20.5,Age-Adjusted Death Rate,18.8,22.2,2030,C-08,16.9,N,,,,
2025,6,Deaths Due to Prostate Cancer,Sex,Male,San Diego,42,1692388,1692388.0,Male Population,2022,1131,377.0,Deaths,2021-2023,100000,22.3,Crude Death Rate,20.8,Age-Adjusted Death Rate,19.5,22.0,2030,C-08,16.9,N,,,,
2025,6,Deaths Due to Prostate Cancer,Sex,Male,Nevada,43,48738,48738.0,Male Population,2022,63,21.0,Deaths,2021-2023,100000,43.1,Crude Death Rate,21.3,Age-Adjusted Death Rate,16.2,27.5,2030,C-08,16.9,N,,,,
2025,6,Deaths Due to Prostate Cancer,Sex,Male,Sacramento,44,775601,775601.0,Male Population,2022,492,164.0,Deaths,2021-2023,100000,21.1,Crude Death Rate,21.5,Age-Adjusted Death Rate,19.6,23.5,2030,C-08,16.9,N,,,,
2025,6,Deaths Due to Prostate Cancer,Sex,Male,Mendocino,45,44272,44272.0,Male Population,2022,40,13.3,Deaths,2021-2023,100000,30.1,Crude Death Rate,21.5,Age-Adjusted Death Rate,15.2,29.5,2030,C-08,16.9,N,,,,
2025,6,Deaths Due to Prostate Cancer,Sex,Male,San Joaquin,46,392561,392561.0,Male Population,2022,222,74.0,Deaths,2021-2023,100000,18.9,Crude Death Rate,21.6,Age-Adjusted Death Rate,18.6,24.5,2030,C-08,16.9,N,,,,
2025,6,Deaths Due to Prostate Cancer,Sex,Male,Sutter,47,49817,49817.0,Male Population,2022,36,12.0,Deaths,2021-2023,100000,24.1,Crude Death Rate,21.7,Age-Adjusted Death Rate,15.2,30.1,2030,C-08,16.9,N,,,,
2025,6,Deaths Due to Prostate Cancer,Sex,Male,Butte,48,114199,114199.0,Male Population,2022,95,31.7,Deaths,2021-2023,100000,27.7,Crude Death Rate,21.8,Age-Adjusted Death Rate,17.6,26.7,2030,C-08,16.9,N,,,,
2025,6,Deaths Due to Prostate Cancer,Sex,Male,Yolo,49,111388,111388.0,Male Population,2022,72,24.0,Deaths,2021-2023,100000,21.5,Crude Death Rate,23.2,Age-Adjusted Death Rate,18.1,29.3,2030,C-08,16.9,N,,,,
2025,6,Deaths Due to Prostate Cancer,Sex,Male,Siskiyou,50,21457,21457.0,Male Population,2022,28,9.3,Deaths,2021-2023,100000,43.5,Crude Death Rate,23.4,Age-Adjusted Death Rate,15.1,34.5,2030,C-08,16.9,N,,,,
2025,6,Deaths Due to Prostate Cancer,Sex,Male,Stanislaus,51,281778,281778.0,Male Population,2022,182,60.7,Deaths,2021-2023,100000,21.5,Crude Death Rate,24.0,Age-Adjusted Death Rate,20.4,27.5,2030,C-08,16.9,N,,,,
2025,6,Deaths Due to Prostate Cancer,Sex,Male,Solano,52,223995,223995.0,Male Population,2022,192,64.0,Deaths,2021-2023,100000,28.6,Crude Death Rate,24.4,Age-Adjusted Death Rate,20.9,27.9,2030,C-08,16.9,N,,,,
2025,6,Deaths Due to Prostate Cancer,Sex,Male,Shasta,53,86818,86818.0,Male Population,2022,96,32.0,Deaths,2021-2023,100000,36.9,Crude Death Rate,24.9,Age-Adjusted Death Rate,20.2,30.5,2030,C-08,16.9,N,,,,
2025,6,Deaths Due to Prostate Cancer,Sex,Male,Inyo,54,9214,9214.0,Male Population,2022,12,4.0,Deaths,2021-2023,100000,43.4,Crude Death Rate,25.3,Age-Adjusted Death Rate,13.1,44.3,2030,C-08,16.9,N,,,4,Rates with a relative standard error greater than or equal to 23 percent are deemed unreliable.
2025,6,Deaths Due to Prostate Cancer,Sex,Male,Glenn,55,14900,14900.0,Male Population,2022,15,5.0,Deaths,2021-2023,100000,33.6,Crude Death Rate,27.6,Age-Adjusted Death Rate,15.4,45.5,2030,C-08,16.9,N,,,4,Rates with a relative standard error greater than or equal to 23 percent are deemed unreliable.
2025,6,Deaths Due to Prostate Cancer,Sex,Male,Humboldt,56,67337,67337.0,Male Population,2022,71,23.7,Deaths,2021-2023,100000,35.1,Crude Death Rate,28.4,Age-Adjusted Death Rate,22.1,36.0,2030,C-08,16.9,N,,,,
2025,6,Deaths Due to Prostate Cancer,Sex,Male,Del Norte,57,14695,14695.0,Male Population,2022,16,5.3,Deaths,2021-2023,100000,36.3,Crude Death Rate,28.7,Age-Adjusted Death Rate,16.4,46.7,2030,C-08,16.9,N,,,4,Rates with a relative standard error greater than or equal to 23 percent are deemed unreliable.
2025,6,Deaths Due to Prostate Cancer,Sex,Male,Yuba,58,39558,39558.0,Male Population,2022,33,11.0,Deaths,2021-2023,100000,27.8,Crude Death Rate,33.0,Age-Adjusted Death Rate,22.6,46.6,2030,C-08,16.9,N,,,,
2025,7,Deaths Due to Diabetes,Total Population,Total Population,Alpine,1,1139,1139.0,Population,2022,0,0.0,Deaths,2021-2023,100000,,Crude Death Rate,,Age-Adjusted Death Rate,,,2030,,,,,,3,Rates for zero events have not been calculated.
2025,7,Deaths Due to Diabetes,Total Population,Total Population,Mono,2,13898,13898.0,Population,2022,1,0.3,Deaths,2021-2023,100000,2.4,Crude Death Rate,2.1,Age-Adjusted Death Rate,0.1,11.5,2030,,,,,,4,Rates with a relative standard error greater than or equal to 23 percent are deemed unreliable.
2025,7,Deaths Due to Diabetes,Total Population,Total Population,Marin,3,257795,257795.0,Population,2022,101,33.7,Deaths,2021-2023,100000,13.1,Crude Death Rate,6.9,Age-Adjusted Death Rate,5.5,8.3,2030,,,,,,,
2025,7,Deaths Due to Diabetes,Total Population,Total Population,Nevada,4,98157,98157.0,Population,2022,47,15.7,Deaths,2021-2023,100000,16.0,Crude Death Rate,7.7,Age-Adjusted Death Rate,5.5,10.5,2030,,,,,,,
2025,7,Deaths Due to Diabetes,Total Population,Total Population,San Luis Obispo,5,279268,279268.0,Population,2022,151,50.3,Deaths,2021-2023,100000,18.0,Crude Death Rate,11.7,Age-Adjusted Death Rate,9.7,13.7,2030,,,,,,,
2025,7,Deaths Due to Diabetes,Total Population,Total Population,Calaveras,6,44150,44150.0,Population,2022,33,11.0,Deaths,2021-2023,100000,24.9,Crude Death Rate,11.7,Age-Adjusted Death Rate,7.6,17.3,2030,,,,,,,
2025,7,Deaths Due to Diabetes,Total Population,Total Population,Amador,7,38161,38161.0,Population,2022,29,9.7,Deaths,2021-2023,100000,25.3,Crude Death Rate,12.4,Age-Adjusted Death Rate,8.1,18.4,2030,,,,,,,
2025,7,Deaths Due to Diabetes,Total Population,Total Population,Santa Cruz,8,276024,276024.0,Population,2022,136,45.3,Deaths,2021-2023,100000,16.4,Crude Death Rate,12.6,Age-Adjusted Death Rate,10.4,14.8,2030,,,,,,,
2025,7,Deaths Due to Diabetes,Total Population,Total Population,Mariposa,9,17556,17556.0,Population,2022,13,4.3,Deaths,2021-2023,100000,24.7,Crude Death Rate,12.6,Age-Adjusted Death Rate,6.0,23.1,2030,,,,,,4,Rates with a relative standard error greater than or equal to 23 percent are deemed unreliable.
2025,7,Deaths Due to Diabetes,Total Population,Total Population,San Mateo,10,777635,777635.0,Population,2022,434,144.7,Deaths,2021-2023,100000,18.6,Crude Death Rate,12.7,Age-Adjusted Death Rate,11.5,13.9,2030,,,,,,,
2025,7,Deaths Due to Diabetes,Total Population,Total Population,El Dorado,11,190012,190012.0,Population,2022,112,37.3,Deaths,2021-2023,100000,19.6,Crude Death Rate,12.7,Age-Adjusted Death Rate,10.2,15.3,2030,,,,,,,
2025,7,Deaths Due to Diabetes,Total Population,Total Population,Santa Barbara,12,455127,455127.0,Population,2022,234,78.0,Deaths,2021-2023,100000,17.1,Crude Death Rate,13.5,Age-Adjusted Death Rate,11.8,15.3,2030,,,,,,,
2025,7,Deaths Due to Diabetes,Total Population,Total Population,Sonoma,13,502886,502886.0,Population,2022,346,115.3,Deaths,2021-2023,100000,22.9,Crude Death Rate,14.3,Age-Adjusted Death Rate,12.8,15.9,2030,,,,,,,
2025,7,Deaths Due to Diabetes,Total Population,Total Population,Placer,14,400664,400664.0,Population,2022,292,97.3,Deaths,2021-2023,100000,24.3,Crude Death Rate,14.7,Age-Adjusted Death Rate,12.9,16.4,2030,,,,,,,
2025,7,Deaths Due to Diabetes,Total Population,Total Population,Monterey,15,447300,447300.0,Population,2022,237,79.0,Deaths,2021-2023,100000,17.7,Crude Death Rate,14.8,Age-Adjusted Death Rate,12.9,16.7,2030,,,,,,,
2025,7,Deaths Due to Diabetes,Total Population,Total Population,Napa,16,139518,139518.0,Population,2022,94,31.3,Deaths,2021-2023,100000,22.5,Crude Death Rate,14.9,Age-Adjusted Death Rate,12.0,18.4,2030,,,,,,,
2025,7,Deaths Due to Diabetes,Total Population,Total Population,Mendocino,17,88353,88353.0,Population,2022,63,21.0,Deaths,2021-2023,100000,23.8,Crude Death Rate,15.0,Age-Adjusted Death Rate,11.4,19.4,2030,,,,,,,
2025,7,Deaths Due to Diabetes,Total Population,Total Population,Orange,18,3218111,3218111.0,Population,2022,1955,651.7,Deaths,2021-2023,100000,20.2,Crude Death Rate,15.5,Age-Adjusted Death Rate,14.8,16.2,2030,,,,,,,
2025,7,Deaths Due to Diabetes,Total Population,Total Population,Butte,19,227736,227736.0,Population,2022,135,45.0,Deaths,2021-2023,100000,19.8,Crude Death Rate,15.5,Age-Adjusted Death Rate,12.8,18.3,2030,,,,,,,
2025,7,Deaths Due to Diabetes,Total Population,Total Population,San Francisco,20,897416,897416.0,Population,2022,604,201.3,Deaths,2021-2023,100000,22.4,Crude Death Rate,15.7,Age-Adjusted Death Rate,14.4,16.9,2030,,,,,,,
2025,7,Deaths Due to Diabetes,Total Population,Total Population,Contra Costa,21,1168294,1168294.0,Population,2022,779,259.7,Deaths,2021-2023,100000,22.2,Crude Death Rate,16.1,Age-Adjusted Death Rate,14.9,17.2,2030,,,,,,,
2025,7,Deaths Due to Diabetes,Total Population,Total Population,Modoc,22,9374,9374.0,Population,2022,8,2.7,Deaths,2021-2023,100000,28.4,Crude Death Rate,16.8,Age-Adjusted Death Rate,6.7,34.5,2030,,,,,,4,Rates with a relative standard error greater than or equal to 23 percent are deemed unreliable.
2025,7,Deaths Due to Diabetes,Total Population,Total Population,Santa Clara,23,1987898,1987898.0,Population,2022,1307,435.7,Deaths,2021-2023,100000,21.9,Crude Death Rate,16.9,Age-Adjusted Death Rate,16.0,17.8,2030,,,,,,,
2025,7,Deaths Due to Diabetes,Total Population,Total Population,Alameda,24,1689538,1689538.0,Population,2022,1123,374.3,Deaths,2021-2023,100000,22.2,Crude Death Rate,17.9,Age-Adjusted Death Rate,16.8,18.9,2030,,,,,,,
2025,7,Deaths Due to Diabetes,Total Population,Total Population,Lake,25,64138,64138.0,Population,2022,52,17.3,Deaths,2021-2023,100000,27.0,Crude Death Rate,18.6,Age-Adjusted Death Rate,13.5,25.1,2030,,,,,,,
2025,7,Deaths Due to Diabetes,Total Population,Total Population,Colusa,26,22872,22872.0,Population,2022,16,5.3,Deaths,2021-2023,100000,23.3,Crude Death Rate,18.9,Age-Adjusted Death Rate,10.6,31.1,2030,,,,,,4,Rates with a relative standard error greater than or equal to 23 percent are deemed unreliable.
2025,7,Deaths Due to Diabetes,Total Population,Total Population,Trinity,27,13156,13156.0,Population,2022,15,5.0,Deaths,2021-2023,100000,38.0,Crude Death Rate,19.5,Age-Adjusted Death Rate,9.4,35.9,2030,,,,,,4,Rates with a relative standard error greater than or equal to 23 percent are deemed unreliable.
2025,7,Deaths Due to Diabetes,Total Population,Total Population,Lassen,28,29842,29842.0,Population,2022,24,8.0,Deaths,2021-2023,100000,26.8,Crude Death Rate,20.6,Age-Adjusted Death Rate,13.0,30.8,2030,,,,,,,
2025,7,Deaths Due to Diabetes,Total Population,Total Population,Ventura,29,851620,851620.0,Population,2022,711,237.0,Deaths,2021-2023,100000,27.8,Crude Death Rate,21.0,Age-Adjusted Death Rate,19.5,22.6,2030,,,,,,,
2025,7,Deaths Due to Diabetes,Total Population,Total Population,Riverside,30,2506351,2506351.0,Population,2022,2018,672.7,Deaths,2021-2023,100000,26.8,Crude Death Rate,21.3,Age-Adjusted Death Rate,20.4,22.3,2030,,,,,,,
2025,7,Deaths Due to Diabetes,Total Population,Total Population,Yolo,31,228380,228380.0,Population,2022,154,51.3,Deaths,2021-2023,100000,22.5,Crude Death Rate,21.6,Age-Adjusted Death Rate,18.1,25.0,2030,,,,,,,
2025,7,Deaths Due to Diabetes,Total Population,Total Population,San Diego,32,3356185,3356185.0,Population,2022,2720,906.7,Deaths,2021-2023,100000,27.0,Crude Death Rate,21.7,Age-Adjusted Death Rate,20.9,22.5,2030,,,,,,,
2025,7,Deaths Due to Diabetes,Total Population,Total Population,Shasta,33,176682,176682.0,Population,2022,169,56.3,Deaths,2021-2023,100000,31.9,Crude Death Rate,21.8,Age-Adjusted Death Rate,18.4,25.3,2030,,,,,,,
2025,7,Deaths Due to Diabetes,Total Population,Total Population,Humboldt,34,134138,134138.0,Population,2022,125,41.7,Deaths,2021-2023,100000,31.1,Crude Death Rate,22.5,Age-Adjusted Death Rate,18.4,26.6,2030,,,,,,,
2025,7,Deaths Due to Diabetes,Total Population,Total Population,Tuolumne,35,51670,51670.0,Population,2022,71,23.7,Deaths,2021-2023,100000,45.8,Crude Death Rate,22.5,Age-Adjusted Death Rate,17.2,28.9,2030,,,,,,,
2025,7,Deaths Due to Diabetes,Total Population,Total Population,CALIFORNIA,,40146003,40146003.0,Population,2022,34362,11454.0,Deaths,2021-2023,100000,28.5,Crude Death Rate,22.7,Age-Adjusted Death Rate,22.5,23.0,2030,,,,,,,
2025,7,Deaths Due to Diabetes,Total Population,Total Population,Sutter,36,99781,99781.0,Population,2022,89,29.7,Deaths,2021-2023,100000,29.7,Crude Death Rate,24.3,Age-Adjusted Death Rate,19.5,30.0,2030,,,,,,,
2025,7,Deaths Due to Diabetes,Total Population,Total Population,Inyo,37,18142,18142.0,Population,2022,20,6.7,Deaths,2021-2023,100000,36.7,Crude Death Rate,24.8,Age-Adjusted Death Rate,13.9,40.9,2030,,,,,,4,Rates with a relative standard error greater than or equal to 23 percent are deemed unreliable.
2025,7,Deaths Due to Diabetes,Total Population,Total Population,Tulare,38,485121,485121.0,Population,2022,362,120.7,Deaths,2021-2023,100000,24.9,Crude Death Rate,25.2,Age-Adjusted Death Rate,22.6,27.8,2030,,,,,,,
2025,7,Deaths Due to Diabetes,Total Population,Total Population,Madera,39,162722,162722.0,Population,2022,142,47.3,Deaths,2021-2023,100000,29.1,Crude Death Rate,25.3,Age-Adjusted Death Rate,21.1,29.5,2030,,,,,,,
2025,7,Deaths Due to Diabetes,Total Population,Total Population,Siskiyou,40,43169,43169.0,Population,2022,53,17.7,Deaths,2021-2023,100000,40.9,Crude Death Rate,25.5,Age-Adjusted Death Rate,18.4,34.4,2030,,,,,,,
2025,7,Deaths Due to Diabetes,Total Population,Total Population,Sierra,41,3077,3077.0,Population,2022,6,2.0,Deaths,2021-2023,100000,65.0,Crude Death Rate,25.5,Age-Adjusted Death Rate,9.4,55.6,2030,,,,,,4,Rates with a relative standard error greater than or equal to 23 percent are deemed unreliable.
2025,7,Deaths Due to Diabetes,Total Population,Total Population,Sacramento,42,1571846,1571846.0,Population,2022,1448,482.7,Deaths,2021-2023,100000,30.7,Crude Death Rate,26.1,Age-Adjusted Death Rate,24.7,27.5,2030,,,,,,,
2025,7,Deaths Due to Diabetes,Total Population,Total Population,Solano,43,448896,448896.0,Population,2022,488,162.7,Deaths,2021-2023,100000,36.2,Crude Death Rate,27.4,Age-Adjusted Death Rate,24.9,29.9,2030,,,,,,,
2025,7,Deaths Due to Diabetes,Total Population,Total Population,Los Angeles,44,10208717,10208717.0,Population,2022,10573,3524.3,Deaths,2021-2023,100000,34.5,Crude Death Rate,27.6,Age-Adjusted Death Rate,27.1,28.2,2030,,,,,,,
2025,7,Deaths Due to Diabetes,Total Population,Total Population,Glenn,45,29212,29212.0,Population,2022,30,10.0,Deaths,2021-2023,100000,34.2,Crude Death Rate,27.8,Age-Adjusted Death Rate,18.5,40.2,2030,,,,,,,
2025,7,Deaths Due to Diabetes,Total Population,Total Population,Tehama,46,64023,64023.0,Population,2022,76,25.3,Deaths,2021-2023,100000,39.6,Crude Death Rate,28.2,Age-Adjusted Death Rate,22.0,35.7,2030,,,,,,,
2025,7,Deaths Due to Diabetes,Total Population,Total Population,San Joaquin,47,783706,783706.0,Population,2022,740,246.7,Deaths,2021-2023,100000,31.5,Crude Death Rate,28.8,Age-Adjusted Death Rate,26.7,30.9,2030,,,,,,,
2025,7,Deaths Due to Diabetes,Total Population,Total Population,Fresno,48,1029118,1029118.0,Population,2022,936,312.0,Deaths,2021-2023,100000,30.3,Crude Death Rate,29.3,Age-Adjusted Death Rate,27.4,31.2,2030,,,,,,,
2025,7,Deaths Due to Diabetes,Total Population,Total Population,Kings,49,156164,156164.0,Population,2022,120,40.0,Deaths,2021-2023,100000,25.6,Crude Death Rate,29.8,Age-Adjusted Death Rate,24.4,35.2,2030,,,,,,,
2025,7,Deaths Due to Diabetes,Total Population,Total Population,Yuba,50,78666,78666.0,Population,2022,77,25.7,Deaths,2021-2023,100000,32.6,Crude Death Rate,30.0,Age-Adjusted Death Rate,23.6,37.7,2030,,,,,,,
2025,7,Deaths Due to Diabetes,Total Population,Total Population,Stanislaus,51,566365,566365.0,Population,2022,616,205.3,Deaths,2021-2023,100000,36.3,Crude Death Rate,33.2,Age-Adjusted Death Rate,30.5,35.8,2030,,,,,,,
2025,7,Deaths Due to Diabetes,Total Population,Total Population,Imperial,52,192960,192960.0,Population,2022,220,73.3,Deaths,2021-2023,100000,38.0,Crude Death Rate,33.5,Age-Adjusted Death Rate,29.0,38.0,2030,,,,,,,
2025,7,Deaths Due to Diabetes,Total Population,Total Population,Plumas,53,19041,19041.0,Population,2022,34,11.3,Deaths,2021-2023,100000,59.5,Crude Death Rate,34.3,Age-Adjusted Death Rate,22.0,51.0,2030,,,,,,,
2025,7,Deaths Due to Diabetes,Total Population,Total Population,San Bernardino,54,2216865,2216865.0,Population,2022,2383,794.3,Deaths,2021-2023,100000,35.8,Crude Death Rate,34.8,Age-Adjusted Death Rate,33.4,36.2,2030,,,,,,,
2025,7,Deaths Due to Diabetes,Total Population,Total Population,San Benito,55,62124,62124.0,Population,2022,80,26.7,Deaths,2021-2023,100000,42.9,Crude Death Rate,37.0,Age-Adjusted Death Rate,29.2,46.2,2030,,,,,,,
2025,7,Deaths Due to Diabetes,Total Population,Total Population,Merced,56,288601,288601.0,Population,2022,314,104.7,Deaths,2021-2023,100000,36.3,Crude Death Rate,38.0,Age-Adjusted Death Rate,33.8,42.3,2030,,,,,,,
2025,7,Deaths Due to Diabetes,Total Population,Total Population,Kern,57,929851,929851.0,Population,2022,1199,399.7,Deaths,2021-2023,100000,43.0,Crude Death Rate,45.9,Age-Adjusted Death Rate,43.2,48.5,2030,,,,,,,
2025,7,Deaths Due to Diabetes,Total Population,Total Population,Del Norte,58,26792,26792.0,Population,2022,47,15.7,Deaths,2021-2023,100000,58.5,Crude Death Rate,47.1,Age-Adjusted Death Rate,34.0,63.7,2030,,,,,,,
2025,8,Deaths Due to Alzheimer's Disease,Total Population,Total Population,Alpine,1,1139,1139.0,Population,2022,0,0.0,Deaths,2021-2023,100000,,Crude Death Rate,,Age-Adjusted Death Rate,,,2030,,,,,,3,Rates for zero events have not been calculated.
2025,8,Deaths Due to Alzheimer's Disease,Total Population,Total Population,Plumas,2,19041,19041.0,Population,2022,6,2.0,Deaths,2021-2023,100000,10.5,Crude Death Rate,4.2,Age-Adjusted Death Rate,1.5,9.2,2030,,,,,,4,Rates with a relative standard error greater than or equal to 23 percent are deemed unreliable.
2025,8,Deaths Due to Alzheimer's Disease,Total Population,Total Population,Lassen,3,29842,29842.0,Population,2022,8,2.7,Deaths,2021-2023,100000,8.9,Crude Death Rate,6.6,Age-Adjusted Death Rate,2.8,13.0,2030,,,,,,4,Rates with a relative standard error greater than or equal to 23 percent are deemed unreliable.
2025,8,Deaths Due to Alzheimer's Disease,Total Population,Total Population,Inyo,4,18142,18142.0,Population,2022,8,2.7,Deaths,2021-2023,100000,14.7,Crude Death Rate,7.8,Age-Adjusted Death Rate,3.4,15.3,2030,,,,,,4,Rates with a relative standard error greater than or equal to 23 percent are deemed unreliable.
2025,8,Deaths Due to Alzheimer's Disease,Total Population,Total Population,Trinity,5,13156,13156.0,Population,2022,9,3.0,Deaths,2021-2023,100000,22.8,Crude Death Rate,9.0,Age-Adjusted Death Rate,4.1,17.1,2030,,,,,,4,Rates with a relative standard error greater than or equal to 23 percent are deemed unreliable.
2025,8,Deaths Due to Alzheimer's Disease,Total Population,Total Population,Mendocino,6,88353,88353.0,Population,2022,44,14.7,Deaths,2021-2023,100000,16.6,Crude Death Rate,10.8,Age-Adjusted Death Rate,7.8,14.5,2030,,,,,,,
2025,8,Deaths Due to Alzheimer's Disease,Total Population,Total Population,Modoc,7,9374,9374.0,Population,2022,7,2.3,Deaths,2021-2023,100000,24.9,Crude Death Rate,10.8,Age-Adjusted Death Rate,4.4,22.3,2030,,,,,,4,Rates with a relative standard error greater than or equal to 23 percent are deemed unreliable.
2025,8,Deaths Due to Alzheimer's Disease,Total Population,Total Population,Sierra,8,3077,3077.0,Population,2022,3,1.0,Deaths,2021-2023,100000,32.5,Crude Death Rate,12.4,Age-Adjusted Death Rate,2.6,36.3,2030,,,,,,4,Rates with a relative standard error greater than or equal to 23 percent are deemed unreliable.
2025,8,Deaths Due to Alzheimer's Disease,Total Population,Total Population,Del Norte,9,26792,26792.0,Population,2022,15,5.0,Deaths,2021-2023,100000,18.7,Crude Death Rate,12.7,Age-Adjusted Death Rate,7.1,20.9,2030,,,,,,4,Rates with a relative standard error greater than or equal to 23 percent are deemed unreliable.
2025,8,Deaths Due to Alzheimer's Disease,Total Population,Total Population,Mono,10,13898,13898.0,Population,2022,2,0.7,Deaths,2021-2023,100000,4.8,Crude Death Rate,12.9,Age-Adjusted Death Rate,1.6,46.7,2030,,,,,,4,Rates with a relative standard error greater than or equal to 23 percent are deemed unreliable.
2025,8,Deaths Due to Alzheimer's Disease,Total Population,Total Population,Lake,11,64138,64138.0,Population,2022,49,16.3,Deaths,2021-2023,100000,25.5,Crude Death Rate,13.9,Age-Adjusted Death Rate,10.3,18.3,2030,,,,,,,
2025,8,Deaths Due to Alzheimer's Disease,Total Population,Total Population,Mariposa,12,17556,17556.0,Population,2022,19,6.3,Deaths,2021-2023,100000,36.1,Crude Death Rate,14.7,Age-Adjusted Death Rate,8.9,23.0,2030,,,,,,4,Rates with a relative standard error greater than or equal to 23 percent are deemed unreliable.
2025,8,Deaths Due to Alzheimer's Disease,Total Population,Total Population,Tuolumne,13,51670,51670.0,Population,2022,53,17.7,Deaths,2021-2023,100000,34.2,Crude Death Rate,15.6,Age-Adjusted Death Rate,11.7,20.4,2030,,,,,,,
2025,8,Deaths Due to Alzheimer's Disease,Total Population,Total Population,Humboldt,14,134138,134138.0,Population,2022,97,32.3,Deaths,2021-2023,100000,24.1,Crude Death Rate,16.9,Age-Adjusted Death Rate,13.7,20.6,2030,,,,,,,
2025,8,Deaths Due to Alzheimer's Disease,Total Population,Total Population,San Francisco,15,897416,897416.0,Population,2022,805,268.3,Deaths,2021-2023,100000,29.9,Crude Death Rate,18.0,Age-Adjusted Death Rate,16.7,19.2,2030,,,,,,,
2025,8,Deaths Due to Alzheimer's Disease,Total Population,Total Population,Calaveras,16,44150,44150.0,Population,2022,57,19.0,Deaths,2021-2023,100000,43.0,Crude Death Rate,18.7,Age-Adjusted Death Rate,14.1,24.2,2030,,,,,,,
2025,8,Deaths Due to Alzheimer's Disease,Total Population,Total Population,Santa Clara,17,1987898,1987898.0,Population,2022,1702,567.3,Deaths,2021-2023,100000,28.5,Crude Death Rate,20.8,Age-Adjusted Death Rate,19.8,21.8,2030,,,,,,,
2025,8,Deaths Due to Alzheimer's Disease,Total Population,Total Population,Glenn,18,29212,29212.0,Population,2022,23,7.7,Deaths,2021-2023,100000,26.2,Crude Death Rate,20.9,Age-Adjusted Death Rate,13.3,31.4,2030,,,,,,,
2025,8,Deaths Due to Alzheimer's Disease,Total Population,Total Population,Monterey,19,447300,447300.0,Population,2022,349,116.3,Deaths,2021-2023,100000,26.0,Crude Death Rate,21.1,Age-Adjusted Death Rate,18.9,23.3,2030,,,,,,,
2025,8,Deaths Due to Alzheimer's Disease,Total Population,Total Population,San Luis Obispo,20,279268,279268.0,Population,2022,340,113.3,Deaths,2021-2023,100000,40.6,Crude Death Rate,22.7,Age-Adjusted Death Rate,20.3,25.2,2030,,,,,,,
2025,8,Deaths Due to Alzheimer's Disease,Total Population,Total Population,Sonoma,21,502886,502886.0,Population,2022,592,197.3,Deaths,2021-2023,100000,39.2,Crude Death Rate,23.4,Age-Adjusted Death Rate,21.6,25.3,2030,,,,,,,
2025,8,Deaths Due to Alzheimer's Disease,Total Population,Total Population,Santa Cruz,22,276024,276024.0,Population,2022,247,82.3,Deaths,2021-2023,100000,29.8,Crude Death Rate,23.7,Age-Adjusted Death Rate,20.8,26.7,2030,,,,,,,
2025,8,Deaths Due to Alzheimer's Disease,Total Population,Total Population,Imperial,23,192960,192960.0,Population,2022,180,60.0,Deaths,2021-2023,100000,31.1,Crude Death Rate,24.6,Age-Adjusted Death Rate,20.9,28.2,2030,,,,,,,
2025,8,Deaths Due to Alzheimer's Disease,Total Population,Total Population,Alameda,24,1689538,1689538.0,Population,2022,1613,537.7,Deaths,2021-2023,100000,31.8,Crude Death Rate,26.0,Age-Adjusted Death Rate,24.7,27.2,2030,,,,,,,
2025,8,Deaths Due to Alzheimer's Disease,Total Population,Total Population,Tehama,25,64023,64023.0,Population,2022,83,27.7,Deaths,2021-2023,100000,43.2,Crude Death Rate,26.9,Age-Adjusted Death Rate,21.4,33.3,2030,,,,,,,
2025,8,Deaths Due to Alzheimer's Disease,Total Population,Total Population,Marin,26,257795,257795.0,Population,2022,432,144.0,Deaths,2021-2023,100000,55.9,Crude Death Rate,27.2,Age-Adjusted Death Rate,24.7,29.8,2030,,,,,,,
2025,8,Deaths Due to Alzheimer's Disease,Total Population,Total Population,Merced,27,288601,288601.0,Population,2022,217,72.3,Deaths,2021-2023,100000,25.1,Crude Death Rate,27.4,Age-Adjusted Death Rate,23.7,31.0,2030,,,,,,,
2025,8,Deaths Due to Alzheimer's Disease,Total Population,Total Population,San Benito,28,62124,62124.0,Population,2022,55,18.3,Deaths,2021-2023,100000,29.5,Crude Death Rate,27.5,Age-Adjusted Death Rate,20.6,35.8,2030,,,,,,,
2025,8,Deaths Due to Alzheimer's Disease,Total Population,Total Population,Nevada,29,98157,98157.0,Population,2022,190,63.3,Deaths,2021-2023,100000,64.5,Crude Death Rate,27.6,Age-Adjusted Death Rate,23.6,31.5,2030,,,,,,,
2025,8,Deaths Due to Alzheimer's Disease,Total Population,Total Population,San Mateo,30,777635,777635.0,Population,2022,1108,369.3,Deaths,2021-2023,100000,47.5,Crude Death Rate,29.7,Age-Adjusted Death Rate,27.9,31.4,2030,,,,,,,
2025,8,Deaths Due to Alzheimer's Disease,Total Population,Total Population,Amador,31,38161,38161.0,Population,2022,78,26.0,Deaths,2021-2023,100000,68.1,Crude Death Rate,29.9,Age-Adjusted Death Rate,23.6,37.3,2030,,,,,,,
2025,8,Deaths Due to Alzheimer's Disease,Total Population,Total Population,San Diego,32,3356185,3356185.0,Population,2022,3904,1301.3,Deaths,2021-2023,100000,38.8,Crude Death Rate,30.0,Age-Adjusted Death Rate,29.0,30.9,2030,,,,,,,
2025,8,Deaths Due to Alzheimer's Disease,Total Population,Total Population,Butte,33,227736,227736.0,Population,2022,322,107.3,Deaths,2021-2023,100000,47.1,Crude Death Rate,30.9,Age-Adjusted Death Rate,27.6,34.3,2030,,,,,,,
2025,8,Deaths Due to Alzheimer's Disease,Total Population,Total Population,Santa Barbara,34,455127,455127.0,Population,2022,598,199.3,Deaths,2021-2023,100000,43.8,Crude Death Rate,31.2,Age-Adjusted Death Rate,28.7,33.7,2030,,,,,,,
2025,8,Deaths Due to Alzheimer's Disease,Total Population,Total Population,Riverside,35,2506351,2506351.0,Population,2022,3173,1057.7,Deaths,2021-2023,100000,42.2,Crude Death Rate,31.7,Age-Adjusted Death Rate,30.6,32.9,2030,,,,,,,
2025,8,Deaths Due to Alzheimer's Disease,Total Population,Total Population,Orange,36,3218111,3218111.0,Population,2022,4249,1416.3,Deaths,2021-2023,100000,44.0,Crude Death Rate,31.8,Age-Adjusted Death Rate,30.8,32.8,2030,,,,,,,
2025,8,Deaths Due to Alzheimer's Disease,Total Population,Total Population,CALIFORNIA,,40146003,40146003.0,Population,2022,50282,16760.7,Deaths,2021-2023,100000,41.7,Crude Death Rate,32.3,Age-Adjusted Death Rate,32.0,32.5,2030,,,,,,,
2025,8,Deaths Due to Alzheimer's Disease,Total Population,Total Population,El Dorado,37,190012,190012.0,Population,2022,306,102.0,Deaths,2021-2023,100000,53.7,Crude Death Rate,32.5,Age-Adjusted Death Rate,28.9,36.2,2030,,,,,,,
2025,8,Deaths Due to Alzheimer's Disease,Total Population,Total Population,Solano,38,448896,448896.0,Population,2022,589,196.3,Deaths,2021-2023,100000,43.7,Crude Death Rate,32.6,Age-Adjusted Death Rate,29.9,35.2,2030,,,,,,,
2025,8,Deaths Due to Alzheimer's Disease,Total Population,Total Population,Napa,39,139518,139518.0,Population,2022,219,73.0,Deaths,2021-2023,100000,52.3,Crude Death Rate,32.9,Age-Adjusted Death Rate,28.5,37.3,2030,,,,,,,
2025,8,Deaths Due to Alzheimer's Disease,Total Population,Total Population,San Joaquin,40,783706,783706.0,Population,2022,748,249.3,Deaths,2021-2023,100000,31.8,Crude Death Rate,33.0,Age-Adjusted Death Rate,30.6,35.3,2030,,,,,,,
2025,8,Deaths Due to Alzheimer's Disease,Total Population,Total Population,Stanislaus,41,566365,566365.0,Population,2022,595,198.3,Deaths,2021-2023,100000,35.0,Crude Death Rate,33.2,Age-Adjusted Death Rate,30.5,35.8,2030,,,,,,,
2025,8,Deaths Due to Alzheimer's Disease,Total Population,Total Population,Yuba,42,78666,78666.0,Population,2022,71,23.7,Deaths,2021-2023,100000,30.1,Crude Death Rate,33.3,Age-Adjusted Death Rate,26.0,42.1,2030,,,,,,,
2025,8,Deaths Due to Alzheimer's Disease,Total Population,Total Population,Kings,43,156164,156164.0,Population,2022,132,44.0,Deaths,2021-2023,100000,28.2,Crude Death Rate,33.5,Age-Adjusted Death Rate,27.7,39.2,2030,,,,,,,
2025,8,Deaths Due to Alzheimer's Disease,Total Population,Total Population,Contra Costa,44,1168294,1168294.0,Population,2022,1658,552.7,Deaths,2021-2023,100000,47.3,Crude Death Rate,34.5,Age-Adjusted Death Rate,32.9,36.2,2030,,,,,,,
2025,8,Deaths Due to Alzheimer's Disease,Total Population,Total Population,Los Angeles,45,10208717,10208717.0,Population,2022,13889,4629.7,Deaths,2021-2023,100000,45.4,Crude Death Rate,34.7,Age-Adjusted Death Rate,34.1,35.3,2030,,,,,,,
2025,8,Deaths Due to Alzheimer's Disease,Total Population,Total Population,Siskiyou,46,43169,43169.0,Population,2022,100,33.3,Deaths,2021-2023,100000,77.2,Crude Death Rate,35.5,Age-Adjusted Death Rate,28.5,42.4,2030,,,,,,,
2025,8,Deaths Due to Alzheimer's Disease,Total Population,Total Population,Sutter,47,99781,99781.0,Population,2022,139,46.3,Deaths,2021-2023,100000,46.4,Crude Death Rate,36.0,Age-Adjusted Death Rate,30.0,42.0,2030,,,,,,,
2025,8,Deaths Due to Alzheimer's Disease,Total Population,Total Population,San Bernardino,48,2216865,2216865.0,Population,2022,2249,749.7,Deaths,2021-2023,100000,33.8,Crude Death Rate,36.7,Age-Adjusted Death Rate,35.2,38.3,2030,,,,,,,
2025,8,Deaths Due to Alzheimer's Disease,Total Population,Total Population,Placer,49,400664,400664.0,Population,2022,836,278.7,Deaths,2021-2023,100000,69.6,Crude Death Rate,37.6,Age-Adjusted Death Rate,35.0,40.1,2030,,,,,,,
2025,8,Deaths Due to Alzheimer's Disease,Total Population,Total Population,Yolo,50,228380,228380.0,Population,2022,285,95.0,Deaths,2021-2023,100000,41.6,Crude Death Rate,38.8,Age-Adjusted Death Rate,34.2,43.3,2030,,,,,,,
2025,8,Deaths Due to Alzheimer's Disease,Total Population,Total Population,Colusa,51,22872,22872.0,Population,2022,33,11.0,Deaths,2021-2023,100000,48.1,Crude Death Rate,39.3,Age-Adjusted Death Rate,27.1,55.2,2030,,,,,,,
2025,8,Deaths Due to Alzheimer's Disease,Total Population,Total Population,Madera,52,162722,162722.0,Population,2022,236,78.7,Deaths,2021-2023,100000,48.3,Crude Death Rate,39.4,Age-Adjusted Death Rate,34.4,44.4,2030,,,,,,,
2025,8,Deaths Due to Alzheimer's Disease,Total Population,Total Population,Sacramento,53,1571846,1571846.0,Population,2022,2262,754.0,Deaths,2021-2023,100000,48.0,Crude Death Rate,41.8,Age-Adjusted Death Rate,40.0,43.5,2030,,,,,,,
2025,8,Deaths Due to Alzheimer's Disease,Total Population,Total Population,Ventura,54,851620,851620.0,Population,2022,1450,483.3,Deaths,2021-2023,100000,56.8,Crude Death Rate,42.0,Age-Adjusted Death Rate,39.9,44.2,2030,,,,,,,
2025,8,Deaths Due to Alzheimer's Disease,Total Population,Total Population,Shasta,55,176682,176682.0,Population,2022,363,121.0,Deaths,2021-2023,100000,68.5,Crude Death Rate,42.5,Age-Adjusted Death Rate,38.1,46.9,2030,,,,,,,
2025,8,Deaths Due to Alzheimer's Disease,Total Population,Total Population,Kern,56,929851,929851.0,Population,2022,1095,365.0,Deaths,2021-2023,100000,39.3,Crude Death Rate,46.5,Age-Adjusted Death Rate,43.8,49.3,2030,,,,,,,
2025,8,Deaths Due to Alzheimer's Disease,Total Population,Total Population,Tulare,57,485121,485121.0,Population,2022,692,230.7,Deaths,2021-2023,100000,47.5,Crude Death Rate,51.1,Age-Adjusted Death Rate,47.3,54.9,2030,,,,,,,
2025,8,Deaths Due to Alzheimer's Disease,Total Population,Total Population,Fresno,58,1029118,1029118.0,Population,2022,1698,566.0,Deaths,2021-2023,100000,55.0,Crude Death Rate,53.4,Age-Adjusted Death Rate,50.9,56.0,2030,,,,,,,
2025,9,Deaths Due to Coronary Heart Disease,Total Population,Total Population,Alpine,1,1139,1139.0,Population,2022,2,0.7,Deaths,2021-2023,100000,58.5,Crude Death Rate,24.5,Age-Adjusted Death Rate,3.0,88.6,2030,HDS-02,71.1,Y,,,4,Rates with a relative standard error greater than or equal to 23 percent are deemed unreliable.
2025,9,Deaths Due to Coronary Heart Disease,Total Population,Total Population,San Benito,2,62124,62124.0,Population,2022,74,24.7,Deaths,2021-2023,100000,39.7,Crude Death Rate,34.6,Age-Adjusted Death Rate,27.0,43.6,2030,HDS-02,71.1,Y,,,,
2025,9,Deaths Due to Coronary Heart Disease,Total Population,Total Population,Mono,3,13898,13898.0,Population,2022,15,5.0,Deaths,2021-2023,100000,36.0,Crude Death Rate,38.5,Age-Adjusted Death Rate,17.6,73.0,2030,HDS-02,71.1,Y,,,4,Rates with a relative standard error greater than or equal to 23 percent are deemed unreliable.
2025,9,Deaths Due to Coronary Heart Disease,Total Population,Total Population,Santa Cruz,4,276024,276024.0,Population,2022,441,147.0,Deaths,2021-2023,100000,53.3,Crude Death Rate,40.2,Age-Adjusted Death Rate,36.4,44.0,2030,HDS-02,71.1,Y,,,,
2025,9,Deaths Due to Coronary Heart Disease,Total Population,Total Population,Santa Clara,5,1987898,1987898.0,Population,2022,3350,1116.7,Deaths,2021-2023,100000,56.2,Crude Death Rate,42.5,Age-Adjusted Death Rate,41.1,44.0,2030,HDS-02,71.1,Y,,,,
2025,9,Deaths Due to Coronary Heart Disease,Total Population,Total Population,Monterey,6,447300,447300.0,Population,2022,685,228.3,Deaths,2021-2023,100000,51.0,Crude Death Rate,42.5,Age-Adjusted Death Rate,39.3,45.8,2030,HDS-02,71.1,Y,,,,
2025,9,Deaths Due to Coronary Heart Disease,Total Population,Total Population,Marin,7,257795,257795.0,Population,2022,684,228.0,Deaths,2021-2023,100000,88.4,Crude Death Rate,44.7,Age-Adjusted Death Rate,41.3,48.1,2030,HDS-02,71.1,Y,,,,
2025,9,Deaths Due to Coronary Heart Disease,Total Population,Total Population,San Mateo,8,777635,777635.0,Population,2022,1617,539.0,Deaths,2021-2023,100000,69.3,Crude Death Rate,45.6,Age-Adjusted Death Rate,43.3,47.8,2030,HDS-02,71.1,Y,,,,
2025,9,Deaths Due to Coronary Heart Disease,Total Population,Total Population,San Luis Obispo,9,279268,279268.0,Population,2022,704,234.7,Deaths,2021-2023,100000,84.0,Crude Death Rate,48.2,Age-Adjusted Death Rate,44.6,51.9,2030,HDS-02,71.1,Y,,,,
2025,9,Deaths Due to Coronary Heart Disease,Total Population,Total Population,Contra Costa,10,1168294,1168294.0,Population,2022,2421,807.0,Deaths,2021-2023,100000,69.1,Crude Death Rate,50.0,Age-Adjusted Death Rate,48.0,52.0,2030,HDS-02,71.1,Y,,,,
2025,9,Deaths Due to Coronary Heart Disease,Total Population,Total Population,Alameda,11,1689538,1689538.0,Population,2022,3330,1110.0,Deaths,2021-2023,100000,65.7,Crude Death Rate,52.9,Age-Adjusted Death Rate,51.1,54.7,2030,HDS-02,71.1,Y,,,,
2025,9,Deaths Due to Coronary Heart Disease,Total Population,Total Population,Solano,12,448896,448896.0,Population,2022,987,329.0,Deaths,2021-2023,100000,73.3,Crude Death Rate,53.9,Age-Adjusted Death Rate,50.5,57.3,2030,HDS-02,71.1,Y,,,,
2025,9,Deaths Due to Coronary Heart Disease,Total Population,Total Population,Sonoma,13,502886,502886.0,Population,2022,1368,456.0,Deaths,2021-2023,100000,90.7,Crude Death Rate,54.8,Age-Adjusted Death Rate,51.9,57.8,2030,HDS-02,71.1,Y,,,,
2025,9,Deaths Due to Coronary Heart Disease,Total Population,Total Population,Yolo,14,228380,228380.0,Population,2022,405,135.0,Deaths,2021-2023,100000,59.1,Crude Death Rate,55.7,Age-Adjusted Death Rate,50.2,61.2,2030,HDS-02,71.1,Y,,,,
2025,9,Deaths Due to Coronary Heart Disease,Total Population,Total Population,San Diego,15,3356185,3356185.0,Population,2022,7483,2494.3,Deaths,2021-2023,100000,74.3,Crude Death Rate,58.3,Age-Adjusted Death Rate,57.0,59.6,2030,HDS-02,71.1,Y,,,,
2025,9,Deaths Due to Coronary Heart Disease,Total Population,Total Population,Imperial,16,192960,192960.0,Population,2022,397,132.3,Deaths,2021-2023,100000,68.6,Crude Death Rate,60.0,Age-Adjusted Death Rate,54.0,66.0,2030,HDS-02,71.1,Y,,,,
2025,9,Deaths Due to Coronary Heart Disease,Total Population,Total Population,Inyo,17,18142,18142.0,Population,2022,62,20.7,Deaths,2021-2023,100000,113.9,Crude Death Rate,60.6,Age-Adjusted Death Rate,45.9,78.6,2030,HDS-02,71.1,Y,,,,
2025,9,Deaths Due to Coronary Heart Disease,Total Population,Total Population,Santa Barbara,18,455127,455127.0,Population,2022,1146,382.0,Deaths,2021-2023,100000,83.9,Crude Death Rate,63.1,Age-Adjusted Death Rate,59.4,66.8,2030,HDS-02,71.1,Y,,,,
2025,9,Deaths Due to Coronary Heart Disease,Total Population,Total Population,Placer,19,400664,400664.0,Population,2022,1305,435.0,Deaths,2021-2023,100000,108.6,Crude Death Rate,63.8,Age-Adjusted Death Rate,60.2,67.3,2030,HDS-02,71.1,Y,,,,
2025,9,Deaths Due to Coronary Heart Disease,Total Population,Total Population,Nevada,20,98157,98157.0,Population,2022,403,134.3,Deaths,2021-2023,100000,136.9,Crude Death Rate,64.5,Age-Adjusted Death Rate,57.7,71.3,2030,HDS-02,71.1,Y,,,,
2025,9,Deaths Due to Coronary Heart Disease,Total Population,Total Population,San Francisco,21,897416,897416.0,Population,2022,2611,870.3,Deaths,2021-2023,100000,97.0,Crude Death Rate,64.8,Age-Adjusted Death Rate,62.2,67.3,2030,HDS-02,71.1,Y,,,,
2025,9,Deaths Due to Coronary Heart Disease,Total Population,Total Population,Colusa,22,22872,22872.0,Population,2022,55,18.3,Deaths,2021-2023,100000,80.2,Crude Death Rate,64.9,Age-Adjusted Death Rate,48.6,84.9,2030,HDS-02,71.1,Y,,,,
2025,9,Deaths Due to Coronary Heart Disease,Total Population,Total Population,Orange,23,3218111,3218111.0,Population,2022,8749,2916.3,Deaths,2021-2023,100000,90.6,Crude Death Rate,66.9,Age-Adjusted Death Rate,65.5,68.3,2030,HDS-02,71.1,Y,,,,
2025,9,Deaths Due to Coronary Heart Disease,Total Population,Total Population,San Joaquin,24,783706,783706.0,Population,2022,1745,581.7,Deaths,2021-2023,100000,74.2,Crude Death Rate,70.0,Age-Adjusted Death Rate,66.7,73.3,2030,HDS-02,71.1,Y,,,,
2025,9,Deaths Due to Coronary Heart Disease,Total Population,Total Population,El Dorado,25,190012,190012.0,Population,2022,662,220.7,Deaths,2021-2023,100000,116.1,Crude Death Rate,71.9,Age-Adjusted Death Rate,66.2,77.7,2030,HDS-02,71.1,N,,,,
2025,9,Deaths Due to Coronary Heart Disease,Total Population,Total Population,Siskiyou,26,43169,43169.0,Population,2022,179,59.7,Deaths,2021-2023,100000,138.2,Crude Death Rate,72.1,Age-Adjusted Death Rate,60.5,83.7,2030,HDS-02,71.1,N,,,,
2025,9,Deaths Due to Coronary Heart Disease,Total Population,Total Population,Trinity,27,13156,13156.0,Population,2022,58,19.3,Deaths,2021-2023,100000,147.0,Crude Death Rate,72.2,Age-Adjusted Death Rate,53.0,96.0,2030,HDS-02,71.1,N,,,,
2025,9,Deaths Due to Coronary Heart Disease,Total Population,Total Population,CALIFORNIA,,40146003,40146003.0,Population,2022,111591,37197.0,Deaths,2021-2023,100000,92.7,Crude Death Rate,72.2,Age-Adjusted Death Rate,71.8,72.7,2030,HDS-02,71.1,N,,,,
2025,9,Deaths Due to Coronary Heart Disease,Total Population,Total Population,Butte,28,227736,227736.0,Population,2022,705,235.0,Deaths,2021-2023,100000,103.2,Crude Death Rate,72.5,Age-Adjusted Death Rate,67.0,78.0,2030,HDS-02,71.1,N,,,,
2025,9,Deaths Due to Coronary Heart Disease,Total Population,Total Population,Calaveras,29,44150,44150.0,Population,2022,203,67.7,Deaths,2021-2023,100000,153.3,Crude Death Rate,72.6,Age-Adjusted Death Rate,61.5,83.8,2030,HDS-02,71.1,N,,,,
2025,9,Deaths Due to Coronary Heart Disease,Total Population,Total Population,Sacramento,30,1571846,1571846.0,Population,2022,4121,1373.7,Deaths,2021-2023,100000,87.4,Crude Death Rate,73.6,Age-Adjusted Death Rate,71.4,75.9,2030,HDS-02,71.1,N,,,,
2025,9,Deaths Due to Coronary Heart Disease,Total Population,Total Population,Merced,31,288601,288601.0,Population,2022,614,204.7,Deaths,2021-2023,100000,70.9,Crude Death Rate,74.0,Age-Adjusted Death Rate,68.1,79.9,2030,HDS-02,71.1,N,,,,
2025,9,Deaths Due to Coronary Heart Disease,Total Population,Total Population,Mariposa,32,17556,17556.0,Population,2022,82,27.3,Deaths,2021-2023,100000,155.7,Crude Death Rate,74.3,Age-Adjusted Death Rate,57.1,95.1,2030,HDS-02,71.1,N,,,,
2025,9,Deaths Due to Coronary Heart Disease,Total Population,Total Population,Ventura,33,851620,851620.0,Population,2022,2580,860.0,Deaths,2021-2023,100000,101.0,Crude Death Rate,74.4,Age-Adjusted Death Rate,71.5,77.3,2030,HDS-02,71.1,N,,,,
2025,9,Deaths Due to Coronary Heart Disease,Total Population,Total Population,Del Norte,34,26792,26792.0,Population,2022,90,30.0,Deaths,2021-2023,100000,112.0,Crude Death Rate,75.0,Age-Adjusted Death Rate,60.2,92.4,2030,HDS-02,71.1,N,,,,
2025,9,Deaths Due to Coronary Heart Disease,Total Population,Total Population,Napa,35,139518,139518.0,Population,2022,506,168.7,Deaths,2021-2023,100000,120.9,Crude Death Rate,76.5,Age-Adjusted Death Rate,69.8,83.3,2030,HDS-02,71.1,N,,,,
2025,9,Deaths Due to Coronary Heart Disease,Total Population,Total Population,Madera,36,162722,162722.0,Population,2022,445,148.3,Deaths,2021-2023,100000,91.2,Crude Death Rate,77.2,Age-Adjusted Death Rate,69.9,84.4,2030,HDS-02,71.1,N,,,,
2025,9,Deaths Due to Coronary Heart Disease,Total Population,Total Population,Sutter,37,99781,99781.0,Population,2022,293,97.7,Deaths,2021-2023,100000,97.9,Crude Death Rate,78.3,Age-Adjusted Death Rate,69.2,87.3,2030,HDS-02,71.1,N,,,,
2025,9,Deaths Due to Coronary Heart Disease,Total Population,Total Population,Tuolumne,38,51670,51670.0,Population,2022,240,80.0,Deaths,2021-2023,100000,154.8,Crude Death Rate,80.2,Age-Adjusted Death Rate,69.1,91.2,2030,HDS-02,71.1,N,,,,
2025,9,Deaths Due to Coronary Heart Disease,Total Population,Total Population,Plumas,39,19041,19041.0,Population,2022,88,29.3,Deaths,2021-2023,100000,154.1,Crude Death Rate,84.2,Age-Adjusted Death Rate,64.7,107.8,2030,HDS-02,71.1,N,,,,
2025,9,Deaths Due to Coronary Heart Disease,Total Population,Total Population,Los Angeles,40,10208717,10208717.0,Population,2022,33196,11065.3,Deaths,2021-2023,100000,108.4,Crude Death Rate,84.4,Age-Adjusted Death Rate,83.5,85.3,2030,HDS-02,71.1,N,,,,
2025,9,Deaths Due to Coronary Heart Disease,Total Population,Total Population,Kings,41,156164,156164.0,Population,2022,339,113.0,Deaths,2021-2023,100000,72.4,Crude Death Rate,84.7,Age-Adjusted Death Rate,75.6,93.8,2030,HDS-02,71.1,N,,,,
2025,9,Deaths Due to Coronary Heart Disease,Total Population,Total Population,Stanislaus,42,566365,566365.0,Population,2022,1591,530.3,Deaths,2021-2023,100000,93.6,Crude Death Rate,86.3,Age-Adjusted Death Rate,82.0,90.6,2030,HDS-02,71.1,N,,,,
2025,9,Deaths Due to Coronary Heart Disease,Total Population,Total Population,Tulare,43,485121,485121.0,Population,2022,1264,421.3,Deaths,2021-2023,100000,86.9,Crude Death Rate,89.2,Age-Adjusted Death Rate,84.3,94.2,2030,HDS-02,71.1,N,,,,
2025,9,Deaths Due to Coronary Heart Disease,Total Population,Total Population,Humboldt,44,134138,134138.0,Population,2022,498,166.0,Deaths,2021-2023,100000,123.8,Crude Death Rate,90.0,Age-Adjusted Death Rate,81.9,98.2,2030,HDS-02,71.1,N,,,,
2025,9,Deaths Due to Coronary Heart Disease,Total Population,Total Population,Mendocino,45,88353,88353.0,Population,2022,383,127.7,Deaths,2021-2023,100000,144.5,Crude Death Rate,91.3,Age-Adjusted Death Rate,81.9,100.7,2030,HDS-02,71.1,N,,,,
2025,9,Deaths Due to Coronary Heart Disease,Total Population,Total Population,Riverside,46,2506351,2506351.0,Population,2022,9039,3013.0,Deaths,2021-2023,100000,120.2,Crude Death Rate,92.1,Age-Adjusted Death Rate,90.2,94.0,2030,HDS-02,71.1,N,,,,
2025,9,Deaths Due to Coronary Heart Disease,Total Population,Total Population,San Bernardino,47,2216865,2216865.0,Population,2022,6118,2039.3,Deaths,2021-2023,100000,92.0,Crude Death Rate,92.9,Age-Adjusted Death Rate,90.5,95.2,2030,HDS-02,71.1,N,,,,
2025,9,Deaths Due to Coronary Heart Disease,Total Population,Total Population,Fresno,48,1029118,1029118.0,Population,2022,3039,1013.0,Deaths,2021-2023,100000,98.4,Crude Death Rate,94.6,Age-Adjusted Death Rate,91.2,98.0,2030,HDS-02,71.1,N,,,,
2025,9,Deaths Due to Coronary Heart Disease,Total Population,Total Population,Sierra,49,3077,3077.0,Population,2022,21,7.0,Deaths,2021-2023,100000,227.5,Crude Death Rate,95.1,Age-Adjusted Death Rate,55.4,152.3,2030,HDS-02,71.1,N,,,4,Rates with a relative standard error greater than or equal to 23 percent are deemed unreliable.
2025,9,Deaths Due to Coronary Heart Disease,Total Population,Total Population,Modoc,50,9374,9374.0,Population,2022,56,18.7,Deaths,2021-2023,100000,199.1,Crude Death Rate,95.2,Age-Adjusted Death Rate,70.7,125.6,2030,HDS-02,71.1,N,,,,
2025,9,Deaths Due to Coronary Heart Disease,Total Population,Total Population,Lassen,51,29842,29842.0,Population,2022,118,39.3,Deaths,2021-2023,100000,131.8,Crude Death Rate,95.9,Age-Adjusted Death Rate,78.3,113.5,2030,HDS-02,71.1,N,,,,
2025,9,Deaths Due to Coronary Heart Disease,Total Population,Total Population,Tehama,52,64023,64023.0,Population,2022,278,92.7,Deaths,2021-2023,100000,144.7,Crude Death Rate,96.3,Age-Adjusted Death Rate,84.7,108.0,2030,HDS-02,71.1,N,,,,
2025,9,Deaths Due to Coronary Heart Disease,Total Population,Total Population,Shasta,53,176682,176682.0,Population,2022,826,275.3,Deaths,2021-2023,100000,155.8,Crude Death Rate,99.4,Age-Adjusted Death Rate,92.5,106.4,2030,HDS-02,71.1,N,,,,
2025,9,Deaths Due to Coronary Heart Disease,Total Population,Total Population,Yuba,54,78666,78666.0,Population,2022,250,83.3,Deaths,2021-2023,100000,105.9,Crude Death Rate,100.9,Age-Adjusted Death Rate,88.2,113.7,2030,HDS-02,71.1,N,,,,
2025,9,Deaths Due to Coronary Heart Disease,Total Population,Total Population,Glenn,55,29212,29212.0,Population,2022,123,41.0,Deaths,2021-2023,100000,140.4,Crude Death Rate,109.9,Age-Adjusted Death Rate,90.1,129.6,2030,HDS-02,71.1,N,,,,
2025,9,Deaths Due to Coronary Heart Disease,Total Population,Total Population,Amador,56,38161,38161.0,Population,2022,254,84.7,Deaths,2021-2023,100000,221.9,Crude Death Rate,110.8,Age-Adjusted Death Rate,96.1,125.5,2030,HDS-02,71.1,N,,,,
2025,9,Deaths Due to Coronary Heart Disease,Total Population,Total Population,Kern,57,929851,929851.0,Population,2022,2895,965.0,Deaths,2021-2023,100000,103.8,Crude Death Rate,111.2,Age-Adjusted Death Rate,107.1,115.3,2030,HDS-02,71.1,N,,,,
2025,9,Deaths Due to Coronary Heart Disease,Total Population,Total Population,Lake,58,64138,64138.0,Population,2022,398,132.7,Deaths,2021-2023,100000,206.8,Crude Death Rate,119.5,Age-Adjusted Death Rate,107.3,131.8,2030,HDS-02,71.1,N,,,,
2025,10,Deaths Due to Cerebrovascular Disease (Stroke),Total Population,Total Population,Sierra,1,3077,3077.0,Population,2022,4,1.3,Deaths,2021-2023,100000,43.3,Crude Death Rate,15.8,Age-Adjusted Death Rate,4.3,40.6,2030,HDS-03,33.4,Y,,,4,Rates with a relative standard error greater than or equal to 23 percent are deemed unreliable.
2025,10,Deaths Due to Cerebrovascular Disease (Stroke),Total Population,Total Population,Alpine,2,1139,1139.0,Population,2022,1,0.3,Deaths,2021-2023,100000,29.3,Crude Death Rate,16.4,Age-Adjusted Death Rate,0.4,91.5,2030,HDS-03,33.4,Y,,,4,Rates with a relative standard error greater than or equal to 23 percent are deemed unreliable.
2025,10,Deaths Due to Cerebrovascular Disease (Stroke),Total Population,Total Population,Plumas,3,19041,19041.0,Population,2022,21,7.0,Deaths,2021-2023,100000,36.8,Crude Death Rate,16.5,Age-Adjusted Death Rate,9.4,26.8,2030,HDS-03,33.4,Y,,,4,Rates with a relative standard error greater than or equal to 23 percent are deemed unreliable.
2025,10,Deaths Due to Cerebrovascular Disease (Stroke),Total Population,Total Population,Mono,4,13898,13898.0,Population,2022,7,2.3,Deaths,2021-2023,100000,16.8,Crude Death Rate,20.5,Age-Adjusted Death Rate,5.6,52.6,2030,HDS-03,33.4,Y,,,4,Rates with a relative standard error greater than or equal to 23 percent are deemed unreliable.
2025,10,Deaths Due to Cerebrovascular Disease (Stroke),Total Population,Total Population,Lassen,5,29842,29842.0,Population,2022,25,8.3,Deaths,2021-2023,100000,27.9,Crude Death Rate,21.2,Age-Adjusted Death Rate,13.6,31.6,2030,HDS-03,33.4,Y,,,,
2025,10,Deaths Due to Cerebrovascular Disease (Stroke),Total Population,Total Population,Trinity,6,13156,13156.0,Population,2022,17,5.7,Deaths,2021-2023,100000,43.1,Crude Death Rate,23.7,Age-Adjusted Death Rate,12.3,41.4,2030,HDS-03,33.4,Y,,,4,Rates with a relative standard error greater than or equal to 23 percent are deemed unreliable.
2025,10,Deaths Due to Cerebrovascular Disease (Stroke),Total Population,Total Population,Colusa,7,22872,22872.0,Population,2022,20,6.7,Deaths,2021-2023,100000,29.1,Crude Death Rate,24.5,Age-Adjusted Death Rate,14.8,38.3,2030,HDS-03,33.4,Y,,,4,Rates with a relative standard error greater than or equal to 23 percent are deemed unreliable.
2025,10,Deaths Due to Cerebrovascular Disease (Stroke),Total Population,Total Population,Modoc,8,9374,9374.0,Population,2022,15,5.0,Deaths,2021-2023,100000,53.3,Crude Death Rate,24.9,Age-Adjusted Death Rate,13.9,41.0,2030,HDS-03,33.4,Y,,,4,Rates with a relative standard error greater than or equal to 23 percent are deemed unreliable.
2025,10,Deaths Due to Cerebrovascular Disease (Stroke),Total Population,Total Population,Mariposa,9,17556,17556.0,Population,2022,33,11.0,Deaths,2021-2023,100000,62.7,Crude Death Rate,25.6,Age-Adjusted Death Rate,17.6,35.9,2030,HDS-03,33.4,Y,,,,
2025,10,Deaths Due to Cerebrovascular Disease (Stroke),Total Population,Total Population,Calaveras,10,44150,44150.0,Population,2022,74,24.7,Deaths,2021-2023,100000,55.9,Crude Death Rate,25.7,Age-Adjusted Death Rate,19.7,33.1,2030,HDS-03,33.4,Y,,,,
2025,10,Deaths Due to Cerebrovascular Disease (Stroke),Total Population,Total Population,Inyo,11,18142,18142.0,Population,2022,28,9.3,Deaths,2021-2023,100000,51.4,Crude Death Rate,26.2,Age-Adjusted Death Rate,17.4,37.9,2030,HDS-03,33.4,Y,,,,
2025,10,Deaths Due to Cerebrovascular Disease (Stroke),Total Population,Total Population,Imperial,12,192960,192960.0,Population,2022,175,58.3,Deaths,2021-2023,100000,30.2,Crude Death Rate,26.4,Age-Adjusted Death Rate,22.4,30.4,2030,HDS-03,33.4,Y,,,,
2025,10,Deaths Due to Cerebrovascular Disease (Stroke),Total Population,Total Population,Santa Clara,13,1987898,1987898.0,Population,2022,2171,723.7,Deaths,2021-2023,100000,36.4,Crude Death Rate,27.3,Age-Adjusted Death Rate,26.1,28.4,2030,HDS-03,33.4,Y,,,,
2025,10,Deaths Due to Cerebrovascular Disease (Stroke),Total Population,Total Population,Marin,14,257795,257795.0,Population,2022,426,142.0,Deaths,2021-2023,100000,55.1,Crude Death Rate,27.4,Age-Adjusted Death Rate,24.7,30.0,2030,HDS-03,33.4,Y,,,,
2025,10,Deaths Due to Cerebrovascular Disease (Stroke),Total Population,Total Population,Lake,15,64138,64138.0,Population,2022,96,32.0,Deaths,2021-2023,100000,49.9,Crude Death Rate,29.2,Age-Adjusted Death Rate,23.5,35.8,2030,HDS-03,33.4,Y,,,,
2025,10,Deaths Due to Cerebrovascular Disease (Stroke),Total Population,Total Population,Nevada,16,98157,98157.0,Population,2022,188,62.7,Deaths,2021-2023,100000,63.8,Crude Death Rate,29.4,Age-Adjusted Death Rate,24.9,33.8,2030,HDS-03,33.4,Y,,,,
2025,10,Deaths Due to Cerebrovascular Disease (Stroke),Total Population,Total Population,San Mateo,17,777635,777635.0,Population,2022,1072,357.3,Deaths,2021-2023,100000,46.0,Crude Death Rate,29.9,Age-Adjusted Death Rate,28.1,31.7,2030,HDS-03,33.4,Y,,,,
2025,10,Deaths Due to Cerebrovascular Disease (Stroke),Total Population,Total Population,Los Angeles,18,10208717,10208717.0,Population,2022,11773,3924.3,Deaths,2021-2023,100000,38.4,Crude Death Rate,30.3,Age-Adjusted Death Rate,29.8,30.9,2030,HDS-03,33.4,Y,,,,
2025,10,Deaths Due to Cerebrovascular Disease (Stroke),Total Population,Total Population,Amador,19,38161,38161.0,Population,2022,76,25.3,Deaths,2021-2023,100000,66.4,Crude Death Rate,31.2,Age-Adjusted Death Rate,24.2,39.7,2030,HDS-03,33.4,Y,,,,
2025,10,Deaths Due to Cerebrovascular Disease (Stroke),Total Population,Total Population,San Francisco,20,897416,897416.0,Population,2022,1297,432.3,Deaths,2021-2023,100000,48.2,Crude Death Rate,31.4,Age-Adjusted Death Rate,29.7,33.2,2030,HDS-03,33.4,Y,,,,
2025,10,Deaths Due to Cerebrovascular Disease (Stroke),Total Population,Total Population,Ventura,21,851620,851620.0,Population,2022,1076,358.7,Deaths,2021-2023,100000,42.1,Crude Death Rate,31.6,Age-Adjusted Death Rate,29.7,33.5,2030,HDS-03,33.4,Y,,,,
2025,10,Deaths Due to Cerebrovascular Disease (Stroke),Total Population,Total Population,Orange,22,3218111,3218111.0,Population,2022,4220,1406.7,Deaths,2021-2023,100000,43.7,Crude Death Rate,32.5,Age-Adjusted Death Rate,31.5,33.5,2030,HDS-03,33.4,Y,,,,
2025,10,Deaths Due to Cerebrovascular Disease (Stroke),Total Population,Total Population,Napa,23,139518,139518.0,Population,2022,215,71.7,Deaths,2021-2023,100000,51.4,Crude Death Rate,32.5,Age-Adjusted Death Rate,28.1,36.9,2030,HDS-03,33.4,Y,,,,
2025,10,Deaths Due to Cerebrovascular Disease (Stroke),Total Population,Total Population,El Dorado,24,190012,190012.0,Population,2022,302,100.7,Deaths,2021-2023,100000,53.0,Crude Death Rate,32.6,Age-Adjusted Death Rate,28.8,36.4,2030,HDS-03,33.4,Y,,,,
2025,10,Deaths Due to Cerebrovascular Disease (Stroke),Total Population,Total Population,Sonoma,25,502886,502886.0,Population,2022,833,277.7,Deaths,2021-2023,100000,55.2,Crude Death Rate,33.8,Age-Adjusted Death Rate,31.5,36.1,2030,HDS-03,33.4,N,,,,
2025,10,Deaths Due to Cerebrovascular Disease (Stroke),Total Population,Total Population,Monterey,26,447300,447300.0,Population,2022,552,184.0,Deaths,2021-2023,100000,41.1,Crude Death Rate,34.4,Age-Adjusted Death Rate,31.5,37.3,2030,HDS-03,33.4,N,,,,
2025,10,Deaths Due to Cerebrovascular Disease (Stroke),Total Population,Total Population,Mendocino,27,88353,88353.0,Population,2022,144,48.0,Deaths,2021-2023,100000,54.3,Crude Death Rate,35.1,Age-Adjusted Death Rate,29.2,41.1,2030,HDS-03,33.4,N,,,,
2025,10,Deaths Due to Cerebrovascular Disease (Stroke),Total Population,Total Population,Riverside,28,2506351,2506351.0,Population,2022,3442,1147.3,Deaths,2021-2023,100000,45.8,Crude Death Rate,35.5,Age-Adjusted Death Rate,34.3,36.7,2030,HDS-03,33.4,N,,,,
2025,10,Deaths Due to Cerebrovascular Disease (Stroke),Total Population,Total Population,Tuolumne,29,51670,51670.0,Population,2022,118,39.3,Deaths,2021-2023,100000,76.1,Crude Death Rate,35.5,Age-Adjusted Death Rate,28.9,42.1,2030,HDS-03,33.4,N,,,,
2025,10,Deaths Due to Cerebrovascular Disease (Stroke),Total Population,Total Population,CALIFORNIA,,40146003,40146003.0,Population,2022,54675,18225.0,Deaths,2021-2023,100000,45.4,Crude Death Rate,35.7,Age-Adjusted Death Rate,35.4,36.0,2030,HDS-03,33.4,N,,,,
2025,10,Deaths Due to Cerebrovascular Disease (Stroke),Total Population,Total Population,Madera,30,162722,162722.0,Population,2022,207,69.0,Deaths,2021-2023,100000,42.4,Crude Death Rate,35.9,Age-Adjusted Death Rate,30.9,40.8,2030,HDS-03,33.4,N,,,,
2025,10,Deaths Due to Cerebrovascular Disease (Stroke),Total Population,Total Population,Del Norte,31,26792,26792.0,Population,2022,43,14.3,Deaths,2021-2023,100000,53.5,Crude Death Rate,35.9,Age-Adjusted Death Rate,25.9,48.6,2030,HDS-03,33.4,N,,,,
2025,10,Deaths Due to Cerebrovascular Disease (Stroke),Total Population,Total Population,Butte,32,227736,227736.0,Population,2022,356,118.7,Deaths,2021-2023,100000,52.1,Crude Death Rate,37.4,Age-Adjusted Death Rate,33.4,41.4,2030,HDS-03,33.4,N,,,,
2025,10,Deaths Due to Cerebrovascular Disease (Stroke),Total Population,Total Population,Alameda,33,1689538,1689538.0,Population,2022,2345,781.7,Deaths,2021-2023,100000,46.3,Crude Death Rate,37.7,Age-Adjusted Death Rate,36.2,39.3,2030,HDS-03,33.4,N,,,,
2025,10,Deaths Due to Cerebrovascular Disease (Stroke),Total Population,Total Population,San Diego,34,3356185,3356185.0,Population,2022,4849,1616.3,Deaths,2021-2023,100000,48.2,Crude Death Rate,37.8,Age-Adjusted Death Rate,36.8,38.9,2030,HDS-03,33.4,N,,,,
2025,10,Deaths Due to Cerebrovascular Disease (Stroke),Total Population,Total Population,Kings,35,156164,156164.0,Population,2022,153,51.0,Deaths,2021-2023,100000,32.7,Crude Death Rate,37.9,Age-Adjusted Death Rate,31.9,44.0,2030,HDS-03,33.4,N,,,,
2025,10,Deaths Due to Cerebrovascular Disease (Stroke),Total Population,Total Population,Siskiyou,36,43169,43169.0,Population,2022,96,32.0,Deaths,2021-2023,100000,74.1,Crude Death Rate,38.5,Age-Adjusted Death Rate,30.6,47.8,2030,HDS-03,33.4,N,,,,
2025,10,Deaths Due to Cerebrovascular Disease (Stroke),Total Population,Total Population,Shasta,37,176682,176682.0,Population,2022,316,105.3,Deaths,2021-2023,100000,59.6,Crude Death Rate,38.6,Age-Adjusted Death Rate,34.2,42.9,2030,HDS-03,33.4,N,,,,
2025,10,Deaths Due to Cerebrovascular Disease (Stroke),Total Population,Total Population,Kern,38,929851,929851.0,Population,2022,989,329.7,Deaths,2021-2023,100000,35.5,Crude Death Rate,38.8,Age-Adjusted Death Rate,36.3,41.2,2030,HDS-03,33.4,N,,,,
2025,10,Deaths Due to Cerebrovascular Disease (Stroke),Total Population,Total Population,Santa Cruz,39,276024,276024.0,Population,2022,412,137.3,Deaths,2021-2023,100000,49.8,Crude Death Rate,39.2,Age-Adjusted Death Rate,35.4,43.1,2030,HDS-03,33.4,N,,,,
2025,10,Deaths Due to Cerebrovascular Disease (Stroke),Total Population,Total Population,Merced,40,288601,288601.0,Population,2022,327,109.0,Deaths,2021-2023,100000,37.8,Crude Death Rate,40.0,Age-Adjusted Death Rate,35.7,44.4,2030,HDS-03,33.4,N,,,,
2025,10,Deaths Due to Cerebrovascular Disease (Stroke),Total Population,Total Population,Tehama,41,64023,64023.0,Population,2022,115,38.3,Deaths,2021-2023,100000,59.9,Crude Death Rate,40.4,Age-Adjusted Death Rate,32.8,48.1,2030,HDS-03,33.4,N,,,,
2025,10,Deaths Due to Cerebrovascular Disease (Stroke),Total Population,Total Population,Fresno,42,1029118,1029118.0,Population,2022,1281,427.0,Deaths,2021-2023,100000,41.5,Crude Death Rate,40.5,Age-Adjusted Death Rate,38.2,42.7,2030,HDS-03,33.4,N,,,,
2025,10,Deaths Due to Cerebrovascular Disease (Stroke),Total Population,Total Population,Tulare,43,485121,485121.0,Population,2022,571,190.3,Deaths,2021-2023,100000,39.2,Crude Death Rate,40.7,Age-Adjusted Death Rate,37.3,44.1,2030,HDS-03,33.4,N,,,,
2025,10,Deaths Due to Cerebrovascular Disease (Stroke),Total Population,Total Population,San Bernardino,44,2216865,2216865.0,Population,2022,2671,890.3,Deaths,2021-2023,100000,40.2,Crude Death Rate,40.8,Age-Adjusted Death Rate,39.2,42.3,2030,HDS-03,33.4,N,,,,
2025,10,Deaths Due to Cerebrovascular Disease (Stroke),Total Population,Total Population,Contra Costa,45,1168294,1168294.0,Population,2022,1951,650.3,Deaths,2021-2023,100000,55.7,Crude Death Rate,40.9,Age-Adjusted Death Rate,39.0,42.7,2030,HDS-03,33.4,N,,,,
2025,10,Deaths Due to Cerebrovascular Disease (Stroke),Total Population,Total Population,Santa Barbara,46,455127,455127.0,Population,2022,784,261.3,Deaths,2021-2023,100000,57.4,Crude Death Rate,41.9,Age-Adjusted Death Rate,38.9,44.9,2030,HDS-03,33.4,N,,,,
2025,10,Deaths Due to Cerebrovascular Disease (Stroke),Total Population,Total Population,Yolo,47,228380,228380.0,Population,2022,312,104.0,Deaths,2021-2023,100000,45.5,Crude Death Rate,42.9,Age-Adjusted Death Rate,38.1,47.7,2030,HDS-03,33.4,N,,,,
2025,10,Deaths Due to Cerebrovascular Disease (Stroke),Total Population,Total Population,Stanislaus,48,566365,566365.0,Population,2022,789,263.0,Deaths,2021-2023,100000,46.4,Crude Death Rate,43.0,Age-Adjusted Death Rate,39.9,46.0,2030,HDS-03,33.4,N,,,,
2025,10,Deaths Due to Cerebrovascular Disease (Stroke),Total Population,Total Population,San Benito,49,62124,62124.0,Population,2022,88,29.3,Deaths,2021-2023,100000,47.2,Crude Death Rate,43.8,Age-Adjusted Death Rate,35.1,54.1,2030,HDS-03,33.4,N,,,,
2025,10,Deaths Due to Cerebrovascular Disease (Stroke),Total Population,Total Population,Glenn,50,29212,29212.0,Population,2022,51,17.0,Deaths,2021-2023,100000,58.2,Crude Death Rate,44.7,Age-Adjusted Death Rate,33.2,58.9,2030,HDS-03,33.4,N,,,,
2025,10,Deaths Due to Cerebrovascular Disease (Stroke),Total Population,Total Population,San Joaquin,51,783706,783706.0,Population,2022,1139,379.7,Deaths,2021-2023,100000,48.4,Crude Death Rate,47.2,Age-Adjusted Death Rate,44.4,49.9,2030,HDS-03,33.4,N,,,,
2025,10,Deaths Due to Cerebrovascular Disease (Stroke),Total Population,Total Population,Placer,52,400664,400664.0,Population,2022,1081,360.3,Deaths,2021-2023,100000,89.9,Crude Death Rate,49.9,Age-Adjusted Death Rate,46.9,52.9,2030,HDS-03,33.4,N,,,,
2025,10,Deaths Due to Cerebrovascular Disease (Stroke),Total Population,Total Population,Solano,53,448896,448896.0,Population,2022,918,306.0,Deaths,2021-2023,100000,68.2,Crude Death Rate,51.3,Age-Adjusted Death Rate,47.9,54.6,2030,HDS-03,33.4,N,,,,
2025,10,Deaths Due to Cerebrovascular Disease (Stroke),Total Population,Total Population,Sacramento,54,1571846,1571846.0,Population,2022,2806,935.3,Deaths,2021-2023,100000,59.5,Crude Death Rate,51.4,Age-Adjusted Death Rate,49.5,53.4,2030,HDS-03,33.4,N,,,,
2025,10,Deaths Due to Cerebrovascular Disease (Stroke),Total Population,Total Population,San Luis Obispo,55,279268,279268.0,Population,2022,804,268.0,Deaths,2021-2023,100000,96.0,Crude Death Rate,54.7,Age-Adjusted Death Rate,50.8,58.5,2030,HDS-03,33.4,N,,,,
2025,10,Deaths Due to Cerebrovascular Disease (Stroke),Total Population,Total Population,Sutter,56,99781,99781.0,Population,2022,213,71.0,Deaths,2021-2023,100000,71.2,Crude Death Rate,55.5,Age-Adjusted Death Rate,48.0,63.0,2030,HDS-03,33.4,N,,,,
2025,10,Deaths Due to Cerebrovascular Disease (Stroke),Total Population,Total Population,Yuba,57,78666,78666.0,Population,2022,165,55.0,Deaths,2021-2023,100000,69.9,Crude Death Rate,74.8,Age-Adjusted Death Rate,63.3,86.4,2030,HDS-03,33.4,N,,,,
2025,10,Deaths Due to Cerebrovascular Disease (Stroke),Total Population,Total Population,Humboldt,58,134138,134138.0,Population,2022,422,140.7,Deaths,2021-2023,100000,104.9,Crude Death Rate,75.1,Age-Adjusted Death Rate,67.8,82.3,2030,HDS-03,33.4,N,,,,
2025,11,Deaths Due to Influenza and Pneumonia,Total Population,Total Population,Sierra,1,3077,3077.0,Population,2022,0,0.0,Deaths,2021-2023,100000,,Crude Death Rate,,Age-Adjusted Death Rate,,,2030,,,,,,3,Rates for zero events have not been calculated.
2025,11,Deaths Due to Influenza and Pneumonia,Total Population,Total Population,Santa Clara,2,1987898,1987898.0,Population,2022,341,113.7,Deaths,2021-2023,100000,5.7,Crude Death Rate,4.3,Age-Adjusted Death Rate,3.8,4.7,2030,,,,,,,
2025,11,Deaths Due to Influenza and Pneumonia,Total Population,Total Population,Marin,3,257795,257795.0,Population,2022,68,22.7,Deaths,2021-2023,100000,8.8,Crude Death Rate,4.3,Age-Adjusted Death Rate,3.4,5.5,2030,,,,,,,
2025,11,Deaths Due to Influenza and Pneumonia,Total Population,Total Population,Napa,4,139518,139518.0,Population,2022,26,8.7,Deaths,2021-2023,100000,6.2,Crude Death Rate,4.3,Age-Adjusted Death Rate,2.7,6.3,2030,,,,,,,
2025,11,Deaths Due to Influenza and Pneumonia,Total Population,Total Population,San Benito,5,62124,62124.0,Population,2022,9,3.0,Deaths,2021-2023,100000,4.8,Crude Death Rate,4.3,Age-Adjusted Death Rate,2.0,8.3,2030,,,,,,4,Rates with a relative standard error greater than or equal to 23 percent are deemed unreliable.
2025,11,Deaths Due to Influenza and Pneumonia,Total Population,Total Population,Mono,6,13898,13898.0,Population,2022,2,0.7,Deaths,2021-2023,100000,4.8,Crude Death Rate,4.6,Age-Adjusted Death Rate,0.6,16.6,2030,,,,,,4,Rates with a relative standard error greater than or equal to 23 percent are deemed unreliable.
2025,11,Deaths Due to Influenza and Pneumonia,Total Population,Total Population,Placer,7,400664,400664.0,Population,2022,94,31.3,Deaths,2021-2023,100000,7.8,Crude Death Rate,4.7,Age-Adjusted Death Rate,3.7,5.8,2030,,,,,,,
2025,11,Deaths Due to Influenza and Pneumonia,Total Population,Total Population,San Mateo,8,777635,777635.0,Population,2022,170,56.7,Deaths,2021-2023,100000,7.3,Crude Death Rate,4.8,Age-Adjusted Death Rate,4.1,5.5,2030,,,,,,,
2025,11,Deaths Due to Influenza and Pneumonia,Total Population,Total Population,San Diego,9,3356185,3356185.0,Population,2022,620,206.7,Deaths,2021-2023,100000,6.2,Crude Death Rate,4.9,Age-Adjusted Death Rate,4.6,5.3,2030,,,,,,,
2025,11,Deaths Due to Influenza and Pneumonia,Total Population,Total Population,San Francisco,10,897416,897416.0,Population,2022,214,71.3,Deaths,2021-2023,100000,7.9,Crude Death Rate,5.2,Age-Adjusted Death Rate,4.5,6.0,2030,,,,,,,
2025,11,Deaths Due to Influenza and Pneumonia,Total Population,Total Population,Santa Barbara,11,455127,455127.0,Population,2022,98,32.7,Deaths,2021-2023,100000,7.2,Crude Death Rate,5.4,Age-Adjusted Death Rate,4.4,6.6,2030,,,,,,,
2025,11,Deaths Due to Influenza and Pneumonia,Total Population,Total Population,Santa Cruz,12,276024,276024.0,Population,2022,58,19.3,Deaths,2021-2023,100000,7.0,Crude Death Rate,5.4,Age-Adjusted Death Rate,4.1,7.1,2030,,,,,,,
2025,11,Deaths Due to Influenza and Pneumonia,Total Population,Total Population,Nevada,13,98157,98157.0,Population,2022,33,11.0,Deaths,2021-2023,100000,11.2,Crude Death Rate,5.4,Age-Adjusted Death Rate,3.6,8.0,2030,,,,,,,
2025,11,Deaths Due to Influenza and Pneumonia,Total Population,Total Population,Sonoma,14,502886,502886.0,Population,2022,139,46.3,Deaths,2021-2023,100000,9.2,Crude Death Rate,5.7,Age-Adjusted Death Rate,4.7,6.7,2030,,,,,,,
2025,11,Deaths Due to Influenza and Pneumonia,Total Population,Total Population,Ventura,15,851620,851620.0,Population,2022,198,66.0,Deaths,2021-2023,100000,7.7,Crude Death Rate,5.9,Age-Adjusted Death Rate,5.1,6.8,2030,,,,,,,
2025,11,Deaths Due to Influenza and Pneumonia,Total Population,Total Population,Monterey,16,447300,447300.0,Population,2022,95,31.7,Deaths,2021-2023,100000,7.1,Crude Death Rate,5.9,Age-Adjusted Death Rate,4.8,7.2,2030,,,,,,,
2025,11,Deaths Due to Influenza and Pneumonia,Total Population,Total Population,Contra Costa,17,1168294,1168294.0,Population,2022,304,101.3,Deaths,2021-2023,100000,8.7,Crude Death Rate,6.3,Age-Adjusted Death Rate,5.6,7.0,2030,,,,,,,
2025,11,Deaths Due to Influenza and Pneumonia,Total Population,Total Population,El Dorado,18,190012,190012.0,Population,2022,54,18.0,Deaths,2021-2023,100000,9.5,Crude Death Rate,6.3,Age-Adjusted Death Rate,4.6,8.4,2030,,,,,,,
2025,11,Deaths Due to Influenza and Pneumonia,Total Population,Total Population,Humboldt,19,134138,134138.0,Population,2022,36,12.0,Deaths,2021-2023,100000,8.9,Crude Death Rate,6.4,Age-Adjusted Death Rate,4.4,9.0,2030,,,,,,,
2025,11,Deaths Due to Influenza and Pneumonia,Total Population,Total Population,Plumas,20,19041,19041.0,Population,2022,9,3.0,Deaths,2021-2023,100000,15.8,Crude Death Rate,6.6,Age-Adjusted Death Rate,3.0,12.5,2030,,,,,,4,Rates with a relative standard error greater than or equal to 23 percent are deemed unreliable.
2025,11,Deaths Due to Influenza and Pneumonia,Total Population,Total Population,Yolo,21,228380,228380.0,Population,2022,54,18.0,Deaths,2021-2023,100000,7.9,Crude Death Rate,7.3,Age-Adjusted Death Rate,5.5,9.6,2030,,,,,,,
2025,11,Deaths Due to Influenza and Pneumonia,Total Population,Total Population,San Luis Obispo,22,279268,279268.0,Population,2022,99,33.0,Deaths,2021-2023,100000,11.8,Crude Death Rate,7.4,Age-Adjusted Death Rate,5.9,9.2,2030,,,,,,,
2025,11,Deaths Due to Influenza and Pneumonia,Total Population,Total Population,Alameda,23,1689538,1689538.0,Population,2022,467,155.7,Deaths,2021-2023,100000,9.2,Crude Death Rate,7.5,Age-Adjusted Death Rate,6.8,8.2,2030,,,,,,,
2025,11,Deaths Due to Influenza and Pneumonia,Total Population,Total Population,Mariposa,24,17556,17556.0,Population,2022,8,2.7,Deaths,2021-2023,100000,15.2,Crude Death Rate,8.2,Age-Adjusted Death Rate,3.0,17.9,2030,,,,,,4,Rates with a relative standard error greater than or equal to 23 percent are deemed unreliable.
2025,11,Deaths Due to Influenza and Pneumonia,Total Population,Total Population,Mendocino,25,88353,88353.0,Population,2022,36,12.0,Deaths,2021-2023,100000,13.6,Crude Death Rate,8.3,Age-Adjusted Death Rate,5.8,11.5,2030,,,,,,,
2025,11,Deaths Due to Influenza and Pneumonia,Total Population,Total Population,Colusa,26,22872,22872.0,Population,2022,7,2.3,Deaths,2021-2023,100000,10.2,Crude Death Rate,8.3,Age-Adjusted Death Rate,3.3,17.1,2030,,,,,,4,Rates with a relative standard error greater than or equal to 23 percent are deemed unreliable.
2025,11,Deaths Due to Influenza and Pneumonia,Total Population,Total Population,Calaveras,27,44150,44150.0,Population,2022,30,10.0,Deaths,2021-2023,100000,22.7,Crude Death Rate,9.2,Age-Adjusted Death Rate,6.2,13.2,2030,,,,,,,
2025,11,Deaths Due to Influenza and Pneumonia,Total Population,Total Population,Madera,28,162722,162722.0,Population,2022,52,17.3,Deaths,2021-2023,100000,10.7,Crude Death Rate,9.3,Age-Adjusted Death Rate,6.9,12.2,2030,,,,,,,
2025,11,Deaths Due to Influenza and Pneumonia,Total Population,Total Population,Sacramento,29,1571846,1571846.0,Population,2022,511,170.3,Deaths,2021-2023,100000,10.8,Crude Death Rate,9.4,Age-Adjusted Death Rate,8.5,10.2,2030,,,,,,,
2025,11,Deaths Due to Influenza and Pneumonia,Total Population,Total Population,Kings,30,156164,156164.0,Population,2022,40,13.3,Deaths,2021-2023,100000,8.5,Crude Death Rate,9.4,Age-Adjusted Death Rate,6.7,12.8,2030,,,,,,,
2025,11,Deaths Due to Influenza and Pneumonia,Total Population,Total Population,CALIFORNIA,,40146003,40146003.0,Population,2022,15317,5105.7,Deaths,2021-2023,100000,12.7,Crude Death Rate,10.0,Age-Adjusted Death Rate,9.9,10.2,2030,,,,,,,
2025,11,Deaths Due to Influenza and Pneumonia,Total Population,Total Population,Solano,31,448896,448896.0,Population,2022,182,60.7,Deaths,2021-2023,100000,13.5,Crude Death Rate,10.3,Age-Adjusted Death Rate,8.7,11.8,2030,,,,,,,
2025,11,Deaths Due to Influenza and Pneumonia,Total Population,Total Population,Alpine,32,1139,1139.0,Population,2022,1,0.3,Deaths,2021-2023,100000,29.3,Crude Death Rate,10.3,Age-Adjusted Death Rate,0.3,57.6,2030,,,,,,4,Rates with a relative standard error greater than or equal to 23 percent are deemed unreliable.
2025,11,Deaths Due to Influenza and Pneumonia,Total Population,Total Population,Glenn,33,29212,29212.0,Population,2022,12,4.0,Deaths,2021-2023,100000,13.7,Crude Death Rate,10.6,Age-Adjusted Death Rate,5.3,19.0,2030,,,,,,4,Rates with a relative standard error greater than or equal to 23 percent are deemed unreliable.
2025,11,Deaths Due to Influenza and Pneumonia,Total Population,Total Population,Lassen,34,29842,29842.0,Population,2022,12,4.0,Deaths,2021-2023,100000,13.4,Crude Death Rate,10.7,Age-Adjusted Death Rate,5.5,18.7,2030,,,,,,4,Rates with a relative standard error greater than or equal to 23 percent are deemed unreliable.
2025,11,Deaths Due to Influenza and Pneumonia,Total Population,Total Population,Riverside,35,2506351,2506351.0,Population,2022,1071,357.0,Deaths,2021-2023,100000,14.2,Crude Death Rate,11.1,Age-Adjusted Death Rate,10.5,11.8,2030,,,,,,,
2025,11,Deaths Due to Influenza and Pneumonia,Total Population,Total Population,Amador,36,38161,38161.0,Population,2022,27,9.0,Deaths,2021-2023,100000,23.6,Crude Death Rate,11.3,Age-Adjusted Death Rate,7.3,16.7,2030,,,,,,,
2025,11,Deaths Due to Influenza and Pneumonia,Total Population,Total Population,Stanislaus,37,566365,566365.0,Population,2022,206,68.7,Deaths,2021-2023,100000,12.1,Crude Death Rate,11.5,Age-Adjusted Death Rate,9.9,13.0,2030,,,,,,,
2025,11,Deaths Due to Influenza and Pneumonia,Total Population,Total Population,Orange,38,3218111,3218111.0,Population,2022,1506,502.0,Deaths,2021-2023,100000,15.6,Crude Death Rate,11.7,Age-Adjusted Death Rate,11.1,12.3,2030,,,,,,,
2025,11,Deaths Due to Influenza and Pneumonia,Total Population,Total Population,Fresno,39,1029118,1029118.0,Population,2022,381,127.0,Deaths,2021-2023,100000,12.3,Crude Death Rate,11.9,Age-Adjusted Death Rate,10.7,13.2,2030,,,,,,,
2025,11,Deaths Due to Influenza and Pneumonia,Total Population,Total Population,Tehama,40,64023,64023.0,Population,2022,35,11.7,Deaths,2021-2023,100000,18.2,Crude Death Rate,11.9,Age-Adjusted Death Rate,8.2,16.7,2030,,,,,,,
2025,11,Deaths Due to Influenza and Pneumonia,Total Population,Total Population,Imperial,41,192960,192960.0,Population,2022,79,26.3,Deaths,2021-2023,100000,13.6,Crude Death Rate,12.2,Age-Adjusted Death Rate,9.6,15.3,2030,,,,,,,
2025,11,Deaths Due to Influenza and Pneumonia,Total Population,Total Population,Lake,42,64138,64138.0,Population,2022,42,14.0,Deaths,2021-2023,100000,21.8,Crude Death Rate,13.4,Age-Adjusted Death Rate,9.4,18.5,2030,,,,,,,
2025,11,Deaths Due to Influenza and Pneumonia,Total Population,Total Population,Sutter,43,99781,99781.0,Population,2022,50,16.7,Deaths,2021-2023,100000,16.7,Crude Death Rate,13.5,Age-Adjusted Death Rate,9.9,17.9,2030,,,,,,,
2025,11,Deaths Due to Influenza and Pneumonia,Total Population,Total Population,Los Angeles,44,10208717,10208717.0,Population,2022,5336,1778.7,Deaths,2021-2023,100000,17.4,Crude Death Rate,13.6,Age-Adjusted Death Rate,13.2,13.9,2030,,,,,,,
2025,11,Deaths Due to Influenza and Pneumonia,Total Population,Total Population,Inyo,45,18142,18142.0,Population,2022,11,3.7,Deaths,2021-2023,100000,20.2,Crude Death Rate,13.6,Age-Adjusted Death Rate,5.9,26.9,2030,,,,,,4,Rates with a relative standard error greater than or equal to 23 percent are deemed unreliable.
2025,11,Deaths Due to Influenza and Pneumonia,Total Population,Total Population,Trinity,46,13156,13156.0,Population,2022,12,4.0,Deaths,2021-2023,100000,30.4,Crude Death Rate,13.6,Age-Adjusted Death Rate,6.8,24.2,2030,,,,,,4,Rates with a relative standard error greater than or equal to 23 percent are deemed unreliable.
2025,11,Deaths Due to Influenza and Pneumonia,Total Population,Total Population,Kern,47,929851,929851.0,Population,2022,360,120.0,Deaths,2021-2023,100000,12.9,Crude Death Rate,13.7,Age-Adjusted Death Rate,12.2,15.1,2030,,,,,,,
2025,11,Deaths Due to Influenza and Pneumonia,Total Population,Total Population,Merced,48,288601,288601.0,Population,2022,113,37.7,Deaths,2021-2023,100000,13.1,Crude Death Rate,14.1,Age-Adjusted Death Rate,11.5,16.7,2030,,,,,,,
2025,11,Deaths Due to Influenza and Pneumonia,Total Population,Total Population,Butte,49,227736,227736.0,Population,2022,131,43.7,Deaths,2021-2023,100000,19.2,Crude Death Rate,14.1,Age-Adjusted Death Rate,11.6,16.6,2030,,,,,,,
2025,11,Deaths Due to Influenza and Pneumonia,Total Population,Total Population,Siskiyou,50,43169,43169.0,Population,2022,30,10.0,Deaths,2021-2023,100000,23.2,Crude Death Rate,14.2,Age-Adjusted Death Rate,9.1,21.2,2030,,,,,,,
2025,11,Deaths Due to Influenza and Pneumonia,Total Population,Total Population,San Bernardino,51,2216865,2216865.0,Population,2022,956,318.7,Deaths,2021-2023,100000,14.4,Crude Death Rate,14.3,Age-Adjusted Death Rate,13.4,15.3,2030,,,,,,,
2025,11,Deaths Due to Influenza and Pneumonia,Total Population,Total Population,Yuba,52,78666,78666.0,Population,2022,36,12.0,Deaths,2021-2023,100000,15.3,Crude Death Rate,14.4,Age-Adjusted Death Rate,10.0,20.1,2030,,,,,,,
2025,11,Deaths Due to Influenza and Pneumonia,Total Population,Total Population,Tulare,53,485121,485121.0,Population,2022,207,69.0,Deaths,2021-2023,100000,14.2,Crude Death Rate,14.6,Age-Adjusted Death Rate,12.6,16.6,2030,,,,,,,
2025,11,Deaths Due to Influenza and Pneumonia,Total Population,Total Population,Tuolumne,54,51670,51670.0,Population,2022,42,14.0,Deaths,2021-2023,100000,27.1,Crude Death Rate,14.8,Age-Adjusted Death Rate,10.3,20.6,2030,,,,,,,
2025,11,Deaths Due to Influenza and Pneumonia,Total Population,Total Population,Shasta,55,176682,176682.0,Population,2022,134,44.7,Deaths,2021-2023,100000,25.3,Crude Death Rate,16.8,Age-Adjusted Death Rate,13.9,19.7,2030,,,,,,,
2025,11,Deaths Due to Influenza and Pneumonia,Total Population,Total Population,Modoc,56,9374,9374.0,Population,2022,8,2.7,Deaths,2021-2023,100000,28.4,Crude Death Rate,18.0,Age-Adjusted Death Rate,5.9,42.1,2030,,,,,,4,Rates with a relative standard error greater than or equal to 23 percent are deemed unreliable.
2025,11,Deaths Due to Influenza and Pneumonia,Total Population,Total Population,San Joaquin,57,783706,783706.0,Population,2022,442,147.3,Deaths,2021-2023,100000,18.8,Crude Death Rate,18.2,Age-Adjusted Death Rate,16.5,19.9,2030,,,,,,,
2025,11,Deaths Due to Influenza and Pneumonia,Total Population,Total Population,Del Norte,58,26792,26792.0,Population,2022,23,7.7,Deaths,2021-2023,100000,28.6,Crude Death Rate,20.7,Age-Adjusted Death Rate,12.8,31.7,2030,,,,,,,
2025,12,Deaths Due to Chronic Lower Respiratory Disease,Total Population,Total Population,Alpine,1,1139,1139.0,Population,2022,1,0.3,Deaths,2021-2023,100000,29.3,Crude Death Rate,10.3,Age-Adjusted Death Rate,0.3,57.6,2030,,,,,,4,Rates with a relative standard error greater than or equal to 23 percent are deemed unreliable.
2025,12,Deaths Due to Chronic Lower Respiratory Disease,Total Population,Total Population,Santa Clara,2,1987898,1987898.0,Population,2022,913,304.3,Deaths,2021-2023,100000,15.3,Crude Death Rate,11.6,Age-Adjusted Death Rate,10.9,12.4,2030,,,,,,,
2025,12,Deaths Due to Chronic Lower Respiratory Disease,Total Population,Total Population,San Mateo,3,777635,777635.0,Population,2022,409,136.3,Deaths,2021-2023,100000,17.5,Crude Death Rate,11.7,Age-Adjusted Death Rate,10.5,12.8,2030,,,,,,,
2025,12,Deaths Due to Chronic Lower Respiratory Disease,Total Population,Total Population,San Francisco,4,897416,897416.0,Population,2022,511,170.3,Deaths,2021-2023,100000,19.0,Crude Death Rate,13.0,Age-Adjusted Death Rate,11.8,14.1,2030,,,,,,,
2025,12,Deaths Due to Chronic Lower Respiratory Disease,Total Population,Total Population,Marin,5,257795,257795.0,Population,2022,225,75.0,Deaths,2021-2023,100000,29.1,Crude Death Rate,14.4,Age-Adjusted Death Rate,12.5,16.3,2030,,,,,,,
2025,12,Deaths Due to Chronic Lower Respiratory Disease,Total Population,Total Population,Imperial,6,192960,192960.0,Population,2022,108,36.0,Deaths,2021-2023,100000,18.7,Crude Death Rate,16.4,Age-Adjusted Death Rate,13.3,19.6,2030,,,,,,,
2025,12,Deaths Due to Chronic Lower Respiratory Disease,Total Population,Total Population,Santa Cruz,7,276024,276024.0,Population,2022,185,61.7,Deaths,2021-2023,100000,22.3,Crude Death Rate,16.7,Age-Adjusted Death Rate,14.3,19.2,2030,,,,,,,
2025,12,Deaths Due to Chronic Lower Respiratory Disease,Total Population,Total Population,Alameda,8,1689538,1689538.0,Population,2022,1063,354.3,Deaths,2021-2023,100000,21.0,Crude Death Rate,16.9,Age-Adjusted Death Rate,15.8,17.9,2030,,,,,,,
2025,12,Deaths Due to Chronic Lower Respiratory Disease,Total Population,Total Population,San Benito,9,62124,62124.0,Population,2022,37,12.3,Deaths,2021-2023,100000,19.9,Crude Death Rate,17.6,Age-Adjusted Death Rate,12.3,24.3,2030,,,,,,,
2025,12,Deaths Due to Chronic Lower Respiratory Disease,Total Population,Total Population,Orange,10,3218111,3218111.0,Population,2022,2432,810.7,Deaths,2021-2023,100000,25.2,Crude Death Rate,18.7,Age-Adjusted Death Rate,18.0,19.5,2030,,,,,,,
2025,12,Deaths Due to Chronic Lower Respiratory Disease,Total Population,Total Population,Santa Barbara,11,455127,455127.0,Population,2022,338,112.7,Deaths,2021-2023,100000,24.8,Crude Death Rate,18.8,Age-Adjusted Death Rate,16.8,20.9,2030,,,,,,,
2025,12,Deaths Due to Chronic Lower Respiratory Disease,Total Population,Total Population,Contra Costa,12,1168294,1168294.0,Population,2022,969,323.0,Deaths,2021-2023,100000,27.6,Crude Death Rate,19.7,Age-Adjusted Death Rate,18.5,21.0,2030,,,,,,,
2025,12,Deaths Due to Chronic Lower Respiratory Disease,Total Population,Total Population,Monterey,13,447300,447300.0,Population,2022,323,107.7,Deaths,2021-2023,100000,24.1,Crude Death Rate,19.9,Age-Adjusted Death Rate,17.7,22.1,2030,,,,,,,
2025,12,Deaths Due to Chronic Lower Respiratory Disease,Total Population,Total Population,Napa,14,139518,139518.0,Population,2022,134,44.7,Deaths,2021-2023,100000,32.0,Crude Death Rate,20.0,Age-Adjusted Death Rate,16.6,23.4,2030,,,,,,,
2025,12,Deaths Due to Chronic Lower Respiratory Disease,Total Population,Total Population,Los Angeles,15,10208717,10208717.0,Population,2022,7826,2608.7,Deaths,2021-2023,100000,25.6,Crude Death Rate,20.1,Age-Adjusted Death Rate,19.6,20.5,2030,,,,,,,
2025,12,Deaths Due to Chronic Lower Respiratory Disease,Total Population,Total Population,Placer,16,400664,400664.0,Population,2022,446,148.7,Deaths,2021-2023,100000,37.1,Crude Death Rate,20.8,Age-Adjusted Death Rate,18.9,22.8,2030,,,,,,,
2025,12,Deaths Due to Chronic Lower Respiratory Disease,Total Population,Total Population,San Diego,17,3356185,3356185.0,Population,2022,2732,910.7,Deaths,2021-2023,100000,27.1,Crude Death Rate,21.3,Age-Adjusted Death Rate,20.5,22.1,2030,,,,,,,
2025,12,Deaths Due to Chronic Lower Respiratory Disease,Total Population,Total Population,Sonoma,18,502886,502886.0,Population,2022,572,190.7,Deaths,2021-2023,100000,37.9,Crude Death Rate,22.2,Age-Adjusted Death Rate,20.4,24.1,2030,,,,,,,
2025,12,Deaths Due to Chronic Lower Respiratory Disease,Total Population,Total Population,Plumas,19,19041,19041.0,Population,2022,29,9.7,Deaths,2021-2023,100000,50.8,Crude Death Rate,22.4,Age-Adjusted Death Rate,14.7,32.6,2030,,,,,,,
2025,12,Deaths Due to Chronic Lower Respiratory Disease,Total Population,Total Population,Mono,20,13898,13898.0,Population,2022,14,4.7,Deaths,2021-2023,100000,33.6,Crude Death Rate,23.0,Age-Adjusted Death Rate,12.3,39.4,2030,,,,,,4,Rates with a relative standard error greater than or equal to 23 percent are deemed unreliable.
2025,12,Deaths Due to Chronic Lower Respiratory Disease,Total Population,Total Population,CALIFORNIA,,40146003,40146003.0,Population,2022,35531,11843.7,Deaths,2021-2023,100000,29.5,Crude Death Rate,23.0,Age-Adjusted Death Rate,22.8,23.3,2030,,,,,,,
2025,12,Deaths Due to Chronic Lower Respiratory Disease,Total Population,Total Population,Yolo,21,228380,228380.0,Population,2022,172,57.3,Deaths,2021-2023,100000,25.1,Crude Death Rate,23.1,Age-Adjusted Death Rate,19.7,26.6,2030,,,,,,,
2025,12,Deaths Due to Chronic Lower Respiratory Disease,Total Population,Total Population,Sierra,22,3077,3077.0,Population,2022,6,2.0,Deaths,2021-2023,100000,65.0,Crude Death Rate,23.9,Age-Adjusted Death Rate,8.8,52.1,2030,,,,,,4,Rates with a relative standard error greater than or equal to 23 percent are deemed unreliable.
2025,12,Deaths Due to Chronic Lower Respiratory Disease,Total Population,Total Population,San Luis Obispo,23,279268,279268.0,Population,2022,358,119.3,Deaths,2021-2023,100000,42.7,Crude Death Rate,24.2,Age-Adjusted Death Rate,21.6,26.7,2030,,,,,,,
2025,12,Deaths Due to Chronic Lower Respiratory Disease,Total Population,Total Population,Ventura,24,851620,851620.0,Population,2022,838,279.3,Deaths,2021-2023,100000,32.8,Crude Death Rate,24.3,Age-Adjusted Death Rate,22.7,26.0,2030,,,,,,,
2025,12,Deaths Due to Chronic Lower Respiratory Disease,Total Population,Total Population,Solano,25,448896,448896.0,Population,2022,447,149.0,Deaths,2021-2023,100000,33.2,Crude Death Rate,24.5,Age-Adjusted Death Rate,22.2,26.8,2030,,,,,,,
2025,12,Deaths Due to Chronic Lower Respiratory Disease,Total Population,Total Population,Mariposa,26,17556,17556.0,Population,2022,33,11.0,Deaths,2021-2023,100000,62.7,Crude Death Rate,25.7,Age-Adjusted Death Rate,17.7,36.1,2030,,,,,,,
2025,12,Deaths Due to Chronic Lower Respiratory Disease,Total Population,Total Population,Mendocino,27,88353,88353.0,Population,2022,114,38.0,Deaths,2021-2023,100000,43.0,Crude Death Rate,25.8,Age-Adjusted Death Rate,20.9,30.6,2030,,,,,,,
2025,12,Deaths Due to Chronic Lower Respiratory Disease,Total Population,Total Population,Nevada,28,98157,98157.0,Population,2022,178,59.3,Deaths,2021-2023,100000,60.4,Crude Death Rate,26.4,Age-Adjusted Death Rate,22.4,30.4,2030,,,,,,,
2025,12,Deaths Due to Chronic Lower Respiratory Disease,Total Population,Total Population,Lassen,29,29842,29842.0,Population,2022,34,11.3,Deaths,2021-2023,100000,38.0,Crude Death Rate,26.9,Age-Adjusted Death Rate,18.5,37.8,2030,,,,,,,
2025,12,Deaths Due to Chronic Lower Respiratory Disease,Total Population,Total Population,Sacramento,30,1571846,1571846.0,Population,2022,1508,502.7,Deaths,2021-2023,100000,32.0,Crude Death Rate,27.3,Age-Adjusted Death Rate,26.0,28.7,2030,,,,,,,
2025,12,Deaths Due to Chronic Lower Respiratory Disease,Total Population,Total Population,Riverside,31,2506351,2506351.0,Population,2022,2787,929.0,Deaths,2021-2023,100000,37.1,Crude Death Rate,28.4,Age-Adjusted Death Rate,27.4,29.5,2030,,,,,,,
2025,12,Deaths Due to Chronic Lower Respiratory Disease,Total Population,Total Population,Kings,32,156164,156164.0,Population,2022,116,38.7,Deaths,2021-2023,100000,24.8,Crude Death Rate,28.4,Age-Adjusted Death Rate,23.2,33.6,2030,,,,,,,
2025,12,Deaths Due to Chronic Lower Respiratory Disease,Total Population,Total Population,Fresno,33,1029118,1029118.0,Population,2022,951,317.0,Deaths,2021-2023,100000,30.8,Crude Death Rate,29.7,Age-Adjusted Death Rate,27.8,31.7,2030,,,,,,,
2025,12,Deaths Due to Chronic Lower Respiratory Disease,Total Population,Total Population,Tulare,34,485121,485121.0,Population,2022,455,151.7,Deaths,2021-2023,100000,31.3,Crude Death Rate,32.0,Age-Adjusted Death Rate,29.0,34.9,2030,,,,,,,
2025,12,Deaths Due to Chronic Lower Respiratory Disease,Total Population,Total Population,El Dorado,35,190012,190012.0,Population,2022,312,104.0,Deaths,2021-2023,100000,54.7,Crude Death Rate,32.0,Age-Adjusted Death Rate,28.4,35.7,2030,,,,,,,
2025,12,Deaths Due to Chronic Lower Respiratory Disease,Total Population,Total Population,Butte,36,227736,227736.0,Population,2022,340,113.3,Deaths,2021-2023,100000,49.8,Crude Death Rate,33.9,Age-Adjusted Death Rate,30.2,37.5,2030,,,,,,,
2025,12,Deaths Due to Chronic Lower Respiratory Disease,Total Population,Total Population,San Joaquin,37,783706,783706.0,Population,2022,851,283.7,Deaths,2021-2023,100000,36.2,Crude Death Rate,34.3,Age-Adjusted Death Rate,32.0,36.7,2030,,,,,,,
2025,12,Deaths Due to Chronic Lower Respiratory Disease,Total Population,Total Population,Stanislaus,38,566365,566365.0,Population,2022,640,213.3,Deaths,2021-2023,100000,37.7,Crude Death Rate,34.4,Age-Adjusted Death Rate,31.7,37.1,2030,,,,,,,
2025,12,Deaths Due to Chronic Lower Respiratory Disease,Total Population,Total Population,Madera,39,162722,162722.0,Population,2022,202,67.3,Deaths,2021-2023,100000,41.4,Crude Death Rate,34.8,Age-Adjusted Death Rate,30.0,39.6,2030,,,,,,,
2025,12,Deaths Due to Chronic Lower Respiratory Disease,Total Population,Total Population,San Bernardino,40,2216865,2216865.0,Population,2022,2338,779.3,Deaths,2021-2023,100000,35.2,Crude Death Rate,35.5,Age-Adjusted Death Rate,34.0,36.9,2030,,,,,,,
2025,12,Deaths Due to Chronic Lower Respiratory Disease,Total Population,Total Population,Merced,41,288601,288601.0,Population,2022,295,98.3,Deaths,2021-2023,100000,34.1,Crude Death Rate,35.5,Age-Adjusted Death Rate,31.4,39.6,2030,,,,,,,
2025,12,Deaths Due to Chronic Lower Respiratory Disease,Total Population,Total Population,Amador,42,38161,38161.0,Population,2022,89,29.7,Deaths,2021-2023,100000,77.7,Crude Death Rate,36.0,Age-Adjusted Death Rate,28.7,44.6,2030,,,,,,,
2025,12,Deaths Due to Chronic Lower Respiratory Disease,Total Population,Total Population,Sutter,43,99781,99781.0,Population,2022,137,45.7,Deaths,2021-2023,100000,45.8,Crude Death Rate,36.4,Age-Adjusted Death Rate,30.3,42.6,2030,,,,,,,
2025,12,Deaths Due to Chronic Lower Respiratory Disease,Total Population,Total Population,Calaveras,44,44150,44150.0,Population,2022,104,34.7,Deaths,2021-2023,100000,78.5,Crude Death Rate,36.6,Age-Adjusted Death Rate,28.5,44.7,2030,,,,,,,
2025,12,Deaths Due to Chronic Lower Respiratory Disease,Total Population,Total Population,Colusa,45,22872,22872.0,Population,2022,32,10.7,Deaths,2021-2023,100000,46.6,Crude Death Rate,36.9,Age-Adjusted Death Rate,25.2,52.1,2030,,,,,,,
2025,12,Deaths Due to Chronic Lower Respiratory Disease,Total Population,Total Population,Tuolumne,46,51670,51670.0,Population,2022,122,40.7,Deaths,2021-2023,100000,78.7,Crude Death Rate,37.2,Age-Adjusted Death Rate,30.3,44.0,2030,,,,,,,
2025,12,Deaths Due to Chronic Lower Respiratory Disease,Total Population,Total Population,Inyo,47,18142,18142.0,Population,2022,40,13.3,Deaths,2021-2023,100000,73.5,Crude Death Rate,37.3,Age-Adjusted Death Rate,26.5,51.0,2030,,,,,,,
2025,12,Deaths Due to Chronic Lower Respiratory Disease,Total Population,Total Population,Humboldt,48,134138,134138.0,Population,2022,229,76.3,Deaths,2021-2023,100000,56.9,Crude Death Rate,38.4,Age-Adjusted Death Rate,33.4,43.5,2030,,,,,,,
2025,12,Deaths Due to Chronic Lower Respiratory Disease,Total Population,Total Population,Glenn,49,29212,29212.0,Population,2022,46,15.3,Deaths,2021-2023,100000,52.5,Crude Death Rate,39.4,Age-Adjusted Death Rate,28.9,52.6,2030,,,,,,,
2025,12,Deaths Due to Chronic Lower Respiratory Disease,Total Population,Total Population,Trinity,50,13156,13156.0,Population,2022,40,13.3,Deaths,2021-2023,100000,101.3,Crude Death Rate,41.6,Age-Adjusted Death Rate,29.6,56.8,2030,,,,,,,
2025,12,Deaths Due to Chronic Lower Respiratory Disease,Total Population,Total Population,Lake,51,64138,64138.0,Population,2022,156,52.0,Deaths,2021-2023,100000,81.1,Crude Death Rate,44.8,Age-Adjusted Death Rate,37.6,51.9,2030,,,,,,,
2025,12,Deaths Due to Chronic Lower Respiratory Disease,Total Population,Total Population,Siskiyou,52,43169,43169.0,Population,2022,112,37.3,Deaths,2021-2023,100000,86.5,Crude Death Rate,44.9,Age-Adjusted Death Rate,36.1,53.6,2030,,,,,,,
2025,12,Deaths Due to Chronic Lower Respiratory Disease,Total Population,Total Population,Tehama,53,64023,64023.0,Population,2022,141,47.0,Deaths,2021-2023,100000,73.4,Crude Death Rate,47.5,Age-Adjusted Death Rate,39.5,55.5,2030,,,,,,,
2025,12,Deaths Due to Chronic Lower Respiratory Disease,Total Population,Total Population,Yuba,54,78666,78666.0,Population,2022,122,40.7,Deaths,2021-2023,100000,51.7,Crude Death Rate,48.5,Age-Adjusted Death Rate,39.8,57.3,2030,,,,,,,
2025,12,Deaths Due to Chronic Lower Respiratory Disease,Total Population,Total Population,Kern,55,929851,929851.0,Population,2022,1304,434.7,Deaths,2021-2023,100000,46.7,Crude Death Rate,50.7,Age-Adjusted Death Rate,48.0,53.5,2030,,,,,,,
2025,12,Deaths Due to Chronic Lower Respiratory Disease,Total Population,Total Population,Modoc,56,9374,9374.0,Population,2022,31,10.3,Deaths,2021-2023,100000,110.2,Crude Death Rate,53.9,Age-Adjusted Death Rate,36.4,76.9,2030,,,,,,,
2025,12,Deaths Due to Chronic Lower Respiratory Disease,Total Population,Total Population,Shasta,57,176682,176682.0,Population,2022,505,168.3,Deaths,2021-2023,100000,95.3,Crude Death Rate,59.7,Age-Adjusted Death Rate,54.4,65.0,2030,,,,,,,
2025,12,Deaths Due to Chronic Lower Respiratory Disease,Total Population,Total Population,Del Norte,58,26792,26792.0,Population,2022,79,26.3,Deaths,2021-2023,100000,98.3,Crude Death Rate,64.9,Age-Adjusted Death Rate,51.2,81.1,2030,,,,,,,
2025,13,Deaths Due to Chronic Liver Disease and Cirrhosis,Total Population,Total Population,San Mateo,1,777635,777635.0,Population,2022,221,73.7,Deaths,2021-2023,100000,9.5,Crude Death Rate,7.3,Age-Adjusted Death Rate,6.3,8.3,2030,SU-02,10.9,Y,,,,
2025,13,Deaths Due to Chronic Liver Disease and Cirrhosis,Total Population,Total Population,San Francisco,2,897416,897416.0,Population,2022,264,88.0,Deaths,2021-2023,100000,9.8,Crude Death Rate,7.6,Age-Adjusted Death Rate,6.7,8.6,2030,SU-02,10.9,Y,,,,
2025,13,Deaths Due to Chronic Liver Disease and Cirrhosis,Total Population,Total Population,Santa Clara,3,1987898,1987898.0,Population,2022,566,188.7,Deaths,2021-2023,100000,9.5,Crude Death Rate,7.9,Age-Adjusted Death Rate,7.3,8.6,2030,SU-02,10.9,Y,,,,
2025,13,Deaths Due to Chronic Liver Disease and Cirrhosis,Total Population,Total Population,Alameda,4,1689538,1689538.0,Population,2022,535,178.3,Deaths,2021-2023,100000,10.6,Crude Death Rate,8.8,Age-Adjusted Death Rate,8.0,9.6,2030,SU-02,10.9,Y,,,,
2025,13,Deaths Due to Chronic Liver Disease and Cirrhosis,Total Population,Total Population,Marin,5,257795,257795.0,Population,2022,93,31.0,Deaths,2021-2023,100000,12.0,Crude Death Rate,8.9,Age-Adjusted Death Rate,7.1,11.2,2030,SU-02,10.9,Y,,,,
2025,13,Deaths Due to Chronic Liver Disease and Cirrhosis,Total Population,Total Population,Contra Costa,6,1168294,1168294.0,Population,2022,464,154.7,Deaths,2021-2023,100000,13.2,Crude Death Rate,10.6,Age-Adjusted Death Rate,9.6,11.6,2030,SU-02,10.9,Y,,,,
2025,13,Deaths Due to Chronic Liver Disease and Cirrhosis,Total Population,Total Population,Lassen,7,29842,29842.0,Population,2022,11,3.7,Deaths,2021-2023,100000,12.3,Crude Death Rate,11.3,Age-Adjusted Death Rate,5.4,20.8,2030,SU-02,10.9,N,,,4,Rates with a relative standard error greater than or equal to 23 percent are deemed unreliable.
2025,13,Deaths Due to Chronic Liver Disease and Cirrhosis,Total Population,Total Population,Sierra,8,3077,3077.0,Population,2022,3,1.0,Deaths,2021-2023,100000,32.5,Crude Death Rate,11.9,Age-Adjusted Death Rate,2.5,34.9,2030,SU-02,10.9,N,,,4,Rates with a relative standard error greater than or equal to 23 percent are deemed unreliable.
2025,13,Deaths Due to Chronic Liver Disease and Cirrhosis,Total Population,Total Population,San Diego,9,3356185,3356185.0,Population,2022,1386,462.0,Deaths,2021-2023,100000,13.8,Crude Death Rate,12.0,Age-Adjusted Death Rate,11.4,12.7,2030,SU-02,10.9,N,,,,
2025,13,Deaths Due to Chronic Liver Disease and Cirrhosis,Total Population,Total Population,Mono,10,13898,13898.0,Population,2022,7,2.3,Deaths,2021-2023,100000,16.8,Crude Death Rate,12.5,Age-Adjusted Death Rate,4.6,27.3,2030,SU-02,10.9,N,,,4,Rates with a relative standard error greater than or equal to 23 percent are deemed unreliable.
2025,13,Deaths Due to Chronic Liver Disease and Cirrhosis,Total Population,Total Population,Placer,11,400664,400664.0,Population,2022,206,68.7,Deaths,2021-2023,100000,17.1,Crude Death Rate,13.1,Age-Adjusted Death Rate,11.2,14.9,2030,SU-02,10.9,N,,,,
2025,13,Deaths Due to Chronic Liver Disease and Cirrhosis,Total Population,Total Population,Orange,12,3218111,3218111.0,Population,2022,1517,505.7,Deaths,2021-2023,100000,15.7,Crude Death Rate,13.2,Age-Adjusted Death Rate,12.6,13.9,2030,SU-02,10.9,N,,,,
2025,13,Deaths Due to Chronic Liver Disease and Cirrhosis,Total Population,Total Population,San Luis Obispo,13,279268,279268.0,Population,2022,148,49.3,Deaths,2021-2023,100000,17.7,Crude Death Rate,13.5,Age-Adjusted Death Rate,11.1,15.9,2030,SU-02,10.9,N,,,,
2025,13,Deaths Due to Chronic Liver Disease and Cirrhosis,Total Population,Total Population,Solano,14,448896,448896.0,Population,2022,209,69.7,Deaths,2021-2023,100000,15.5,Crude Death Rate,13.6,Age-Adjusted Death Rate,11.7,15.5,2030,SU-02,10.9,N,,,,
2025,13,Deaths Due to Chronic Liver Disease and Cirrhosis,Total Population,Total Population,San Benito,15,62124,62124.0,Population,2022,29,9.7,Deaths,2021-2023,100000,15.6,Crude Death Rate,13.7,Age-Adjusted Death Rate,9.0,20.0,2030,SU-02,10.9,N,,,,
2025,13,Deaths Due to Chronic Liver Disease and Cirrhosis,Total Population,Total Population,Santa Barbara,16,455127,455127.0,Population,2022,204,68.0,Deaths,2021-2023,100000,14.9,Crude Death Rate,13.9,Age-Adjusted Death Rate,12.0,15.9,2030,SU-02,10.9,N,,,,
2025,13,Deaths Due to Chronic Liver Disease and Cirrhosis,Total Population,Total Population,Sonoma,17,502886,502886.0,Population,2022,289,96.3,Deaths,2021-2023,100000,19.2,Crude Death Rate,14.3,Age-Adjusted Death Rate,12.5,16.1,2030,SU-02,10.9,N,,,,
2025,13,Deaths Due to Chronic Liver Disease and Cirrhosis,Total Population,Total Population,Napa,18,139518,139518.0,Population,2022,74,24.7,Deaths,2021-2023,100000,17.7,Crude Death Rate,14.3,Age-Adjusted Death Rate,11.0,18.2,2030,SU-02,10.9,N,,,,
2025,13,Deaths Due to Chronic Liver Disease and Cirrhosis,Total Population,Total Population,Monterey,19,447300,447300.0,Population,2022,210,70.0,Deaths,2021-2023,100000,15.6,Crude Death Rate,14.4,Age-Adjusted Death Rate,12.4,16.4,2030,SU-02,10.9,N,,,,
2025,13,Deaths Due to Chronic Liver Disease and Cirrhosis,Total Population,Total Population,CALIFORNIA,,40146003,40146003.0,Population,2022,20160,6720.0,Deaths,2021-2023,100000,16.7,Crude Death Rate,14.4,Age-Adjusted Death Rate,14.2,14.6,2030,SU-02,10.9,N,,,,
2025,13,Deaths Due to Chronic Liver Disease and Cirrhosis,Total Population,Total Population,Santa Cruz,20,276024,276024.0,Population,2022,141,47.0,Deaths,2021-2023,100000,17.0,Crude Death Rate,14.5,Age-Adjusted Death Rate,11.9,17.0,2030,SU-02,10.9,N,,,,
2025,13,Deaths Due to Chronic Liver Disease and Cirrhosis,Total Population,Total Population,Los Angeles,21,10208717,10208717.0,Population,2022,5287,1762.3,Deaths,2021-2023,100000,17.3,Crude Death Rate,14.7,Age-Adjusted Death Rate,14.3,15.1,2030,SU-02,10.9,N,,,,
2025,13,Deaths Due to Chronic Liver Disease and Cirrhosis,Total Population,Total Population,Sacramento,22,1571846,1571846.0,Population,2022,790,263.3,Deaths,2021-2023,100000,16.8,Crude Death Rate,14.9,Age-Adjusted Death Rate,13.9,16.0,2030,SU-02,10.9,N,,,,
2025,13,Deaths Due to Chronic Liver Disease and Cirrhosis,Total Population,Total Population,Yolo,23,228380,228380.0,Population,2022,98,32.7,Deaths,2021-2023,100000,14.3,Crude Death Rate,15.2,Age-Adjusted Death Rate,12.3,18.7,2030,SU-02,10.9,N,,,,
2025,13,Deaths Due to Chronic Liver Disease and Cirrhosis,Total Population,Total Population,Colusa,24,22872,22872.0,Population,2022,13,4.3,Deaths,2021-2023,100000,18.9,Crude Death Rate,15.4,Age-Adjusted Death Rate,8.0,26.9,2030,SU-02,10.9,N,,,4,Rates with a relative standard error greater than or equal to 23 percent are deemed unreliable.
2025,13,Deaths Due to Chronic Liver Disease and Cirrhosis,Total Population,Total Population,Riverside,25,2506351,2506351.0,Population,2022,1386,462.0,Deaths,2021-2023,100000,18.4,Crude Death Rate,16.2,Age-Adjusted Death Rate,15.3,17.1,2030,SU-02,10.9,N,,,,
2025,13,Deaths Due to Chronic Liver Disease and Cirrhosis,Total Population,Total Population,Ventura,26,851620,851620.0,Population,2022,488,162.7,Deaths,2021-2023,100000,19.1,Crude Death Rate,16.3,Age-Adjusted Death Rate,14.8,17.8,2030,SU-02,10.9,N,,,,
2025,13,Deaths Due to Chronic Liver Disease and Cirrhosis,Total Population,Total Population,Imperial,27,192960,192960.0,Population,2022,99,33.0,Deaths,2021-2023,100000,17.1,Crude Death Rate,16.8,Age-Adjusted Death Rate,13.6,20.6,2030,SU-02,10.9,N,,,,
2025,13,Deaths Due to Chronic Liver Disease and Cirrhosis,Total Population,Total Population,El Dorado,28,190012,190012.0,Population,2022,130,43.3,Deaths,2021-2023,100000,22.8,Crude Death Rate,17.6,Age-Adjusted Death Rate,14.2,21.0,2030,SU-02,10.9,N,,,,
2025,13,Deaths Due to Chronic Liver Disease and Cirrhosis,Total Population,Total Population,Stanislaus,29,566365,566365.0,Population,2022,317,105.7,Deaths,2021-2023,100000,18.7,Crude Death Rate,18.1,Age-Adjusted Death Rate,16.0,20.1,2030,SU-02,10.9,N,,,,
2025,13,Deaths Due to Chronic Liver Disease and Cirrhosis,Total Population,Total Population,San Joaquin,30,783706,783706.0,Population,2022,482,160.7,Deaths,2021-2023,100000,20.5,Crude Death Rate,19.0,Age-Adjusted Death Rate,17.3,20.8,2030,SU-02,10.9,N,,,,
2025,13,Deaths Due to Chronic Liver Disease and Cirrhosis,Total Population,Total Population,San Bernardino,31,2216865,2216865.0,Population,2022,1334,444.7,Deaths,2021-2023,100000,20.1,Crude Death Rate,19.4,Age-Adjusted Death Rate,18.3,20.5,2030,SU-02,10.9,N,,,,
2025,13,Deaths Due to Chronic Liver Disease and Cirrhosis,Total Population,Total Population,Yuba,32,78666,78666.0,Population,2022,50,16.7,Deaths,2021-2023,100000,21.2,Crude Death Rate,20.2,Age-Adjusted Death Rate,14.9,26.8,2030,SU-02,10.9,N,,,,
2025,13,Deaths Due to Chronic Liver Disease and Cirrhosis,Total Population,Total Population,Tuolumne,33,51670,51670.0,Population,2022,46,15.3,Deaths,2021-2023,100000,29.7,Crude Death Rate,20.4,Age-Adjusted Death Rate,14.2,28.3,2030,SU-02,10.9,N,,,,
2025,13,Deaths Due to Chronic Liver Disease and Cirrhosis,Total Population,Total Population,Merced,34,288601,288601.0,Population,2022,168,56.0,Deaths,2021-2023,100000,19.4,Crude Death Rate,20.6,Age-Adjusted Death Rate,17.5,23.8,2030,SU-02,10.9,N,,,,
2025,13,Deaths Due to Chronic Liver Disease and Cirrhosis,Total Population,Total Population,Sutter,35,99781,99781.0,Population,2022,65,21.7,Deaths,2021-2023,100000,21.7,Crude Death Rate,20.7,Age-Adjusted Death Rate,15.8,26.5,2030,SU-02,10.9,N,,,,
2025,13,Deaths Due to Chronic Liver Disease and Cirrhosis,Total Population,Total Population,Nevada,36,98157,98157.0,Population,2022,74,24.7,Deaths,2021-2023,100000,25.1,Crude Death Rate,20.9,Age-Adjusted Death Rate,15.7,27.2,2030,SU-02,10.9,N,,,,
2025,13,Deaths Due to Chronic Liver Disease and Cirrhosis,Total Population,Total Population,Fresno,37,1029118,1029118.0,Population,2022,647,215.7,Deaths,2021-2023,100000,21.0,Crude Death Rate,21.0,Age-Adjusted Death Rate,19.4,22.7,2030,SU-02,10.9,N,,,,
2025,13,Deaths Due to Chronic Liver Disease and Cirrhosis,Total Population,Total Population,Madera,38,162722,162722.0,Population,2022,109,36.3,Deaths,2021-2023,100000,22.3,Crude Death Rate,21.5,Age-Adjusted Death Rate,17.4,25.6,2030,SU-02,10.9,N,,,,
2025,13,Deaths Due to Chronic Liver Disease and Cirrhosis,Total Population,Total Population,Calaveras,39,44150,44150.0,Population,2022,37,12.3,Deaths,2021-2023,100000,27.9,Crude Death Rate,21.7,Age-Adjusted Death Rate,14.2,31.8,2030,SU-02,10.9,N,,,,
2025,13,Deaths Due to Chronic Liver Disease and Cirrhosis,Total Population,Total Population,Kern,40,929851,929851.0,Population,2022,594,198.0,Deaths,2021-2023,100000,21.3,Crude Death Rate,22.2,Age-Adjusted Death Rate,20.4,24.0,2030,SU-02,10.9,N,,,,
2025,13,Deaths Due to Chronic Liver Disease and Cirrhosis,Total Population,Total Population,Plumas,41,19041,19041.0,Population,2022,15,5.0,Deaths,2021-2023,100000,26.3,Crude Death Rate,22.4,Age-Adjusted Death Rate,11.2,40.1,2030,SU-02,10.9,N,,,4,Rates with a relative standard error greater than or equal to 23 percent are deemed unreliable.
2025,13,Deaths Due to Chronic Liver Disease and Cirrhosis,Total Population,Total Population,Mendocino,42,88353,88353.0,Population,2022,78,26.0,Deaths,2021-2023,100000,29.4,Crude Death Rate,23.2,Age-Adjusted Death Rate,18.0,29.4,2030,SU-02,10.9,N,,,,
2025,13,Deaths Due to Chronic Liver Disease and Cirrhosis,Total Population,Total Population,Alpine,43,1139,1139.0,Population,2022,2,0.7,Deaths,2021-2023,100000,58.5,Crude Death Rate,23.3,Age-Adjusted Death Rate,2.8,84.0,2030,SU-02,10.9,N,,,4,Rates with a relative standard error greater than or equal to 23 percent are deemed unreliable.
2025,13,Deaths Due to Chronic Liver Disease and Cirrhosis,Total Population,Total Population,Butte,44,227736,227736.0,Population,2022,162,54.0,Deaths,2021-2023,100000,23.7,Crude Death Rate,23.4,Age-Adjusted Death Rate,19.6,27.2,2030,SU-02,10.9,N,,,,
2025,13,Deaths Due to Chronic Liver Disease and Cirrhosis,Total Population,Total Population,Tulare,45,485121,485121.0,Population,2022,334,111.3,Deaths,2021-2023,100000,22.9,Crude Death Rate,23.8,Age-Adjusted Death Rate,21.3,26.4,2030,SU-02,10.9,N,,,,
2025,13,Deaths Due to Chronic Liver Disease and Cirrhosis,Total Population,Total Population,Tehama,46,64023,64023.0,Population,2022,53,17.7,Deaths,2021-2023,100000,27.6,Crude Death Rate,23.8,Age-Adjusted Death Rate,17.4,31.8,2030,SU-02,10.9,N,,,,
2025,13,Deaths Due to Chronic Liver Disease and Cirrhosis,Total Population,Total Population,Humboldt,47,134138,134138.0,Population,2022,108,36.0,Deaths,2021-2023,100000,26.8,Crude Death Rate,24.1,Age-Adjusted Death Rate,19.3,28.9,2030,SU-02,10.9,N,,,,
2025,13,Deaths Due to Chronic Liver Disease and Cirrhosis,Total Population,Total Population,Del Norte,48,26792,26792.0,Population,2022,24,8.0,Deaths,2021-2023,100000,29.9,Crude Death Rate,25.2,Age-Adjusted Death Rate,15.6,38.5,2030,SU-02,10.9,N,,,,
2025,13,Deaths Due to Chronic Liver Disease and Cirrhosis,Total Population,Total Population,Shasta,49,176682,176682.0,Population,2022,171,57.0,Deaths,2021-2023,100000,32.3,Crude Death Rate,25.4,Age-Adjusted Death Rate,21.4,29.5,2030,SU-02,10.9,N,,,,
2025,13,Deaths Due to Chronic Liver Disease and Cirrhosis,Total Population,Total Population,Mariposa,50,17556,17556.0,Population,2022,16,5.3,Deaths,2021-2023,100000,30.4,Crude Death Rate,25.6,Age-Adjusted Death Rate,12.8,45.9,2030,SU-02,10.9,N,,,4,Rates with a relative standard error greater than or equal to 23 percent are deemed unreliable.
2025,13,Deaths Due to Chronic Liver Disease and Cirrhosis,Total Population,Total Population,Glenn,51,29212,29212.0,Population,2022,22,7.3,Deaths,2021-2023,100000,25.1,Crude Death Rate,25.7,Age-Adjusted Death Rate,15.7,39.7,2030,SU-02,10.9,N,,,,
2025,13,Deaths Due to Chronic Liver Disease and Cirrhosis,Total Population,Total Population,Modoc,52,9374,9374.0,Population,2022,10,3.3,Deaths,2021-2023,100000,35.6,Crude Death Rate,26.5,Age-Adjusted Death Rate,11.4,52.1,2030,SU-02,10.9,N,,,4,Rates with a relative standard error greater than or equal to 23 percent are deemed unreliable.
2025,13,Deaths Due to Chronic Liver Disease and Cirrhosis,Total Population,Total Population,Kings,53,156164,156164.0,Population,2022,115,38.3,Deaths,2021-2023,100000,24.5,Crude Death Rate,28.9,Age-Adjusted Death Rate,23.5,34.2,2030,SU-02,10.9,N,,,,
2025,13,Deaths Due to Chronic Liver Disease and Cirrhosis,Total Population,Total Population,Amador,54,38161,38161.0,Population,2022,51,17.0,Deaths,2021-2023,100000,44.5,Crude Death Rate,30.7,Age-Adjusted Death Rate,21.9,41.7,2030,SU-02,10.9,N,,,,
2025,13,Deaths Due to Chronic Liver Disease and Cirrhosis,Total Population,Total Population,Trinity,55,13156,13156.0,Population,2022,17,5.7,Deaths,2021-2023,100000,43.1,Crude Death Rate,32.3,Age-Adjusted Death Rate,17.6,54.1,2030,SU-02,10.9,N,,,4,Rates with a relative standard error greater than or equal to 23 percent are deemed unreliable.
2025,13,Deaths Due to Chronic Liver Disease and Cirrhosis,Total Population,Total Population,Siskiyou,56,43169,43169.0,Population,2022,54,18.0,Deaths,2021-2023,100000,41.7,Crude Death Rate,34.0,Age-Adjusted Death Rate,24.5,46.0,2030,SU-02,10.9,N,,,,
2025,13,Deaths Due to Chronic Liver Disease and Cirrhosis,Total Population,Total Population,Inyo,57,18142,18142.0,Population,2022,22,7.3,Deaths,2021-2023,100000,40.4,Crude Death Rate,34.2,Age-Adjusted Death Rate,19.6,55.6,2030,SU-02,10.9,N,,,4,Rates with a relative standard error greater than or equal to 23 percent are deemed unreliable.
2025,13,Deaths Due to Chronic Liver Disease and Cirrhosis,Total Population,Total Population,Lake,58,64138,64138.0,Population,2022,115,38.3,Deaths,2021-2023,100000,59.8,Crude Death Rate,48.4,Age-Adjusted Death Rate,38.6,58.1,2030,SU-02,10.9,N,,,,
2025,14,Deaths Due to Accidents (Unintentional Injuries),Total Population,Total Population,San Mateo,1,777635,777635.0,Population,2022,800,266.7,Deaths,2021-2023,100000,34.3,Crude Death Rate,30.3,Age-Adjusted Death Rate,28.1,32.5,2030,IVP-03,43.2,Y,,,,
2025,14,Deaths Due to Accidents (Unintentional Injuries),Total Population,Total Population,Santa Clara,2,1987898,1987898.0,Population,2022,2217,739.0,Deaths,2021-2023,100000,37.2,Crude Death Rate,33.0,Age-Adjusted Death Rate,31.6,34.4,2030,IVP-03,43.2,Y,,,,
2025,14,Deaths Due to Accidents (Unintentional Injuries),Total Population,Total Population,Alameda,3,1689538,1689538.0,Population,2022,1989,663.0,Deaths,2021-2023,100000,39.2,Crude Death Rate,36.0,Age-Adjusted Death Rate,34.4,37.6,2030,IVP-03,43.2,Y,,,,
2025,14,Deaths Due to Accidents (Unintentional Injuries),Total Population,Total Population,Imperial,4,192960,192960.0,Population,2022,218,72.7,Deaths,2021-2023,100000,37.7,Crude Death Rate,38.2,Age-Adjusted Death Rate,33.0,43.3,2030,IVP-03,43.2,Y,,,,
2025,14,Deaths Due to Accidents (Unintentional Injuries),Total Population,Total Population,Napa,5,139518,139518.0,Population,2022,197,65.7,Deaths,2021-2023,100000,47.1,Crude Death Rate,39.9,Age-Adjusted Death Rate,34.0,45.7,2030,IVP-03,43.2,Y,,,,
2025,14,Deaths Due to Accidents (Unintentional Injuries),Total Population,Total Population,Marin,6,257795,257795.0,Population,2022,388,129.3,Deaths,2021-2023,100000,50.2,Crude Death Rate,40.5,Age-Adjusted Death Rate,36.0,45.0,2030,IVP-03,43.2,Y,,,,
2025,14,Deaths Due to Accidents (Unintentional Injuries),Total Population,Total Population,Los Angeles,7,10208717,10208717.0,Population,2022,13067,4355.7,Deaths,2021-2023,100000,42.7,Crude Death Rate,40.8,Age-Adjusted Death Rate,40.1,41.5,2030,IVP-03,43.2,Y,,,,
2025,14,Deaths Due to Accidents (Unintentional Injuries),Total Population,Total Population,Contra Costa,8,1168294,1168294.0,Population,2022,1548,516.0,Deaths,2021-2023,100000,44.2,Crude Death Rate,40.9,Age-Adjusted Death Rate,38.8,43.0,2030,IVP-03,43.2,Y,,,,
2025,14,Deaths Due to Accidents (Unintentional Injuries),Total Population,Total Population,Placer,9,400664,400664.0,Population,2022,591,197.0,Deaths,2021-2023,100000,49.2,Crude Death Rate,42.3,Age-Adjusted Death Rate,38.7,45.9,2030,IVP-03,43.2,Y,,,,
2025,14,Deaths Due to Accidents (Unintentional Injuries),Total Population,Total Population,Orange,10,3218111,3218111.0,Population,2022,4265,1421.7,Deaths,2021-2023,100000,44.2,Crude Death Rate,42.5,Age-Adjusted Death Rate,41.2,43.9,2030,IVP-03,43.2,Y,,,,
2025,14,Deaths Due to Accidents (Unintentional Injuries),Total Population,Total Population,Yolo,11,228380,228380.0,Population,2022,296,98.7,Deaths,2021-2023,100000,43.2,Crude Death Rate,43.5,Age-Adjusted Death Rate,38.4,48.7,2030,IVP-03,43.2,N,,,,
2025,14,Deaths Due to Accidents (Unintentional Injuries),Total Population,Total Population,Sonoma,12,502886,502886.0,Population,2022,724,241.3,Deaths,2021-2023,100000,48.0,Crude Death Rate,44.8,Age-Adjusted Death Rate,41.3,48.2,2030,IVP-03,43.2,N,,,,
2025,14,Deaths Due to Accidents (Unintentional Injuries),Total Population,Total Population,Monterey,13,447300,447300.0,Population,2022,657,219.0,Deaths,2021-2023,100000,49.0,Crude Death Rate,47.1,Age-Adjusted Death Rate,43.4,50.7,2030,IVP-03,43.2,N,,,,
2025,14,Deaths Due to Accidents (Unintentional Injuries),Total Population,Total Population,CALIFORNIA,,40146003,40146003.0,Population,2022,63127,21042.3,Deaths,2021-2023,100000,52.4,Crude Death Rate,49.8,Age-Adjusted Death Rate,49.4,50.2,2030,IVP-03,43.2,N,,,,
2025,14,Deaths Due to Accidents (Unintentional Injuries),Total Population,Total Population,El Dorado,14,190012,190012.0,Population,2022,314,104.7,Deaths,2021-2023,100000,55.1,Crude Death Rate,51.4,Age-Adjusted Death Rate,45.2,57.6,2030,IVP-03,43.2,N,,,,
2025,14,Deaths Due to Accidents (Unintentional Injuries),Total Population,Total Population,San Diego,15,3356185,3356185.0,Population,2022,5460,1820.0,Deaths,2021-2023,100000,54.2,Crude Death Rate,51.8,Age-Adjusted Death Rate,50.4,53.2,2030,IVP-03,43.2,N,,,,
2025,14,Deaths Due to Accidents (Unintentional Injuries),Total Population,Total Population,Kings,16,156164,156164.0,Population,2022,224,74.7,Deaths,2021-2023,100000,47.8,Crude Death Rate,52.3,Age-Adjusted Death Rate,45.3,59.3,2030,IVP-03,43.2,N,,,,
2025,14,Deaths Due to Accidents (Unintentional Injuries),Total Population,Total Population,Ventura,17,851620,851620.0,Population,2022,1410,470.0,Deaths,2021-2023,100000,55.2,Crude Death Rate,52.5,Age-Adjusted Death Rate,49.6,55.3,2030,IVP-03,43.2,N,,,,
2025,14,Deaths Due to Accidents (Unintentional Injuries),Total Population,Total Population,Madera,18,162722,162722.0,Population,2022,273,91.0,Deaths,2021-2023,100000,55.9,Crude Death Rate,54.0,Age-Adjusted Death Rate,47.5,60.6,2030,IVP-03,43.2,N,,,,
2025,14,Deaths Due to Accidents (Unintentional Injuries),Total Population,Total Population,San Benito,19,62124,62124.0,Population,2022,102,34.0,Deaths,2021-2023,100000,54.7,Crude Death Rate,54.5,Age-Adjusted Death Rate,43.7,65.4,2030,IVP-03,43.2,N,,,,
2025,14,Deaths Due to Accidents (Unintentional Injuries),Total Population,Total Population,Santa Barbara,20,455127,455127.0,Population,2022,788,262.7,Deaths,2021-2023,100000,57.7,Crude Death Rate,55.5,Age-Adjusted Death Rate,51.5,59.5,2030,IVP-03,43.2,N,,,,
2025,14,Deaths Due to Accidents (Unintentional Injuries),Total Population,Total Population,San Bernardino,21,2216865,2216865.0,Population,2022,3698,1232.7,Deaths,2021-2023,100000,55.6,Crude Death Rate,56.4,Age-Adjusted Death Rate,54.5,58.2,2030,IVP-03,43.2,N,,,,
2025,14,Deaths Due to Accidents (Unintentional Injuries),Total Population,Total Population,Solano,22,448896,448896.0,Population,2022,810,270.0,Deaths,2021-2023,100000,60.1,Crude Death Rate,57.6,Age-Adjusted Death Rate,53.5,61.8,2030,IVP-03,43.2,N,,,,
2025,14,Deaths Due to Accidents (Unintentional Injuries),Total Population,Total Population,Merced,23,288601,288601.0,Population,2022,484,161.3,Deaths,2021-2023,100000,55.9,Crude Death Rate,58.5,Age-Adjusted Death Rate,53.2,63.7,2030,IVP-03,43.2,N,,,,
2025,14,Deaths Due to Accidents (Unintentional Injuries),Total Population,Total Population,Tulare,24,485121,485121.0,Population,2022,808,269.3,Deaths,2021-2023,100000,55.5,Crude Death Rate,58.6,Age-Adjusted Death Rate,54.5,62.7,2030,IVP-03,43.2,N,,,,
2025,14,Deaths Due to Accidents (Unintentional Injuries),Total Population,Total Population,San Joaquin,25,783706,783706.0,Population,2022,1381,460.3,Deaths,2021-2023,100000,58.7,Crude Death Rate,59.0,Age-Adjusted Death Rate,55.9,62.2,2030,IVP-03,43.2,N,,,,
2025,14,Deaths Due to Accidents (Unintentional Injuries),Total Population,Total Population,Fresno,26,1029118,1029118.0,Population,2022,1768,589.3,Deaths,2021-2023,100000,57.3,Crude Death Rate,59.1,Age-Adjusted Death Rate,56.3,61.9,2030,IVP-03,43.2,N,,,,
2025,14,Deaths Due to Accidents (Unintentional Injuries),Total Population,Total Population,Riverside,27,2506351,2506351.0,Population,2022,4625,1541.7,Deaths,2021-2023,100000,61.5,Crude Death Rate,59.7,Age-Adjusted Death Rate,57.9,61.4,2030,IVP-03,43.2,N,,,,
2025,14,Deaths Due to Accidents (Unintentional Injuries),Total Population,Total Population,San Luis Obispo,28,279268,279268.0,Population,2022,530,176.7,Deaths,2021-2023,100000,63.3,Crude Death Rate,61.5,Age-Adjusted Death Rate,55.8,67.2,2030,IVP-03,43.2,N,,,,
2025,14,Deaths Due to Accidents (Unintentional Injuries),Total Population,Total Population,Mono,29,13898,13898.0,Population,2022,24,8.0,Deaths,2021-2023,100000,57.6,Crude Death Rate,61.6,Age-Adjusted Death Rate,37.1,96.1,2030,IVP-03,43.2,N,,,4,Rates with a relative standard error greater than or equal to 23 percent are deemed unreliable.
2025,14,Deaths Due to Accidents (Unintentional Injuries),Total Population,Total Population,Sacramento,30,1571846,1571846.0,Population,2022,3114,1038.0,Deaths,2021-2023,100000,66.0,Crude Death Rate,62.4,Age-Adjusted Death Rate,60.2,64.6,2030,IVP-03,43.2,N,,,,
2025,14,Deaths Due to Accidents (Unintentional Injuries),Total Population,Total Population,Colusa,31,22872,22872.0,Population,2022,46,15.3,Deaths,2021-2023,100000,67.0,Crude Death Rate,62.7,Age-Adjusted Death Rate,45.6,84.2,2030,IVP-03,43.2,N,,,,
2025,14,Deaths Due to Accidents (Unintentional Injuries),Total Population,Total Population,Amador,32,38161,38161.0,Population,2022,83,27.7,Deaths,2021-2023,100000,72.5,Crude Death Rate,64.1,Age-Adjusted Death Rate,49.5,81.8,2030,IVP-03,43.2,N,,,,
2025,14,Deaths Due to Accidents (Unintentional Injuries),Total Population,Total Population,Stanislaus,33,566365,566365.0,Population,2022,1074,358.0,Deaths,2021-2023,100000,63.2,Crude Death Rate,64.5,Age-Adjusted Death Rate,60.6,68.4,2030,IVP-03,43.2,N,,,,
2025,14,Deaths Due to Accidents (Unintentional Injuries),Total Population,Total Population,Sutter,34,99781,99781.0,Population,2022,202,67.3,Deaths,2021-2023,100000,67.5,Crude Death Rate,65.5,Age-Adjusted Death Rate,56.3,74.7,2030,IVP-03,43.2,N,,,,
2025,14,Deaths Due to Accidents (Unintentional Injuries),Total Population,Total Population,San Francisco,35,897416,897416.0,Population,2022,2169,723.0,Deaths,2021-2023,100000,80.6,Crude Death Rate,66.3,Age-Adjusted Death Rate,63.4,69.1,2030,IVP-03,43.2,N,,,,
2025,14,Deaths Due to Accidents (Unintentional Injuries),Total Population,Total Population,Plumas,36,19041,19041.0,Population,2022,55,18.3,Deaths,2021-2023,100000,96.3,Crude Death Rate,66.8,Age-Adjusted Death Rate,47.3,91.7,2030,IVP-03,43.2,N,,,,
2025,14,Deaths Due to Accidents (Unintentional Injuries),Total Population,Total Population,Santa Cruz,37,276024,276024.0,Population,2022,619,206.3,Deaths,2021-2023,100000,74.8,Crude Death Rate,72.1,Age-Adjusted Death Rate,66.1,78.1,2030,IVP-03,43.2,N,,,,
2025,14,Deaths Due to Accidents (Unintentional Injuries),Total Population,Total Population,Nevada,38,98157,98157.0,Population,2022,237,79.0,Deaths,2021-2023,100000,80.5,Crude Death Rate,74.6,Age-Adjusted Death Rate,64.0,85.1,2030,IVP-03,43.2,N,,,,
2025,14,Deaths Due to Accidents (Unintentional Injuries),Total Population,Total Population,Glenn,39,29212,29212.0,Population,2022,74,24.7,Deaths,2021-2023,100000,84.4,Crude Death Rate,77.4,Age-Adjusted Death Rate,60.2,98.0,2030,IVP-03,43.2,N,,,,
2025,14,Deaths Due to Accidents (Unintentional Injuries),Total Population,Total Population,Calaveras,40,44150,44150.0,Population,2022,112,37.3,Deaths,2021-2023,100000,84.6,Crude Death Rate,80.5,Age-Adjusted Death Rate,63.0,98.1,2030,IVP-03,43.2,N,,,,
2025,14,Deaths Due to Accidents (Unintentional Injuries),Total Population,Total Population,Shasta,41,176682,176682.0,Population,2022,468,156.0,Deaths,2021-2023,100000,88.3,Crude Death Rate,83.4,Age-Adjusted Death Rate,75.4,91.3,2030,IVP-03,43.2,N,,,,
2025,14,Deaths Due to Accidents (Unintentional Injuries),Total Population,Total Population,Inyo,42,18142,18142.0,Population,2022,51,17.0,Deaths,2021-2023,100000,93.7,Crude Death Rate,84.3,Age-Adjusted Death Rate,60.2,114.8,2030,IVP-03,43.2,N,,,,
2025,14,Deaths Due to Accidents (Unintentional Injuries),Total Population,Total Population,Tuolumne,43,51670,51670.0,Population,2022,142,47.3,Deaths,2021-2023,100000,91.6,Crude Death Rate,85.4,Age-Adjusted Death Rate,69.6,101.1,2030,IVP-03,43.2,N,,,,
2025,14,Deaths Due to Accidents (Unintentional Injuries),Total Population,Total Population,Mariposa,44,17556,17556.0,Population,2022,47,15.7,Deaths,2021-2023,100000,89.2,Crude Death Rate,87.3,Age-Adjusted Death Rate,61.4,120.3,2030,IVP-03,43.2,N,,,,
2025,14,Deaths Due to Accidents (Unintentional Injuries),Total Population,Total Population,Lassen,45,29842,29842.0,Population,2022,90,30.0,Deaths,2021-2023,100000,100.5,Crude Death Rate,88.1,Age-Adjusted Death Rate,70.1,109.3,2030,IVP-03,43.2,N,,,,
2025,14,Deaths Due to Accidents (Unintentional Injuries),Total Population,Total Population,Sierra,46,3077,3077.0,Population,2022,9,3.0,Deaths,2021-2023,100000,97.5,Crude Death Rate,88.5,Age-Adjusted Death Rate,32.5,192.7,2030,IVP-03,43.2,N,,,4,Rates with a relative standard error greater than or equal to 23 percent are deemed unreliable.
2025,14,Deaths Due to Accidents (Unintentional Injuries),Total Population,Total Population,Kern,47,929851,929851.0,Population,2022,2417,805.7,Deaths,2021-2023,100000,86.6,Crude Death Rate,89.6,Age-Adjusted Death Rate,86.0,93.2,2030,IVP-03,43.2,N,,,,
2025,14,Deaths Due to Accidents (Unintentional Injuries),Total Population,Total Population,Yuba,48,78666,78666.0,Population,2022,215,71.7,Deaths,2021-2023,100000,91.1,Crude Death Rate,91.0,Age-Adjusted Death Rate,78.6,103.3,2030,IVP-03,43.2,N,,,,
2025,14,Deaths Due to Accidents (Unintentional Injuries),Total Population,Total Population,Modoc,49,9374,9374.0,Population,2022,28,9.3,Deaths,2021-2023,100000,99.6,Crude Death Rate,91.3,Age-Adjusted Death Rate,57.2,138.2,2030,IVP-03,43.2,N,,,,
2025,14,Deaths Due to Accidents (Unintentional Injuries),Total Population,Total Population,Tehama,50,64023,64023.0,Population,2022,192,64.0,Deaths,2021-2023,100000,100.0,Crude Death Rate,95.7,Age-Adjusted Death Rate,81.4,110.0,2030,IVP-03,43.2,N,,,,
2025,14,Deaths Due to Accidents (Unintentional Injuries),Total Population,Total Population,Humboldt,51,134138,134138.0,Population,2022,396,132.0,Deaths,2021-2023,100000,98.4,Crude Death Rate,96.5,Age-Adjusted Death Rate,86.6,106.4,2030,IVP-03,43.2,N,,,,
2025,14,Deaths Due to Accidents (Unintentional Injuries),Total Population,Total Population,Butte,52,227736,227736.0,Population,2022,676,225.3,Deaths,2021-2023,100000,98.9,Crude Death Rate,96.8,Age-Adjusted Death Rate,89.1,104.5,2030,IVP-03,43.2,N,,,,
2025,14,Deaths Due to Accidents (Unintentional Injuries),Total Population,Total Population,Alpine,53,1139,1139.0,Population,2022,3,1.0,Deaths,2021-2023,100000,87.8,Crude Death Rate,96.9,Age-Adjusted Death Rate,20.0,283.2,2030,IVP-03,43.2,N,,,4,Rates with a relative standard error greater than or equal to 23 percent are deemed unreliable.
2025,14,Deaths Due to Accidents (Unintentional Injuries),Total Population,Total Population,Mendocino,54,88353,88353.0,Population,2022,311,103.7,Deaths,2021-2023,100000,117.3,Crude Death Rate,110.1,Age-Adjusted Death Rate,97.1,123.1,2030,IVP-03,43.2,N,,,,
2025,14,Deaths Due to Accidents (Unintentional Injuries),Total Population,Total Population,Siskiyou,55,43169,43169.0,Population,2022,153,51.0,Deaths,2021-2023,100000,118.1,Crude Death Rate,113.8,Age-Adjusted Death Rate,93.7,133.8,2030,IVP-03,43.2,N,,,,
2025,14,Deaths Due to Accidents (Unintentional Injuries),Total Population,Total Population,Del Norte,56,26792,26792.0,Population,2022,106,35.3,Deaths,2021-2023,100000,131.9,Crude Death Rate,121.7,Age-Adjusted Death Rate,97.4,146.0,2030,IVP-03,43.2,N,,,,
2025,14,Deaths Due to Accidents (Unintentional Injuries),Total Population,Total Population,Trinity,57,13156,13156.0,Population,2022,50,16.7,Deaths,2021-2023,100000,126.7,Crude Death Rate,129.6,Age-Adjusted Death Rate,92.1,177.1,2030,IVP-03,43.2,N,,,,
2025,14,Deaths Due to Accidents (Unintentional Injuries),Total Population,Total Population,Lake,58,64138,64138.0,Population,2022,332,110.7,Deaths,2021-2023,100000,172.5,Crude Death Rate,151.7,Age-Adjusted Death Rate,134.0,169.5,2030,IVP-03,43.2,N,,,,
2025,15,Deaths Due to Motor Vehicle Traffic Crashes,Total Population,Total Population,Alpine,1,1139,1139.0,Population,2022,0,0.0,Deaths,2021-2023,100000,,Crude Death Rate,,Age-Adjusted Death Rate,,,2030,IVP-06,10.1,Y,,,3,Rates for zero events have not been calculated.
2025,15,Deaths Due to Motor Vehicle Traffic Crashes,Total Population,Total Population,San Francisco,2,897416,897416.0,Population,2022,138,46.0,Deaths,2021-2023,100000,5.1,Crude Death Rate,4.5,Age-Adjusted Death Rate,3.7,5.3,2030,IVP-06,10.1,Y,,,,
2025,15,Deaths Due to Motor Vehicle Traffic Crashes,Total Population,Total Population,San Mateo,3,777635,777635.0,Population,2022,138,46.0,Deaths,2021-2023,100000,5.9,Crude Death Rate,5.8,Age-Adjusted Death Rate,4.8,6.8,2030,IVP-06,10.1,Y,,,,
2025,15,Deaths Due to Motor Vehicle Traffic Crashes,Total Population,Total Population,Marin,4,257795,257795.0,Population,2022,47,15.7,Deaths,2021-2023,100000,6.1,Crude Death Rate,6.0,Age-Adjusted Death Rate,4.2,8.1,2030,IVP-06,10.1,Y,,,,
2025,15,Deaths Due to Motor Vehicle Traffic Crashes,Total Population,Total Population,Napa,5,139518,139518.0,Population,2022,27,9.0,Deaths,2021-2023,100000,6.5,Crude Death Rate,6.4,Age-Adjusted Death Rate,4.2,9.5,2030,IVP-06,10.1,Y,,,,
2025,15,Deaths Due to Motor Vehicle Traffic Crashes,Total Population,Total Population,Santa Clara,6,1987898,1987898.0,Population,2022,428,142.7,Deaths,2021-2023,100000,7.2,Crude Death Rate,6.9,Age-Adjusted Death Rate,6.3,7.6,2030,IVP-06,10.1,Y,,,,
2025,15,Deaths Due to Motor Vehicle Traffic Crashes,Total Population,Total Population,Alameda,7,1689538,1689538.0,Population,2022,388,129.3,Deaths,2021-2023,100000,7.7,Crude Death Rate,7.2,Age-Adjusted Death Rate,6.5,7.9,2030,IVP-06,10.1,Y,,,,
2025,15,Deaths Due to Motor Vehicle Traffic Crashes,Total Population,Total Population,San Luis Obispo,8,279268,279268.0,Population,2022,76,25.3,Deaths,2021-2023,100000,9.1,Crude Death Rate,7.9,Age-Adjusted Death Rate,6.1,10.1,2030,IVP-06,10.1,Y,,,,
2025,15,Deaths Due to Motor Vehicle Traffic Crashes,Total Population,Total Population,Orange,9,3218111,3218111.0,Population,2022,802,267.3,Deaths,2021-2023,100000,8.3,Crude Death Rate,8.1,Age-Adjusted Death Rate,7.5,8.6,2030,IVP-06,10.1,Y,,,,
2025,15,Deaths Due to Motor Vehicle Traffic Crashes,Total Population,Total Population,Sonoma,10,502886,502886.0,Population,2022,134,44.7,Deaths,2021-2023,100000,8.9,Crude Death Rate,8.6,Age-Adjusted Death Rate,7.1,10.2,2030,IVP-06,10.1,Y,,,,
2025,15,Deaths Due to Motor Vehicle Traffic Crashes,Total Population,Total Population,San Diego,11,3356185,3356185.0,Population,2022,895,298.3,Deaths,2021-2023,100000,8.9,Crude Death Rate,8.7,Age-Adjusted Death Rate,8.1,9.2,2030,IVP-06,10.1,Y,,,,
2025,15,Deaths Due to Motor Vehicle Traffic Crashes,Total Population,Total Population,Contra Costa,12,1168294,1168294.0,Population,2022,341,113.7,Deaths,2021-2023,100000,9.7,Crude Death Rate,9.5,Age-Adjusted Death Rate,8.5,10.6,2030,IVP-06,10.1,Y,,,,
2025,15,Deaths Due to Motor Vehicle Traffic Crashes,Total Population,Total Population,Mono,13,13898,13898.0,Population,2022,4,1.3,Deaths,2021-2023,100000,9.6,Crude Death Rate,9.5,Age-Adjusted Death Rate,2.6,24.4,2030,IVP-06,10.1,Y,,,4,Rates with a relative standard error greater than or equal to 23 percent are deemed unreliable.
2025,15,Deaths Due to Motor Vehicle Traffic Crashes,Total Population,Total Population,Ventura,14,851620,851620.0,Population,2022,260,86.7,Deaths,2021-2023,100000,10.2,Crude Death Rate,9.9,Age-Adjusted Death Rate,8.7,11.2,2030,IVP-06,10.1,Y,,,,
2025,15,Deaths Due to Motor Vehicle Traffic Crashes,Total Population,Total Population,Los Angeles,15,10208717,10208717.0,Population,2022,3186,1062.0,Deaths,2021-2023,100000,10.4,Crude Death Rate,10.0,Age-Adjusted Death Rate,9.7,10.4,2030,IVP-06,10.1,Y,,,,
2025,15,Deaths Due to Motor Vehicle Traffic Crashes,Total Population,Total Population,Placer,16,400664,400664.0,Population,2022,124,41.3,Deaths,2021-2023,100000,10.3,Crude Death Rate,10.0,Age-Adjusted Death Rate,8.1,11.8,2030,IVP-06,10.1,Y,,,,
2025,15,Deaths Due to Motor Vehicle Traffic Crashes,Total Population,Total Population,Santa Barbara,17,455127,455127.0,Population,2022,156,52.0,Deaths,2021-2023,100000,11.4,Crude Death Rate,11.0,Age-Adjusted Death Rate,9.2,12.8,2030,IVP-06,10.1,N,,,,
2025,15,Deaths Due to Motor Vehicle Traffic Crashes,Total Population,Total Population,Imperial,18,192960,192960.0,Population,2022,63,21.0,Deaths,2021-2023,100000,10.9,Crude Death Rate,11.3,Age-Adjusted Death Rate,8.6,14.5,2030,IVP-06,10.1,N,,,,
2025,15,Deaths Due to Motor Vehicle Traffic Crashes,Total Population,Total Population,Santa Cruz,19,276024,276024.0,Population,2022,98,32.7,Deaths,2021-2023,100000,11.8,Crude Death Rate,11.5,Age-Adjusted Death Rate,9.3,14.2,2030,IVP-06,10.1,N,,,,
2025,15,Deaths Due to Motor Vehicle Traffic Crashes,Total Population,Total Population,Inyo,20,18142,18142.0,Population,2022,6,2.0,Deaths,2021-2023,100000,11.0,Crude Death Rate,11.5,Age-Adjusted Death Rate,3.7,26.8,2030,IVP-06,10.1,N,,,4,Rates with a relative standard error greater than or equal to 23 percent are deemed unreliable.
2025,15,Deaths Due to Motor Vehicle Traffic Crashes,Total Population,Total Population,Yolo,21,228380,228380.0,Population,2022,82,27.3,Deaths,2021-2023,100000,12.0,Crude Death Rate,11.6,Age-Adjusted Death Rate,9.1,14.6,2030,IVP-06,10.1,N,,,,
2025,15,Deaths Due to Motor Vehicle Traffic Crashes,Total Population,Total Population,El Dorado,22,190012,190012.0,Population,2022,70,23.3,Deaths,2021-2023,100000,12.3,Crude Death Rate,11.6,Age-Adjusted Death Rate,8.8,14.9,2030,IVP-06,10.1,N,,,,
2025,15,Deaths Due to Motor Vehicle Traffic Crashes,Total Population,Total Population,CALIFORNIA,,40146003,40146003.0,Population,2022,14322,4774.0,Deaths,2021-2023,100000,11.9,Crude Death Rate,11.6,Age-Adjusted Death Rate,11.4,11.8,2030,IVP-06,10.1,N,,,,
2025,15,Deaths Due to Motor Vehicle Traffic Crashes,Total Population,Total Population,Monterey,23,447300,447300.0,Population,2022,168,56.0,Deaths,2021-2023,100000,12.5,Crude Death Rate,12.5,Age-Adjusted Death Rate,10.5,14.4,2030,IVP-06,10.1,N,,,,
2025,15,Deaths Due to Motor Vehicle Traffic Crashes,Total Population,Total Population,Plumas,24,19041,19041.0,Population,2022,9,3.0,Deaths,2021-2023,100000,15.8,Crude Death Rate,13.2,Age-Adjusted Death Rate,4.9,28.8,2030,IVP-06,10.1,N,,,4,Rates with a relative standard error greater than or equal to 23 percent are deemed unreliable.
2025,15,Deaths Due to Motor Vehicle Traffic Crashes,Total Population,Total Population,Solano,25,448896,448896.0,Population,2022,184,61.3,Deaths,2021-2023,100000,13.7,Crude Death Rate,13.7,Age-Adjusted Death Rate,11.7,15.7,2030,IVP-06,10.1,N,,,,
2025,15,Deaths Due to Motor Vehicle Traffic Crashes,Total Population,Total Population,Sacramento,26,1571846,1571846.0,Population,2022,682,227.3,Deaths,2021-2023,100000,14.5,Crude Death Rate,14.1,Age-Adjusted Death Rate,13.1,15.2,2030,IVP-06,10.1,N,,,,
2025,15,Deaths Due to Motor Vehicle Traffic Crashes,Total Population,Total Population,Riverside,27,2506351,2506351.0,Population,2022,1126,375.3,Deaths,2021-2023,100000,15.0,Crude Death Rate,14.9,Age-Adjusted Death Rate,14.0,15.8,2030,IVP-06,10.1,N,,,,
2025,15,Deaths Due to Motor Vehicle Traffic Crashes,Total Population,Total Population,Shasta,28,176682,176682.0,Population,2022,86,28.7,Deaths,2021-2023,100000,16.2,Crude Death Rate,15.1,Age-Adjusted Death Rate,12.0,18.9,2030,IVP-06,10.1,N,,,,
2025,15,Deaths Due to Motor Vehicle Traffic Crashes,Total Population,Total Population,Glenn,29,29212,29212.0,Population,2022,13,4.3,Deaths,2021-2023,100000,14.8,Crude Death Rate,15.6,Age-Adjusted Death Rate,8.1,27.3,2030,IVP-06,10.1,N,,,4,Rates with a relative standard error greater than or equal to 23 percent are deemed unreliable.
2025,15,Deaths Due to Motor Vehicle Traffic Crashes,Total Population,Total Population,Nevada,30,98157,98157.0,Population,2022,43,14.3,Deaths,2021-2023,100000,14.6,Crude Death Rate,16.1,Age-Adjusted Death Rate,11.3,22.3,2030,IVP-06,10.1,N,,,,
2025,15,Deaths Due to Motor Vehicle Traffic Crashes,Total Population,Total Population,San Benito,31,62124,62124.0,Population,2022,30,10.0,Deaths,2021-2023,100000,16.1,Crude Death Rate,16.2,Age-Adjusted Death Rate,10.8,23.4,2030,IVP-06,10.1,N,,,,
2025,15,Deaths Due to Motor Vehicle Traffic Crashes,Total Population,Total Population,Del Norte,32,26792,26792.0,Population,2022,15,5.0,Deaths,2021-2023,100000,18.7,Crude Death Rate,17.4,Age-Adjusted Death Rate,9.5,29.1,2030,IVP-06,10.1,N,,,4,Rates with a relative standard error greater than or equal to 23 percent are deemed unreliable.
2025,15,Deaths Due to Motor Vehicle Traffic Crashes,Total Population,Total Population,San Bernardino,33,2216865,2216865.0,Population,2022,1168,389.3,Deaths,2021-2023,100000,17.6,Crude Death Rate,17.7,Age-Adjusted Death Rate,16.6,18.7,2030,IVP-06,10.1,N,,,,
2025,15,Deaths Due to Motor Vehicle Traffic Crashes,Total Population,Total Population,Kings,34,156164,156164.0,Population,2022,84,28.0,Deaths,2021-2023,100000,17.9,Crude Death Rate,18.2,Age-Adjusted Death Rate,14.5,22.7,2030,IVP-06,10.1,N,,,,
2025,15,Deaths Due to Motor Vehicle Traffic Crashes,Total Population,Total Population,San Joaquin,35,783706,783706.0,Population,2022,431,143.7,Deaths,2021-2023,100000,18.3,Crude Death Rate,18.4,Age-Adjusted Death Rate,16.6,20.2,2030,IVP-06,10.1,N,,,,
2025,15,Deaths Due to Motor Vehicle Traffic Crashes,Total Population,Total Population,Humboldt,36,134138,134138.0,Population,2022,73,24.3,Deaths,2021-2023,100000,18.1,Crude Death Rate,18.4,Age-Adjusted Death Rate,14.3,23.3,2030,IVP-06,10.1,N,,,,
2025,15,Deaths Due to Motor Vehicle Traffic Crashes,Total Population,Total Population,Sutter,37,99781,99781.0,Population,2022,56,18.7,Deaths,2021-2023,100000,18.7,Crude Death Rate,18.7,Age-Adjusted Death Rate,14.0,24.5,2030,IVP-06,10.1,N,,,,
2025,15,Deaths Due to Motor Vehicle Traffic Crashes,Total Population,Total Population,Tehama,38,64023,64023.0,Population,2022,37,12.3,Deaths,2021-2023,100000,19.3,Crude Death Rate,19.0,Age-Adjusted Death Rate,13.2,26.6,2030,IVP-06,10.1,N,,,,
2025,15,Deaths Due to Motor Vehicle Traffic Crashes,Total Population,Total Population,Tulare,39,485121,485121.0,Population,2022,267,89.0,Deaths,2021-2023,100000,18.3,Crude Death Rate,19.1,Age-Adjusted Death Rate,16.8,21.4,2030,IVP-06,10.1,N,,,,
2025,15,Deaths Due to Motor Vehicle Traffic Crashes,Total Population,Total Population,Mariposa,40,17556,17556.0,Population,2022,9,3.0,Deaths,2021-2023,100000,17.1,Crude Death Rate,19.1,Age-Adjusted Death Rate,8.3,37.7,2030,IVP-06,10.1,N,,,4,Rates with a relative standard error greater than or equal to 23 percent are deemed unreliable.
2025,15,Deaths Due to Motor Vehicle Traffic Crashes,Total Population,Total Population,Stanislaus,41,566365,566365.0,Population,2022,325,108.3,Deaths,2021-2023,100000,19.1,Crude Death Rate,19.5,Age-Adjusted Death Rate,17.3,21.7,2030,IVP-06,10.1,N,,,,
2025,15,Deaths Due to Motor Vehicle Traffic Crashes,Total Population,Total Population,Madera,42,162722,162722.0,Population,2022,102,34.0,Deaths,2021-2023,100000,20.9,Crude Death Rate,20.3,Age-Adjusted Death Rate,16.3,24.3,2030,IVP-06,10.1,N,,,,
2025,15,Deaths Due to Motor Vehicle Traffic Crashes,Total Population,Total Population,Lassen,43,29842,29842.0,Population,2022,21,7.0,Deaths,2021-2023,100000,23.5,Crude Death Rate,20.3,Age-Adjusted Death Rate,12.4,31.4,2030,IVP-06,10.1,N,,,,
2025,15,Deaths Due to Motor Vehicle Traffic Crashes,Total Population,Total Population,Mendocino,44,88353,88353.0,Population,2022,50,16.7,Deaths,2021-2023,100000,18.9,Crude Death Rate,20.5,Age-Adjusted Death Rate,15.1,27.3,2030,IVP-06,10.1,N,,,,
2025,15,Deaths Due to Motor Vehicle Traffic Crashes,Total Population,Total Population,Fresno,45,1029118,1029118.0,Population,2022,616,205.3,Deaths,2021-2023,100000,20.0,Crude Death Rate,20.6,Age-Adjusted Death Rate,19.0,22.3,2030,IVP-06,10.1,N,,,,
2025,15,Deaths Due to Motor Vehicle Traffic Crashes,Total Population,Total Population,Kern,46,929851,929851.0,Population,2022,598,199.3,Deaths,2021-2023,100000,21.4,Crude Death Rate,21.6,Age-Adjusted Death Rate,19.8,23.3,2030,IVP-06,10.1,N,,,,
2025,15,Deaths Due to Motor Vehicle Traffic Crashes,Total Population,Total Population,Butte,47,227736,227736.0,Population,2022,143,47.7,Deaths,2021-2023,100000,20.9,Crude Death Rate,21.8,Age-Adjusted Death Rate,18.1,25.5,2030,IVP-06,10.1,N,,,,
2025,15,Deaths Due to Motor Vehicle Traffic Crashes,Total Population,Total Population,Merced,48,288601,288601.0,Population,2022,191,63.7,Deaths,2021-2023,100000,22.1,Crude Death Rate,22.4,Age-Adjusted Death Rate,19.2,25.6,2030,IVP-06,10.1,N,,,,
2025,15,Deaths Due to Motor Vehicle Traffic Crashes,Total Population,Total Population,Tuolumne,49,51670,51670.0,Population,2022,34,11.3,Deaths,2021-2023,100000,21.9,Crude Death Rate,23.4,Age-Adjusted Death Rate,15.6,33.6,2030,IVP-06,10.1,N,,,,
2025,15,Deaths Due to Motor Vehicle Traffic Crashes,Total Population,Total Population,Amador,50,38161,38161.0,Population,2022,29,9.7,Deaths,2021-2023,100000,25.3,Crude Death Rate,23.9,Age-Adjusted Death Rate,15.1,35.9,2030,IVP-06,10.1,N,,,,
2025,15,Deaths Due to Motor Vehicle Traffic Crashes,Total Population,Total Population,Colusa,51,22872,22872.0,Population,2022,20,6.7,Deaths,2021-2023,100000,29.1,Crude Death Rate,26.7,Age-Adjusted Death Rate,16.1,41.8,2030,IVP-06,10.1,N,,,4,Rates with a relative standard error greater than or equal to 23 percent are deemed unreliable.
2025,15,Deaths Due to Motor Vehicle Traffic Crashes,Total Population,Total Population,Yuba,52,78666,78666.0,Population,2022,68,22.7,Deaths,2021-2023,100000,28.8,Crude Death Rate,28.0,Age-Adjusted Death Rate,21.7,35.6,2030,IVP-06,10.1,N,,,,
2025,15,Deaths Due to Motor Vehicle Traffic Crashes,Total Population,Total Population,Sierra,53,3077,3077.0,Population,2022,2,0.7,Deaths,2021-2023,100000,21.7,Crude Death Rate,29.2,Age-Adjusted Death Rate,0.7,162.5,2030,IVP-06,10.1,N,,,4,Rates with a relative standard error greater than or equal to 23 percent are deemed unreliable.
2025,15,Deaths Due to Motor Vehicle Traffic Crashes,Total Population,Total Population,Modoc,54,9374,9374.0,Population,2022,9,3.0,Deaths,2021-2023,100000,32.0,Crude Death Rate,31.8,Age-Adjusted Death Rate,12.8,65.5,2030,IVP-06,10.1,N,,,4,Rates with a relative standard error greater than or equal to 23 percent are deemed unreliable.
2025,15,Deaths Due to Motor Vehicle Traffic Crashes,Total Population,Total Population,Calaveras,55,44150,44150.0,Population,2022,40,13.3,Deaths,2021-2023,100000,30.2,Crude Death Rate,33.2,Age-Adjusted Death Rate,22.7,46.9,2030,IVP-06,10.1,N,,,,
2025,15,Deaths Due to Motor Vehicle Traffic Crashes,Total Population,Total Population,Lake,56,64138,64138.0,Population,2022,64,21.3,Deaths,2021-2023,100000,33.3,Crude Death Rate,34.4,Age-Adjusted Death Rate,26.0,44.6,2030,IVP-06,10.1,N,,,,
2025,15,Deaths Due to Motor Vehicle Traffic Crashes,Total Population,Total Population,Siskiyou,57,43169,43169.0,Population,2022,47,15.7,Deaths,2021-2023,100000,36.3,Crude Death Rate,40.7,Age-Adjusted Death Rate,29.1,55.5,2030,IVP-06,10.1,N,,,,
2025,15,Deaths Due to Motor Vehicle Traffic Crashes,Total Population,Total Population,Trinity,58,13156,13156.0,Population,2022,19,6.3,Deaths,2021-2023,100000,48.1,Crude Death Rate,57.3,Age-Adjusted Death Rate,32.7,93.0,2030,IVP-06,10.1,N,,,4,Rates with a relative standard error greater than or equal to 23 percent are deemed unreliable.
2025,16,Deaths Due to Suicide,Total Population,Total Population,Alpine,1,1139,1139.0,Population,2022,0,0.0,Deaths,2021-2023,100000,,Crude Death Rate,,Age-Adjusted Death Rate,,,2030,MHMD-01,12.8,Y,,,3,Rates for zero events have not been calculated.
2025,16,Deaths Due to Suicide,Total Population,Total Population,San Benito,2,62124,62124.0,Population,2022,11,3.7,Deaths,2021-2023,100000,5.9,Crude Death Rate,5.6,Age-Adjusted Death Rate,2.8,10.0,2030,MHMD-01,12.8,Y,,,4,Rates with a relative standard error greater than or equal to 23 percent are deemed unreliable.
2025,16,Deaths Due to Suicide,Total Population,Total Population,Imperial,3,192960,192960.0,Population,2022,34,11.3,Deaths,2021-2023,100000,5.9,Crude Death Rate,5.9,Age-Adjusted Death Rate,4.0,8.2,2030,MHMD-01,12.8,Y,,,,
2025,16,Deaths Due to Suicide,Total Population,Total Population,San Mateo,4,777635,777635.0,Population,2022,189,63.0,Deaths,2021-2023,100000,8.1,Crude Death Rate,7.2,Age-Adjusted Death Rate,6.1,8.3,2030,MHMD-01,12.8,Y,,,,
2025,16,Deaths Due to Suicide,Total Population,Total Population,Santa Clara,5,1987898,1987898.0,Population,2022,477,159.0,Deaths,2021-2023,100000,8.0,Crude Death Rate,7.5,Age-Adjusted Death Rate,6.8,8.2,2030,MHMD-01,12.8,Y,,,,
2025,16,Deaths Due to Suicide,Total Population,Total Population,Los Angeles,6,10208717,10208717.0,Population,2022,2566,855.3,Deaths,2021-2023,100000,8.4,Crude Death Rate,8.0,Age-Adjusted Death Rate,7.7,8.3,2030,MHMD-01,12.8,Y,,,,
2025,16,Deaths Due to Suicide,Total Population,Total Population,San Francisco,7,897416,897416.0,Population,2022,239,79.7,Deaths,2021-2023,100000,8.9,Crude Death Rate,8.0,Age-Adjusted Death Rate,7.0,9.0,2030,MHMD-01,12.8,Y,,,,
2025,16,Deaths Due to Suicide,Total Population,Total Population,Alameda,8,1689538,1689538.0,Population,2022,447,149.0,Deaths,2021-2023,100000,8.8,Crude Death Rate,8.3,Age-Adjusted Death Rate,7.6,9.1,2030,MHMD-01,12.8,Y,,,,
2025,16,Deaths Due to Suicide,Total Population,Total Population,Yolo,9,228380,228380.0,Population,2022,58,19.3,Deaths,2021-2023,100000,8.5,Crude Death Rate,9.1,Age-Adjusted Death Rate,6.8,11.9,2030,MHMD-01,12.8,Y,,,,
2025,16,Deaths Due to Suicide,Total Population,Total Population,Kings,10,156164,156164.0,Population,2022,41,13.7,Deaths,2021-2023,100000,8.8,Crude Death Rate,9.5,Age-Adjusted Death Rate,6.7,12.9,2030,MHMD-01,12.8,Y,,,,
2025,16,Deaths Due to Suicide,Total Population,Total Population,Napa,11,139518,139518.0,Population,2022,45,15.0,Deaths,2021-2023,100000,10.8,Crude Death Rate,9.6,Age-Adjusted Death Rate,6.9,13.0,2030,MHMD-01,12.8,Y,,,,
2025,16,Deaths Due to Suicide,Total Population,Total Population,Orange,12,3218111,3218111.0,Population,2022,1002,334.0,Deaths,2021-2023,100000,10.4,Crude Death Rate,9.8,Age-Adjusted Death Rate,9.2,10.5,2030,MHMD-01,12.8,Y,,,,
2025,16,Deaths Due to Suicide,Total Population,Total Population,Contra Costa,13,1168294,1168294.0,Population,2022,363,121.0,Deaths,2021-2023,100000,10.4,Crude Death Rate,9.8,Age-Adjusted Death Rate,8.8,10.8,2030,MHMD-01,12.8,Y,,,,
2025,16,Deaths Due to Suicide,Total Population,Total Population,Santa Barbara,14,455127,455127.0,Population,2022,142,47.3,Deaths,2021-2023,100000,10.4,Crude Death Rate,10.0,Age-Adjusted Death Rate,8.3,11.7,2030,MHMD-01,12.8,Y,,,,
2025,16,Deaths Due to Suicide,Total Population,Total Population,CALIFORNIA,,40146003,40146003.0,Population,2022,12616,4205.3,Deaths,2021-2023,100000,10.5,Crude Death Rate,10.0,Age-Adjusted Death Rate,9.8,10.2,2030,MHMD-01,12.8,Y,,,,
2025,16,Deaths Due to Suicide,Total Population,Total Population,Fresno,15,1029118,1029118.0,Population,2022,302,100.7,Deaths,2021-2023,100000,9.8,Crude Death Rate,10.2,Age-Adjusted Death Rate,9.0,11.3,2030,MHMD-01,12.8,Y,,,,
2025,16,Deaths Due to Suicide,Total Population,Total Population,Riverside,16,2506351,2506351.0,Population,2022,800,266.7,Deaths,2021-2023,100000,10.6,Crude Death Rate,10.3,Age-Adjusted Death Rate,9.5,11.0,2030,MHMD-01,12.8,Y,,,,
2025,16,Deaths Due to Suicide,Total Population,Total Population,Tulare,17,485121,485121.0,Population,2022,144,48.0,Deaths,2021-2023,100000,9.9,Crude Death Rate,10.4,Age-Adjusted Death Rate,8.7,12.1,2030,MHMD-01,12.8,Y,,,,
2025,16,Deaths Due to Suicide,Total Population,Total Population,San Diego,18,3356185,3356185.0,Population,2022,1091,363.7,Deaths,2021-2023,100000,10.8,Crude Death Rate,10.5,Age-Adjusted Death Rate,9.8,11.1,2030,MHMD-01,12.8,Y,,,,
2025,16,Deaths Due to Suicide,Total Population,Total Population,Monterey,19,447300,447300.0,Population,2022,142,47.3,Deaths,2021-2023,100000,10.6,Crude Death Rate,10.5,Age-Adjusted Death Rate,8.7,12.2,2030,MHMD-01,12.8,Y,,,,
2025,16,Deaths Due to Suicide,Total Population,Total Population,Ventura,20,851620,851620.0,Population,2022,300,100.0,Deaths,2021-2023,100000,11.7,Crude Death Rate,10.8,Age-Adjusted Death Rate,9.5,12.1,2030,MHMD-01,12.8,Y,,,,
2025,16,Deaths Due to Suicide,Total Population,Total Population,Placer,21,400664,400664.0,Population,2022,150,50.0,Deaths,2021-2023,100000,12.5,Crude Death Rate,10.9,Age-Adjusted Death Rate,9.0,12.7,2030,MHMD-01,12.8,Y,,,,
2025,16,Deaths Due to Suicide,Total Population,Total Population,San Bernardino,22,2216865,2216865.0,Population,2022,728,242.7,Deaths,2021-2023,100000,10.9,Crude Death Rate,11.0,Age-Adjusted Death Rate,10.2,11.8,2030,MHMD-01,12.8,Y,,,,
2025,16,Deaths Due to Suicide,Total Population,Total Population,Merced,23,288601,288601.0,Population,2022,93,31.0,Deaths,2021-2023,100000,10.7,Crude Death Rate,11.0,Age-Adjusted Death Rate,8.8,13.5,2030,MHMD-01,12.8,Y,,,,
2025,16,Deaths Due to Suicide,Total Population,Total Population,San Joaquin,24,783706,783706.0,Population,2022,270,90.0,Deaths,2021-2023,100000,11.5,Crude Death Rate,11.3,Age-Adjusted Death Rate,9.9,12.7,2030,MHMD-01,12.8,Y,,,,
2025,16,Deaths Due to Suicide,Total Population,Total Population,Madera,25,162722,162722.0,Population,2022,57,19.0,Deaths,2021-2023,100000,11.7,Crude Death Rate,11.4,Age-Adjusted Death Rate,8.6,14.9,2030,MHMD-01,12.8,Y,,,,
2025,16,Deaths Due to Suicide,Total Population,Total Population,Marin,26,257795,257795.0,Population,2022,103,34.3,Deaths,2021-2023,100000,13.3,Crude Death Rate,11.5,Age-Adjusted Death Rate,9.1,14.0,2030,MHMD-01,12.8,Y,,,,
2025,16,Deaths Due to Suicide,Total Population,Total Population,Stanislaus,27,566365,566365.0,Population,2022,193,64.3,Deaths,2021-2023,100000,11.4,Crude Death Rate,11.6,Age-Adjusted Death Rate,9.9,13.3,2030,MHMD-01,12.8,Y,,,,
2025,16,Deaths Due to Suicide,Total Population,Total Population,Sutter,28,99781,99781.0,Population,2022,38,12.7,Deaths,2021-2023,100000,12.7,Crude Death Rate,11.8,Age-Adjusted Death Rate,8.2,16.3,2030,MHMD-01,12.8,Y,,,,
2025,16,Deaths Due to Suicide,Total Population,Total Population,Sacramento,29,1571846,1571846.0,Population,2022,588,196.0,Deaths,2021-2023,100000,12.5,Crude Death Rate,11.9,Age-Adjusted Death Rate,11.0,12.9,2030,MHMD-01,12.8,Y,,,,
2025,16,Deaths Due to Suicide,Total Population,Total Population,Colusa,30,22872,22872.0,Population,2022,8,2.7,Deaths,2021-2023,100000,11.7,Crude Death Rate,11.9,Age-Adjusted Death Rate,5.1,23.5,2030,MHMD-01,12.8,Y,,,4,Rates with a relative standard error greater than or equal to 23 percent are deemed unreliable.
2025,16,Deaths Due to Suicide,Total Population,Total Population,Solano,31,448896,448896.0,Population,2022,172,57.3,Deaths,2021-2023,100000,12.8,Crude Death Rate,12.5,Age-Adjusted Death Rate,10.6,14.5,2030,MHMD-01,12.8,Y,,,,
2025,16,Deaths Due to Suicide,Total Population,Total Population,Kern,32,929851,929851.0,Population,2022,342,114.0,Deaths,2021-2023,100000,12.3,Crude Death Rate,12.7,Age-Adjusted Death Rate,11.3,14.1,2030,MHMD-01,12.8,Y,,,,
2025,16,Deaths Due to Suicide,Total Population,Total Population,Glenn,33,29212,29212.0,Population,2022,11,3.7,Deaths,2021-2023,100000,12.6,Crude Death Rate,12.7,Age-Adjusted Death Rate,6.1,23.3,2030,MHMD-01,12.8,Y,,,4,Rates with a relative standard error greater than or equal to 23 percent are deemed unreliable.
2025,16,Deaths Due to Suicide,Total Population,Total Population,Butte,34,227736,227736.0,Population,2022,96,32.0,Deaths,2021-2023,100000,14.1,Crude Death Rate,13.4,Age-Adjusted Death Rate,10.7,16.6,2030,MHMD-01,12.8,N,,,,
2025,16,Deaths Due to Suicide,Total Population,Total Population,Santa Cruz,35,276024,276024.0,Population,2022,114,38.0,Deaths,2021-2023,100000,13.8,Crude Death Rate,13.6,Age-Adjusted Death Rate,10.9,16.2,2030,MHMD-01,12.8,N,,,,
2025,16,Deaths Due to Suicide,Total Population,Total Population,Sonoma,36,502886,502886.0,Population,2022,226,75.3,Deaths,2021-2023,100000,15.0,Crude Death Rate,13.7,Age-Adjusted Death Rate,11.8,15.6,2030,MHMD-01,12.8,N,,,,
2025,16,Deaths Due to Suicide,Total Population,Total Population,Yuba,37,78666,78666.0,Population,2022,32,10.7,Deaths,2021-2023,100000,13.6,Crude Death Rate,13.8,Age-Adjusted Death Rate,9.4,19.5,2030,MHMD-01,12.8,N,,,,
2025,16,Deaths Due to Suicide,Total Population,Total Population,San Luis Obispo,38,279268,279268.0,Population,2022,150,50.0,Deaths,2021-2023,100000,17.9,Crude Death Rate,15.1,Age-Adjusted Death Rate,12.5,17.8,2030,MHMD-01,12.8,N,,,,
2025,16,Deaths Due to Suicide,Total Population,Total Population,El Dorado,39,190012,190012.0,Population,2022,102,34.0,Deaths,2021-2023,100000,17.9,Crude Death Rate,16.6,Age-Adjusted Death Rate,13.1,20.1,2030,MHMD-01,12.8,N,,,,
2025,16,Deaths Due to Suicide,Total Population,Total Population,Nevada,40,98157,98157.0,Population,2022,59,19.7,Deaths,2021-2023,100000,20.0,Crude Death Rate,19.1,Age-Adjusted Death Rate,14.1,25.3,2030,MHMD-01,12.8,N,,,,
2025,16,Deaths Due to Suicide,Total Population,Total Population,Del Norte,41,26792,26792.0,Population,2022,17,5.7,Deaths,2021-2023,100000,21.2,Crude Death Rate,19.7,Age-Adjusted Death Rate,11.3,32.0,2030,MHMD-01,12.8,N,,,4,Rates with a relative standard error greater than or equal to 23 percent are deemed unreliable.
2025,16,Deaths Due to Suicide,Total Population,Total Population,Mono,42,13898,13898.0,Population,2022,9,3.0,Deaths,2021-2023,100000,21.6,Crude Death Rate,20.3,Age-Adjusted Death Rate,8.8,40.0,2030,MHMD-01,12.8,N,,,4,Rates with a relative standard error greater than or equal to 23 percent are deemed unreliable.
2025,16,Deaths Due to Suicide,Total Population,Total Population,Inyo,43,18142,18142.0,Population,2022,11,3.7,Deaths,2021-2023,100000,20.2,Crude Death Rate,20.4,Age-Adjusted Death Rate,9.3,38.8,2030,MHMD-01,12.8,N,,,4,Rates with a relative standard error greater than or equal to 23 percent are deemed unreliable.
2025,16,Deaths Due to Suicide,Total Population,Total Population,Mendocino,44,88353,88353.0,Population,2022,64,21.3,Deaths,2021-2023,100000,24.1,Crude Death Rate,20.7,Age-Adjusted Death Rate,15.6,26.9,2030,MHMD-01,12.8,N,,,,
2025,16,Deaths Due to Suicide,Total Population,Total Population,Tuolumne,45,51670,51670.0,Population,2022,37,12.3,Deaths,2021-2023,100000,23.9,Crude Death Rate,23.2,Age-Adjusted Death Rate,15.7,33.2,2030,MHMD-01,12.8,N,,,,
2025,16,Deaths Due to Suicide,Total Population,Total Population,Calaveras,46,44150,44150.0,Population,2022,29,9.7,Deaths,2021-2023,100000,21.9,Crude Death Rate,23.3,Age-Adjusted Death Rate,14.6,35.3,2030,MHMD-01,12.8,N,,,,
2025,16,Deaths Due to Suicide,Total Population,Total Population,Sierra,47,3077,3077.0,Population,2022,1,0.3,Deaths,2021-2023,100000,10.8,Crude Death Rate,23.3,Age-Adjusted Death Rate,0.6,129.6,2030,MHMD-01,12.8,N,,,4,Rates with a relative standard error greater than or equal to 23 percent are deemed unreliable.
2025,16,Deaths Due to Suicide,Total Population,Total Population,Humboldt,48,134138,134138.0,Population,2022,101,33.7,Deaths,2021-2023,100000,25.1,Crude Death Rate,24.4,Age-Adjusted Death Rate,19.5,29.4,2030,MHMD-01,12.8,N,,,,
2025,16,Deaths Due to Suicide,Total Population,Total Population,Shasta,49,176682,176682.0,Population,2022,152,50.7,Deaths,2021-2023,100000,28.7,Crude Death Rate,26.1,Age-Adjusted Death Rate,21.7,30.5,2030,MHMD-01,12.8,N,,,,
2025,16,Deaths Due to Suicide,Total Population,Total Population,Lake,50,64138,64138.0,Population,2022,51,17.0,Deaths,2021-2023,100000,26.5,Crude Death Rate,26.1,Age-Adjusted Death Rate,19.0,35.1,2030,MHMD-01,12.8,N,,,,
2025,16,Deaths Due to Suicide,Total Population,Total Population,Plumas,51,19041,19041.0,Population,2022,21,7.0,Deaths,2021-2023,100000,36.8,Crude Death Rate,26.6,Age-Adjusted Death Rate,14.5,44.6,2030,MHMD-01,12.8,N,,,4,Rates with a relative standard error greater than or equal to 23 percent are deemed unreliable.
2025,16,Deaths Due to Suicide,Total Population,Total Population,Amador,52,38161,38161.0,Population,2022,35,11.7,Deaths,2021-2023,100000,30.6,Crude Death Rate,27.2,Age-Adjusted Death Rate,18.1,39.3,2030,MHMD-01,12.8,N,,,,
2025,16,Deaths Due to Suicide,Total Population,Total Population,Tehama,53,64023,64023.0,Population,2022,56,18.7,Deaths,2021-2023,100000,29.2,Crude Death Rate,27.7,Age-Adjusted Death Rate,20.6,36.5,2030,MHMD-01,12.8,N,,,,
2025,16,Deaths Due to Suicide,Total Population,Total Population,Lassen,54,29842,29842.0,Population,2022,28,9.3,Deaths,2021-2023,100000,31.3,Crude Death Rate,28.8,Age-Adjusted Death Rate,18.8,42.2,2030,MHMD-01,12.8,N,,,,
2025,16,Deaths Due to Suicide,Total Population,Total Population,Siskiyou,55,43169,43169.0,Population,2022,43,14.3,Deaths,2021-2023,100000,33.2,Crude Death Rate,29.8,Age-Adjusted Death Rate,20.6,41.6,2030,MHMD-01,12.8,N,,,,
2025,16,Deaths Due to Suicide,Total Population,Total Population,Trinity,56,13156,13156.0,Population,2022,9,3.0,Deaths,2021-2023,100000,22.8,Crude Death Rate,30.2,Age-Adjusted Death Rate,13.1,59.6,2030,MHMD-01,12.8,N,,,4,Rates with a relative standard error greater than or equal to 23 percent are deemed unreliable.
2025,16,Deaths Due to Suicide,Total Population,Total Population,Modoc,57,9374,9374.0,Population,2022,9,3.0,Deaths,2021-2023,100000,32.0,Crude Death Rate,39.1,Age-Adjusted Death Rate,16.9,77.1,2030,MHMD-01,12.8,N,,,4,Rates with a relative standard error greater than or equal to 23 percent are deemed unreliable.
2025,16,Deaths Due to Suicide,Total Population,Total Population,Mariposa,58,17556,17556.0,Population,2022,18,6.0,Deaths,2021-2023,100000,34.2,Crude Death Rate,39.7,Age-Adjusted Death Rate,21.7,66.7,2030,MHMD-01,12.8,N,,,4,Rates with a relative standard error greater than or equal to 23 percent are deemed unreliable.
2025,17,Deaths Due to Homicide,Total Population,Total Population,Modoc,1,9374,9374.0,Population,2022,0,0.0,Deaths,2021-2023,100000,,Crude Death Rate,,Age-Adjusted Death Rate,,,2030,IVP-09,5.5,Y,,,3,Rates for zero events have not been calculated.
2025,17,Deaths Due to Homicide,Total Population,Total Population,Sierra,2,3077,3077.0,Population,2022,0,0.0,Deaths,2021-2023,100000,,Crude Death Rate,,Age-Adjusted Death Rate,,,2030,IVP-09,5.5,Y,,,3,Rates for zero events have not been calculated.
2025,17,Deaths Due to Homicide,Total Population,Total Population,Alpine,3,1139,1139.0,Population,2022,0,0.0,Deaths,2021-2023,100000,,Crude Death Rate,,Age-Adjusted Death Rate,,,2030,IVP-09,5.5,Y,,,3,Rates for zero events have not been calculated.
2025,17,Deaths Due to Homicide,Total Population,Total Population,Plumas,4,19041,19041.0,Population,2022,1,0.3,Deaths,2021-2023,100000,1.8,Crude Death Rate,0.7,Age-Adjusted Death Rate,0.0,3.7,2030,IVP-09,5.5,Y,,,4,Rates with a relative standard error greater than or equal to 23 percent are deemed unreliable.
2025,17,Deaths Due to Homicide,Total Population,Total Population,Inyo,5,18142,18142.0,Population,2022,1,0.3,Deaths,2021-2023,100000,1.8,Crude Death Rate,0.7,Age-Adjusted Death Rate,0.0,4.2,2030,IVP-09,5.5,Y,,,4,Rates with a relative standard error greater than or equal to 23 percent are deemed unreliable.
2025,17,Deaths Due to Homicide,Total Population,Total Population,Nevada,6,98157,98157.0,Population,2022,4,1.3,Deaths,2021-2023,100000,1.4,Crude Death Rate,1.2,Age-Adjusted Death Rate,0.2,3.4,2030,IVP-09,5.5,Y,,,4,Rates with a relative standard error greater than or equal to 23 percent are deemed unreliable.
2025,17,Deaths Due to Homicide,Total Population,Total Population,Mono,7,13898,13898.0,Population,2022,1,0.3,Deaths,2021-2023,100000,2.4,Crude Death Rate,1.3,Age-Adjusted Death Rate,0.0,7.4,2030,IVP-09,5.5,Y,,,4,Rates with a relative standard error greater than or equal to 23 percent are deemed unreliable.
2025,17,Deaths Due to Homicide,Total Population,Total Population,Colusa,8,22872,22872.0,Population,2022,1,0.3,Deaths,2021-2023,100000,1.5,Crude Death Rate,1.4,Age-Adjusted Death Rate,0.0,7.9,2030,IVP-09,5.5,Y,,,4,Rates with a relative standard error greater than or equal to 23 percent are deemed unreliable.
2025,17,Deaths Due to Homicide,Total Population,Total Population,Placer,9,400664,400664.0,Population,2022,21,7.0,Deaths,2021-2023,100000,1.7,Crude Death Rate,1.6,Age-Adjusted Death Rate,1.0,2.5,2030,IVP-09,5.5,Y,,,4,Rates with a relative standard error greater than or equal to 23 percent are deemed unreliable.
2025,17,Deaths Due to Homicide,Total Population,Total Population,Napa,10,139518,139518.0,Population,2022,6,2.0,Deaths,2021-2023,100000,1.4,Crude Death Rate,1.6,Age-Adjusted Death Rate,0.6,3.5,2030,IVP-09,5.5,Y,,,4,Rates with a relative standard error greater than or equal to 23 percent are deemed unreliable.
2025,17,Deaths Due to Homicide,Total Population,Total Population,San Luis Obispo,11,279268,279268.0,Population,2022,13,4.3,Deaths,2021-2023,100000,1.6,Crude Death Rate,2.0,Age-Adjusted Death Rate,1.0,3.5,2030,IVP-09,5.5,Y,,,4,Rates with a relative standard error greater than or equal to 23 percent are deemed unreliable.
2025,17,Deaths Due to Homicide,Total Population,Total Population,Santa Clara,12,1987898,1987898.0,Population,2022,137,45.7,Deaths,2021-2023,100000,2.3,Crude Death Rate,2.3,Age-Adjusted Death Rate,1.9,2.7,2030,IVP-09,5.5,Y,,,,
2025,17,Deaths Due to Homicide,Total Population,Total Population,Marin,13,257795,257795.0,Population,2022,15,5.0,Deaths,2021-2023,100000,1.9,Crude Death Rate,2.3,Age-Adjusted Death Rate,1.3,3.9,2030,IVP-09,5.5,Y,,,4,Rates with a relative standard error greater than or equal to 23 percent are deemed unreliable.
2025,17,Deaths Due to Homicide,Total Population,Total Population,El Dorado,14,190012,190012.0,Population,2022,12,4.0,Deaths,2021-2023,100000,2.1,Crude Death Rate,2.3,Age-Adjusted Death Rate,1.1,4.1,2030,IVP-09,5.5,Y,,,4,Rates with a relative standard error greater than or equal to 23 percent are deemed unreliable.
2025,17,Deaths Due to Homicide,Total Population,Total Population,Tuolumne,15,51670,51670.0,Population,2022,5,1.7,Deaths,2021-2023,100000,3.2,Crude Death Rate,2.6,Age-Adjusted Death Rate,0.7,6.6,2030,IVP-09,5.5,Y,,,4,Rates with a relative standard error greater than or equal to 23 percent are deemed unreliable.
2025,17,Deaths Due to Homicide,Total Population,Total Population,Orange,16,3218111,3218111.0,Population,2022,249,83.0,Deaths,2021-2023,100000,2.6,Crude Death Rate,2.7,Age-Adjusted Death Rate,2.3,3.0,2030,IVP-09,5.5,Y,,,,
2025,17,Deaths Due to Homicide,Total Population,Total Population,Mariposa,17,17556,17556.0,Population,2022,1,0.3,Deaths,2021-2023,100000,1.9,Crude Death Rate,2.7,Age-Adjusted Death Rate,0.1,14.8,2030,IVP-09,5.5,Y,,,4,Rates with a relative standard error greater than or equal to 23 percent are deemed unreliable.
2025,17,Deaths Due to Homicide,Total Population,Total Population,San Mateo,18,777635,777635.0,Population,2022,61,20.3,Deaths,2021-2023,100000,2.6,Crude Death Rate,3.0,Age-Adjusted Death Rate,2.3,3.8,2030,IVP-09,5.5,Y,,,,
2025,17,Deaths Due to Homicide,Total Population,Total Population,Ventura,19,851620,851620.0,Population,2022,77,25.7,Deaths,2021-2023,100000,3.0,Crude Death Rate,3.1,Age-Adjusted Death Rate,2.5,3.9,2030,IVP-09,5.5,Y,,,,
2025,17,Deaths Due to Homicide,Total Population,Total Population,Sonoma,20,502886,502886.0,Population,2022,43,14.3,Deaths,2021-2023,100000,2.9,Crude Death Rate,3.1,Age-Adjusted Death Rate,2.2,4.2,2030,IVP-09,5.5,Y,,,,
2025,17,Deaths Due to Homicide,Total Population,Total Population,Sutter,21,99781,99781.0,Population,2022,9,3.0,Deaths,2021-2023,100000,3.0,Crude Death Rate,3.1,Age-Adjusted Death Rate,1.4,5.8,2030,IVP-09,5.5,Y,,,4,Rates with a relative standard error greater than or equal to 23 percent are deemed unreliable.
2025,17,Deaths Due to Homicide,Total Population,Total Population,San Diego,22,3356185,3356185.0,Population,2022,313,104.3,Deaths,2021-2023,100000,3.1,Crude Death Rate,3.2,Age-Adjusted Death Rate,2.8,3.6,2030,IVP-09,5.5,Y,,,,
2025,17,Deaths Due to Homicide,Total Population,Total Population,Yolo,23,228380,228380.0,Population,2022,20,6.7,Deaths,2021-2023,100000,2.9,Crude Death Rate,3.2,Age-Adjusted Death Rate,1.9,5.1,2030,IVP-09,5.5,Y,,,4,Rates with a relative standard error greater than or equal to 23 percent are deemed unreliable.
2025,17,Deaths Due to Homicide,Total Population,Total Population,Butte,24,227736,227736.0,Population,2022,23,7.7,Deaths,2021-2023,100000,3.4,Crude Death Rate,3.4,Age-Adjusted Death Rate,2.1,5.1,2030,IVP-09,5.5,Y,,,,
2025,17,Deaths Due to Homicide,Total Population,Total Population,Santa Cruz,25,276024,276024.0,Population,2022,28,9.3,Deaths,2021-2023,100000,3.4,Crude Death Rate,3.7,Age-Adjusted Death Rate,2.4,5.4,2030,IVP-09,5.5,Y,,,,
2025,17,Deaths Due to Homicide,Total Population,Total Population,Stanislaus,26,566365,566365.0,Population,2022,68,22.7,Deaths,2021-2023,100000,4.0,Crude Death Rate,4.2,Age-Adjusted Death Rate,3.3,5.4,2030,IVP-09,5.5,Y,,,,
2025,17,Deaths Due to Homicide,Total Population,Total Population,Santa Barbara,27,455127,455127.0,Population,2022,57,19.0,Deaths,2021-2023,100000,4.2,Crude Death Rate,4.2,Age-Adjusted Death Rate,3.1,5.4,2030,IVP-09,5.5,Y,,,,
2025,17,Deaths Due to Homicide,Total Population,Total Population,Riverside,28,2506351,2506351.0,Population,2022,328,109.3,Deaths,2021-2023,100000,4.4,Crude Death Rate,4.5,Age-Adjusted Death Rate,4.0,5.0,2030,IVP-09,5.5,Y,,,,
2025,17,Deaths Due to Homicide,Total Population,Total Population,San Benito,29,62124,62124.0,Population,2022,9,3.0,Deaths,2021-2023,100000,4.8,Crude Death Rate,4.9,Age-Adjusted Death Rate,2.2,9.3,2030,IVP-09,5.5,Y,,,4,Rates with a relative standard error greater than or equal to 23 percent are deemed unreliable.
2025,17,Deaths Due to Homicide,Total Population,Total Population,San Francisco,30,897416,897416.0,Population,2022,132,44.0,Deaths,2021-2023,100000,4.9,Crude Death Rate,5.1,Age-Adjusted Death Rate,4.2,6.1,2030,IVP-09,5.5,Y,,,,
2025,17,Deaths Due to Homicide,Total Population,Total Population,Calaveras,31,44150,44150.0,Population,2022,5,1.7,Deaths,2021-2023,100000,3.8,Crude Death Rate,5.2,Age-Adjusted Death Rate,1.4,13.2,2030,IVP-09,5.5,Y,,,4,Rates with a relative standard error greater than or equal to 23 percent are deemed unreliable.
2025,17,Deaths Due to Homicide,Total Population,Total Population,CALIFORNIA,,40146003,40146003.0,Population,2022,6741,2247.0,Deaths,2021-2023,100000,5.6,Crude Death Rate,5.8,Age-Adjusted Death Rate,5.6,5.9,2030,IVP-09,5.5,N,,,,
2025,17,Deaths Due to Homicide,Total Population,Total Population,Shasta,32,176682,176682.0,Population,2022,30,10.0,Deaths,2021-2023,100000,5.7,Crude Death Rate,5.9,Age-Adjusted Death Rate,3.9,8.5,2030,IVP-09,5.5,N,,,,
2025,17,Deaths Due to Homicide,Total Population,Total Population,Contra Costa,33,1168294,1168294.0,Population,2022,193,64.3,Deaths,2021-2023,100000,5.5,Crude Death Rate,6.0,Age-Adjusted Death Rate,5.2,6.9,2030,IVP-09,5.5,N,,,,
2025,17,Deaths Due to Homicide,Total Population,Total Population,Imperial,34,192960,192960.0,Population,2022,32,10.7,Deaths,2021-2023,100000,5.5,Crude Death Rate,6.0,Age-Adjusted Death Rate,4.1,8.5,2030,IVP-09,5.5,N,,,,
2025,17,Deaths Due to Homicide,Total Population,Total Population,Lake,35,64138,64138.0,Population,2022,11,3.7,Deaths,2021-2023,100000,5.7,Crude Death Rate,6.2,Age-Adjusted Death Rate,3.0,11.4,2030,IVP-09,5.5,N,,,4,Rates with a relative standard error greater than or equal to 23 percent are deemed unreliable.
2025,17,Deaths Due to Homicide,Total Population,Total Population,Monterey,36,447300,447300.0,Population,2022,84,28.0,Deaths,2021-2023,100000,6.3,Crude Death Rate,6.3,Age-Adjusted Death Rate,5.0,7.8,2030,IVP-09,5.5,N,,,,
2025,17,Deaths Due to Homicide,Total Population,Total Population,Amador,37,38161,38161.0,Population,2022,9,3.0,Deaths,2021-2023,100000,7.9,Crude Death Rate,6.3,Age-Adjusted Death Rate,2.5,13.1,2030,IVP-09,5.5,N,,,4,Rates with a relative standard error greater than or equal to 23 percent are deemed unreliable.
2025,17,Deaths Due to Homicide,Total Population,Total Population,Sacramento,38,1571846,1571846.0,Population,2022,310,103.3,Deaths,2021-2023,100000,6.6,Crude Death Rate,6.6,Age-Adjusted Death Rate,5.9,7.4,2030,IVP-09,5.5,N,,,,
2025,17,Deaths Due to Homicide,Total Population,Total Population,Tehama,39,64023,64023.0,Population,2022,12,4.0,Deaths,2021-2023,100000,6.2,Crude Death Rate,6.6,Age-Adjusted Death Rate,3.3,11.8,2030,IVP-09,5.5,N,,,4,Rates with a relative standard error greater than or equal to 23 percent are deemed unreliable.
2025,17,Deaths Due to Homicide,Total Population,Total Population,Kings,40,156164,156164.0,Population,2022,31,10.3,Deaths,2021-2023,100000,6.6,Crude Death Rate,6.7,Age-Adjusted Death Rate,4.5,9.6,2030,IVP-09,5.5,N,,,,
2025,17,Deaths Due to Homicide,Total Population,Total Population,Del Norte,41,26792,26792.0,Population,2022,6,2.0,Deaths,2021-2023,100000,7.5,Crude Death Rate,6.7,Age-Adjusted Death Rate,2.2,15.7,2030,IVP-09,5.5,N,,,4,Rates with a relative standard error greater than or equal to 23 percent are deemed unreliable.
2025,17,Deaths Due to Homicide,Total Population,Total Population,Siskiyou,42,43169,43169.0,Population,2022,8,2.7,Deaths,2021-2023,100000,6.2,Crude Death Rate,7.2,Age-Adjusted Death Rate,2.9,14.9,2030,IVP-09,5.5,N,,,4,Rates with a relative standard error greater than or equal to 23 percent are deemed unreliable.
2025,17,Deaths Due to Homicide,Total Population,Total Population,Los Angeles,43,10208717,10208717.0,Population,2022,2172,724.0,Deaths,2021-2023,100000,7.1,Crude Death Rate,7.3,Age-Adjusted Death Rate,7.0,7.6,2030,IVP-09,5.5,N,,,,
2025,17,Deaths Due to Homicide,Total Population,Total Population,Madera,44,162722,162722.0,Population,2022,36,12.0,Deaths,2021-2023,100000,7.4,Crude Death Rate,7.7,Age-Adjusted Death Rate,5.3,10.7,2030,IVP-09,5.5,N,,,,
2025,17,Deaths Due to Homicide,Total Population,Total Population,San Bernardino,45,2216865,2216865.0,Population,2022,513,171.0,Deaths,2021-2023,100000,7.7,Crude Death Rate,7.8,Age-Adjusted Death Rate,7.1,8.5,2030,IVP-09,5.5,N,,,,
2025,17,Deaths Due to Homicide,Total Population,Total Population,Yuba,46,78666,78666.0,Population,2022,19,6.3,Deaths,2021-2023,100000,8.1,Crude Death Rate,7.8,Age-Adjusted Death Rate,4.7,12.2,2030,IVP-09,5.5,N,,,4,Rates with a relative standard error greater than or equal to 23 percent are deemed unreliable.
2025,17,Deaths Due to Homicide,Total Population,Total Population,Mendocino,47,88353,88353.0,Population,2022,19,6.3,Deaths,2021-2023,100000,7.2,Crude Death Rate,8.0,Age-Adjusted Death Rate,4.7,12.6,2030,IVP-09,5.5,N,,,4,Rates with a relative standard error greater than or equal to 23 percent are deemed unreliable.
2025,17,Deaths Due to Homicide,Total Population,Total Population,Glenn,48,29212,29212.0,Population,2022,6,2.0,Deaths,2021-2023,100000,6.8,Crude Death Rate,8.1,Age-Adjusted Death Rate,3.0,17.6,2030,IVP-09,5.5,N,,,4,Rates with a relative standard error greater than or equal to 23 percent are deemed unreliable.
2025,17,Deaths Due to Homicide,Total Population,Total Population,Trinity,49,13156,13156.0,Population,2022,3,1.0,Deaths,2021-2023,100000,7.6,Crude Death Rate,8.1,Age-Adjusted Death Rate,1.7,23.7,2030,IVP-09,5.5,N,,,4,Rates with a relative standard error greater than or equal to 23 percent are deemed unreliable.
2025,17,Deaths Due to Homicide,Total Population,Total Population,Merced,50,288601,288601.0,Population,2022,73,24.3,Deaths,2021-2023,100000,8.4,Crude Death Rate,8.2,Age-Adjusted Death Rate,6.4,10.4,2030,IVP-09,5.5,N,,,,
2025,17,Deaths Due to Homicide,Total Population,Total Population,Alameda,51,1689538,1689538.0,Population,2022,417,139.0,Deaths,2021-2023,100000,8.2,Crude Death Rate,8.3,Age-Adjusted Death Rate,7.5,9.1,2030,IVP-09,5.5,N,,,,
2025,17,Deaths Due to Homicide,Total Population,Total Population,Tulare,52,485121,485121.0,Population,2022,120,40.0,Deaths,2021-2023,100000,8.2,Crude Death Rate,8.5,Age-Adjusted Death Rate,7.0,10.1,2030,IVP-09,5.5,N,,,,
2025,17,Deaths Due to Homicide,Total Population,Total Population,Humboldt,53,134138,134138.0,Population,2022,32,10.7,Deaths,2021-2023,100000,8.0,Crude Death Rate,8.7,Age-Adjusted Death Rate,5.8,12.4,2030,IVP-09,5.5,N,,,,
2025,17,Deaths Due to Homicide,Total Population,Total Population,Solano,54,448896,448896.0,Population,2022,115,38.3,Deaths,2021-2023,100000,8.5,Crude Death Rate,9.1,Age-Adjusted Death Rate,7.4,10.8,2030,IVP-09,5.5,N,,,,
2025,17,Deaths Due to Homicide,Total Population,Total Population,Fresno,55,1029118,1029118.0,Population,2022,279,93.0,Deaths,2021-2023,100000,9.0,Crude Death Rate,9.3,Age-Adjusted Death Rate,8.2,10.4,2030,IVP-09,5.5,N,,,,
2025,17,Deaths Due to Homicide,Total Population,Total Population,San Joaquin,56,783706,783706.0,Population,2022,232,77.3,Deaths,2021-2023,100000,9.9,Crude Death Rate,10.0,Age-Adjusted Death Rate,8.7,11.3,2030,IVP-09,5.5,N,,,,
2025,17,Deaths Due to Homicide,Total Population,Total Population,Kern,57,929851,929851.0,Population,2022,325,108.3,Deaths,2021-2023,100000,11.7,Crude Death Rate,11.8,Age-Adjusted Death Rate,10.5,13.1,2030,IVP-09,5.5,N,,,,
2025,17,Deaths Due to Homicide,Total Population,Total Population,Lassen,58,29842,29842.0,Population,2022,14,4.7,Deaths,2021-2023,100000,15.6,Crude Death Rate,15.7,Age-Adjusted Death Rate,8.4,26.9,2030,IVP-09,5.5,N,,,4,Rates with a relative standard error greater than or equal to 23 percent are deemed unreliable.
2025,18,Firearm Related Deaths,Total Population,Total Population,Santa Clara,1,1987898,1987898.0,Population,2022,198,66.0,Deaths,2021-2023,100000,3.3,Crude Death Rate,3.2,Age-Adjusted Death Rate,2.8,3.7,2030,IVP-13,10.7,Y,,,,
2025,18,Firearm Related Deaths,Total Population,Total Population,Marin,2,257795,257795.0,Population,2022,31,10.3,Deaths,2021-2023,100000,4.0,Crude Death Rate,3.6,Age-Adjusted Death Rate,2.4,5.3,2030,IVP-13,10.7,Y,,,,
2025,18,Firearm Related Deaths,Total Population,Total Population,Mono,3,13898,13898.0,Population,2022,3,1.0,Deaths,2021-2023,100000,7.2,Crude Death Rate,4.0,Age-Adjusted Death Rate,0.8,11.6,2030,IVP-13,10.7,Y,,,4,Rates with a relative standard error greater than or equal to 23 percent are deemed unreliable.
2025,18,Firearm Related Deaths,Total Population,Total Population,San Mateo,4,777635,777635.0,Population,2022,96,32.0,Deaths,2021-2023,100000,4.1,Crude Death Rate,4.1,Age-Adjusted Death Rate,3.3,5.0,2030,IVP-13,10.7,Y,,,,
2025,18,Firearm Related Deaths,Total Population,Total Population,Napa,5,139518,139518.0,Population,2022,23,7.7,Deaths,2021-2023,100000,5.5,Crude Death Rate,4.7,Age-Adjusted Death Rate,2.9,7.3,2030,IVP-13,10.7,Y,,,,
2025,18,Firearm Related Deaths,Total Population,Total Population,Orange,6,3218111,3218111.0,Population,2022,491,163.7,Deaths,2021-2023,100000,5.1,Crude Death Rate,4.9,Age-Adjusted Death Rate,4.4,5.3,2030,IVP-13,10.7,Y,,,,
2025,18,Firearm Related Deaths,Total Population,Total Population,Yolo,7,228380,228380.0,Population,2022,33,11.0,Deaths,2021-2023,100000,4.8,Crude Death Rate,4.9,Age-Adjusted Death Rate,3.3,7.0,2030,IVP-13,10.7,Y,,,,
2025,18,Firearm Related Deaths,Total Population,Total Population,San Francisco,8,897416,897416.0,Population,2022,140,46.7,Deaths,2021-2023,100000,5.2,Crude Death Rate,5.3,Age-Adjusted Death Rate,4.4,6.2,2030,IVP-13,10.7,Y,,,,
2025,18,Firearm Related Deaths,Total Population,Total Population,Colusa,9,22872,22872.0,Population,2022,4,1.3,Deaths,2021-2023,100000,5.8,Crude Death Rate,5.5,Age-Adjusted Death Rate,1.5,14.2,2030,IVP-13,10.7,Y,,,4,Rates with a relative standard error greater than or equal to 23 percent are deemed unreliable.
2025,18,Firearm Related Deaths,Total Population,Total Population,Ventura,10,851620,851620.0,Population,2022,169,56.3,Deaths,2021-2023,100000,6.6,Crude Death Rate,6.1,Age-Adjusted Death Rate,5.2,7.1,2030,IVP-13,10.7,Y,,,,
2025,18,Firearm Related Deaths,Total Population,Total Population,San Diego,11,3356185,3356185.0,Population,2022,651,217.0,Deaths,2021-2023,100000,6.5,Crude Death Rate,6.3,Age-Adjusted Death Rate,5.8,6.8,2030,IVP-13,10.7,Y,,,,
2025,18,Firearm Related Deaths,Total Population,Total Population,Placer,12,400664,400664.0,Population,2022,91,30.3,Deaths,2021-2023,100000,7.6,Crude Death Rate,6.4,Age-Adjusted Death Rate,5.1,8.0,2030,IVP-13,10.7,Y,,,,
2025,18,Firearm Related Deaths,Total Population,Total Population,Imperial,13,192960,192960.0,Population,2022,36,12.0,Deaths,2021-2023,100000,6.2,Crude Death Rate,6.5,Age-Adjusted Death Rate,4.5,9.0,2030,IVP-13,10.7,Y,,,,
2025,18,Firearm Related Deaths,Total Population,Total Population,Santa Cruz,14,276024,276024.0,Population,2022,59,19.7,Deaths,2021-2023,100000,7.1,Crude Death Rate,6.8,Age-Adjusted Death Rate,5.1,8.9,2030,IVP-13,10.7,Y,,,,
2025,18,Firearm Related Deaths,Total Population,Total Population,San Luis Obispo,15,279268,279268.0,Population,2022,73,24.3,Deaths,2021-2023,100000,8.7,Crude Death Rate,7.1,Age-Adjusted Death Rate,5.5,9.2,2030,IVP-13,10.7,Y,,,,
2025,18,Firearm Related Deaths,Total Population,Total Population,San Benito,16,62124,62124.0,Population,2022,14,4.7,Deaths,2021-2023,100000,7.5,Crude Death Rate,7.4,Age-Adjusted Death Rate,4.0,12.7,2030,IVP-13,10.7,Y,,,4,Rates with a relative standard error greater than or equal to 23 percent are deemed unreliable.
2025,18,Firearm Related Deaths,Total Population,Total Population,Santa Barbara,17,455127,455127.0,Population,2022,110,36.7,Deaths,2021-2023,100000,8.1,Crude Death Rate,7.6,Age-Adjusted Death Rate,6.1,9.1,2030,IVP-13,10.7,Y,,,,
2025,18,Firearm Related Deaths,Total Population,Total Population,Sonoma,18,502886,502886.0,Population,2022,124,41.3,Deaths,2021-2023,100000,8.2,Crude Death Rate,7.7,Age-Adjusted Death Rate,6.2,9.1,2030,IVP-13,10.7,Y,,,,
2025,18,Firearm Related Deaths,Total Population,Total Population,Sutter,19,99781,99781.0,Population,2022,26,8.7,Deaths,2021-2023,100000,8.7,Crude Death Rate,7.9,Age-Adjusted Death Rate,5.1,11.7,2030,IVP-13,10.7,Y,,,,
2025,18,Firearm Related Deaths,Total Population,Total Population,Riverside,20,2506351,2506351.0,Population,2022,623,207.7,Deaths,2021-2023,100000,8.3,Crude Death Rate,8.1,Age-Adjusted Death Rate,7.4,8.7,2030,IVP-13,10.7,Y,,,,
2025,18,Firearm Related Deaths,Total Population,Total Population,CALIFORNIA,,40146003,40146003.0,Population,2022,10227,3409.0,Deaths,2021-2023,100000,8.5,Crude Death Rate,8.4,Age-Adjusted Death Rate,8.2,8.5,2030,IVP-13,10.7,Y,,,,
2025,18,Firearm Related Deaths,Total Population,Total Population,Los Angeles,21,10208717,10208717.0,Population,2022,2631,877.0,Deaths,2021-2023,100000,8.6,Crude Death Rate,8.6,Age-Adjusted Death Rate,8.3,9.0,2030,IVP-13,10.7,Y,,,,
2025,18,Firearm Related Deaths,Total Population,Total Population,Contra Costa,22,1168294,1168294.0,Population,2022,303,101.0,Deaths,2021-2023,100000,8.6,Crude Death Rate,8.8,Age-Adjusted Death Rate,7.8,9.8,2030,IVP-13,10.7,Y,,,,
2025,18,Firearm Related Deaths,Total Population,Total Population,Monterey,23,447300,447300.0,Population,2022,120,40.0,Deaths,2021-2023,100000,8.9,Crude Death Rate,8.8,Age-Adjusted Death Rate,7.2,10.4,2030,IVP-13,10.7,Y,,,,
2025,18,Firearm Related Deaths,Total Population,Total Population,Butte,24,227736,227736.0,Population,2022,64,21.3,Deaths,2021-2023,100000,9.4,Crude Death Rate,8.8,Age-Adjusted Death Rate,6.6,11.4,2030,IVP-13,10.7,Y,,,,
2025,18,Firearm Related Deaths,Total Population,Total Population,El Dorado,25,190012,190012.0,Population,2022,58,19.3,Deaths,2021-2023,100000,10.2,Crude Death Rate,8.8,Age-Adjusted Death Rate,6.5,11.7,2030,IVP-13,10.7,Y,,,,
2025,18,Firearm Related Deaths,Total Population,Total Population,Kings,26,156164,156164.0,Population,2022,42,14.0,Deaths,2021-2023,100000,9.0,Crude Death Rate,9.1,Age-Adjusted Death Rate,6.5,12.4,2030,IVP-13,10.7,Y,,,,
2025,18,Firearm Related Deaths,Total Population,Total Population,Tuolumne,27,51670,51670.0,Population,2022,17,5.7,Deaths,2021-2023,100000,11.0,Crude Death Rate,9.1,Age-Adjusted Death Rate,4.9,15.6,2030,IVP-13,10.7,Y,,,4,Rates with a relative standard error greater than or equal to 23 percent are deemed unreliable.
2025,18,Firearm Related Deaths,Total Population,Total Population,Glenn,28,29212,29212.0,Population,2022,7,2.3,Deaths,2021-2023,100000,8.0,Crude Death Rate,9.1,Age-Adjusted Death Rate,3.7,18.7,2030,IVP-13,10.7,Y,,,4,Rates with a relative standard error greater than or equal to 23 percent are deemed unreliable.
2025,18,Firearm Related Deaths,Total Population,Total Population,Stanislaus,29,566365,566365.0,Population,2022,153,51.0,Deaths,2021-2023,100000,9.0,Crude Death Rate,9.2,Age-Adjusted Death Rate,7.7,10.7,2030,IVP-13,10.7,Y,,,,
2025,18,Firearm Related Deaths,Total Population,Total Population,Modoc,30,9374,9374.0,Population,2022,3,1.0,Deaths,2021-2023,100000,10.7,Crude Death Rate,9.4,Age-Adjusted Death Rate,1.9,27.4,2030,IVP-13,10.7,Y,,,4,Rates with a relative standard error greater than or equal to 23 percent are deemed unreliable.
2025,18,Firearm Related Deaths,Total Population,Total Population,Alameda,31,1689538,1689538.0,Population,2022,487,162.3,Deaths,2021-2023,100000,9.6,Crude Death Rate,9.5,Age-Adjusted Death Rate,8.6,10.3,2030,IVP-13,10.7,Y,,,,
2025,18,Firearm Related Deaths,Total Population,Total Population,Sacramento,32,1571846,1571846.0,Population,2022,482,160.7,Deaths,2021-2023,100000,10.2,Crude Death Rate,10.0,Age-Adjusted Death Rate,9.1,10.9,2030,IVP-13,10.7,Y,,,,
2025,18,Firearm Related Deaths,Total Population,Total Population,Madera,33,162722,162722.0,Population,2022,51,17.0,Deaths,2021-2023,100000,10.4,Crude Death Rate,10.0,Age-Adjusted Death Rate,7.4,13.3,2030,IVP-13,10.7,Y,,,,
2025,18,Firearm Related Deaths,Total Population,Total Population,Nevada,34,98157,98157.0,Population,2022,34,11.3,Deaths,2021-2023,100000,11.5,Crude Death Rate,10.7,Age-Adjusted Death Rate,7.0,15.5,2030,IVP-13,10.7,Y,,,,
2025,18,Firearm Related Deaths,Total Population,Total Population,San Bernardino,35,2216865,2216865.0,Population,2022,758,252.7,Deaths,2021-2023,100000,11.4,Crude Death Rate,11.5,Age-Adjusted Death Rate,10.7,12.4,2030,IVP-13,10.7,N,,,,
2025,18,Firearm Related Deaths,Total Population,Total Population,Plumas,36,19041,19041.0,Population,2022,10,3.3,Deaths,2021-2023,100000,17.5,Crude Death Rate,11.5,Age-Adjusted Death Rate,4.9,22.6,2030,IVP-13,10.7,N,,,4,Rates with a relative standard error greater than or equal to 23 percent are deemed unreliable.
2025,18,Firearm Related Deaths,Total Population,Total Population,Calaveras,37,44150,44150.0,Population,2022,18,6.0,Deaths,2021-2023,100000,13.6,Crude Death Rate,11.6,Age-Adjusted Death Rate,6.2,19.8,2030,IVP-13,10.7,N,,,4,Rates with a relative standard error greater than or equal to 23 percent are deemed unreliable.
2025,18,Firearm Related Deaths,Total Population,Total Population,Yuba,38,78666,78666.0,Population,2022,29,9.7,Deaths,2021-2023,100000,12.3,Crude Death Rate,11.7,Age-Adjusted Death Rate,7.8,16.9,2030,IVP-13,10.7,N,,,,
2025,18,Firearm Related Deaths,Total Population,Total Population,Tulare,39,485121,485121.0,Population,2022,172,57.3,Deaths,2021-2023,100000,11.8,Crude Death Rate,12.2,Age-Adjusted Death Rate,10.4,14.1,2030,IVP-13,10.7,N,,,,
2025,18,Firearm Related Deaths,Total Population,Total Population,Fresno,40,1029118,1029118.0,Population,2022,370,123.3,Deaths,2021-2023,100000,12.0,Crude Death Rate,12.3,Age-Adjusted Death Rate,11.0,13.6,2030,IVP-13,10.7,N,,,,
2025,18,Firearm Related Deaths,Total Population,Total Population,Solano,41,448896,448896.0,Population,2022,165,55.0,Deaths,2021-2023,100000,12.3,Crude Death Rate,12.4,Age-Adjusted Death Rate,10.4,14.3,2030,IVP-13,10.7,N,,,,
2025,18,Firearm Related Deaths,Total Population,Total Population,Merced,42,288601,288601.0,Population,2022,112,37.3,Deaths,2021-2023,100000,12.9,Crude Death Rate,12.7,Age-Adjusted Death Rate,10.3,15.1,2030,IVP-13,10.7,N,,,,
2025,18,Firearm Related Deaths,Total Population,Total Population,San Joaquin,43,783706,783706.0,Population,2022,315,105.0,Deaths,2021-2023,100000,13.4,Crude Death Rate,13.3,Age-Adjusted Death Rate,11.8,14.8,2030,IVP-13,10.7,N,,,,
2025,18,Firearm Related Deaths,Total Population,Total Population,Inyo,44,18142,18142.0,Population,2022,8,2.7,Deaths,2021-2023,100000,14.7,Crude Death Rate,14.4,Age-Adjusted Death Rate,5.3,31.3,2030,IVP-13,10.7,N,,,4,Rates with a relative standard error greater than or equal to 23 percent are deemed unreliable.
2025,18,Firearm Related Deaths,Total Population,Total Population,Mendocino,45,88353,88353.0,Population,2022,45,15.0,Deaths,2021-2023,100000,17.0,Crude Death Rate,14.8,Age-Adjusted Death Rate,10.5,20.2,2030,IVP-13,10.7,N,,,,
2025,18,Firearm Related Deaths,Total Population,Total Population,Lake,46,64138,64138.0,Population,2022,33,11.0,Deaths,2021-2023,100000,17.2,Crude Death Rate,15.0,Age-Adjusted Death Rate,10.0,21.7,2030,IVP-13,10.7,N,,,,
2025,18,Firearm Related Deaths,Total Population,Total Population,Kern,47,929851,929851.0,Population,2022,425,141.7,Deaths,2021-2023,100000,15.2,Crude Death Rate,15.5,Age-Adjusted Death Rate,14.0,17.0,2030,IVP-13,10.7,N,,,,
2025,18,Firearm Related Deaths,Total Population,Total Population,Shasta,48,176682,176682.0,Population,2022,96,32.0,Deaths,2021-2023,100000,18.1,Crude Death Rate,15.5,Age-Adjusted Death Rate,12.4,19.2,2030,IVP-13,10.7,N,,,,
2025,18,Firearm Related Deaths,Total Population,Total Population,Tehama,49,64023,64023.0,Population,2022,36,12.0,Deaths,2021-2023,100000,18.7,Crude Death Rate,15.9,Age-Adjusted Death Rate,10.9,22.4,2030,IVP-13,10.7,N,,,,
2025,18,Firearm Related Deaths,Total Population,Total Population,Amador,50,38161,38161.0,Population,2022,24,8.0,Deaths,2021-2023,100000,21.0,Crude Death Rate,17.4,Age-Adjusted Death Rate,10.5,27.2,2030,IVP-13,10.7,N,,,4,Rates with a relative standard error greater than or equal to 23 percent are deemed unreliable.
2025,18,Firearm Related Deaths,Total Population,Total Population,Lassen,51,29842,29842.0,Population,2022,19,6.3,Deaths,2021-2023,100000,21.2,Crude Death Rate,17.8,Age-Adjusted Death Rate,10.6,28.1,2030,IVP-13,10.7,N,,,4,Rates with a relative standard error greater than or equal to 23 percent are deemed unreliable.
2025,18,Firearm Related Deaths,Total Population,Total Population,Mariposa,52,17556,17556.0,Population,2022,10,3.3,Deaths,2021-2023,100000,19.0,Crude Death Rate,18.8,Age-Adjusted Death Rate,7.5,38.7,2030,IVP-13,10.7,N,,,4,Rates with a relative standard error greater than or equal to 23 percent are deemed unreliable.
2025,18,Firearm Related Deaths,Total Population,Total Population,Siskiyou,53,43169,43169.0,Population,2022,28,9.3,Deaths,2021-2023,100000,21.6,Crude Death Rate,19.3,Age-Adjusted Death Rate,12.2,28.9,2030,IVP-13,10.7,N,,,,
2025,18,Firearm Related Deaths,Total Population,Total Population,Del Norte,54,26792,26792.0,Population,2022,17,5.7,Deaths,2021-2023,100000,21.2,Crude Death Rate,19.4,Age-Adjusted Death Rate,10.9,32.0,2030,IVP-13,10.7,N,,,4,Rates with a relative standard error greater than or equal to 23 percent are deemed unreliable.
2025,18,Firearm Related Deaths,Total Population,Total Population,Humboldt,55,134138,134138.0,Population,2022,80,26.7,Deaths,2021-2023,100000,19.9,Crude Death Rate,19.9,Age-Adjusted Death Rate,15.6,25.0,2030,IVP-13,10.7,N,,,,
2025,18,Firearm Related Deaths,Total Population,Total Population,Trinity,56,13156,13156.0,Population,2022,8,2.7,Deaths,2021-2023,100000,20.3,Crude Death Rate,23.0,Age-Adjusted Death Rate,8.4,50.0,2030,IVP-13,10.7,N,,,4,Rates with a relative standard error greater than or equal to 23 percent are deemed unreliable.
2025,18,Firearm Related Deaths,Total Population,Total Population,Sierra,57,3077,3077.0,Population,2022,1,0.3,Deaths,2021-2023,100000,10.8,Crude Death Rate,23.3,Age-Adjusted Death Rate,0.6,129.6,2030,IVP-13,10.7,N,,,4,Rates with a relative standard error greater than or equal to 23 percent are deemed unreliable.
2025,18,Firearm Related Deaths,Total Population,Total Population,Alpine,58,1139,1139.0,Population,2022,1,0.3,Deaths,2021-2023,100000,29.3,Crude Death Rate,40.5,Age-Adjusted Death Rate,1.0,225.6,2030,IVP-13,10.7,N,,,4,Rates with a relative standard error greater than or equal to 23 percent are deemed unreliable.
2025,19,Drug Overdose Deaths,Total Population,Total Population,Imperial,1,192960,192960.0,Population,2022,71,23.7,Deaths,2021-2023,100000,12.3,Crude Death Rate,13.3,Age-Adjusted Death Rate,10.3,16.8,2030,SU-03,20.7,Y,,,,
2025,19,Drug Overdose Deaths,Total Population,Total Population,San Mateo,2,777635,777635.0,Population,2022,369,123.0,Deaths,2021-2023,100000,15.8,Crude Death Rate,15.3,Age-Adjusted Death Rate,13.7,16.9,2030,SU-03,20.7,Y,,,,
2025,19,Drug Overdose Deaths,Total Population,Total Population,Santa Clara,3,1987898,1987898.0,Population,2022,1040,346.7,Deaths,2021-2023,100000,17.4,Crude Death Rate,16.3,Age-Adjusted Death Rate,15.3,17.4,2030,SU-03,20.7,Y,,,,
2025,19,Drug Overdose Deaths,Total Population,Total Population,Napa,4,139518,139518.0,Population,2022,77,25.7,Deaths,2021-2023,100000,18.4,Crude Death Rate,18.2,Age-Adjusted Death Rate,14.3,22.9,2030,SU-03,20.7,Y,,,,
2025,19,Drug Overdose Deaths,Total Population,Total Population,Mono,5,13898,13898.0,Population,2022,8,2.7,Deaths,2021-2023,100000,19.2,Crude Death Rate,18.2,Age-Adjusted Death Rate,7.3,37.4,2030,SU-03,20.7,Y,,,4,Rates with a relative standard error greater than or equal to 23 percent are deemed unreliable.
2025,19,Drug Overdose Deaths,Total Population,Total Population,Yolo,6,228380,228380.0,Population,2022,121,40.3,Deaths,2021-2023,100000,17.7,Crude Death Rate,18.7,Age-Adjusted Death Rate,15.3,22.2,2030,SU-03,20.7,Y,,,,
2025,19,Drug Overdose Deaths,Total Population,Total Population,Placer,7,400664,400664.0,Population,2022,239,79.7,Deaths,2021-2023,100000,19.9,Crude Death Rate,19.8,Age-Adjusted Death Rate,17.2,22.4,2030,SU-03,20.7,Y,,,,
2025,19,Drug Overdose Deaths,Total Population,Total Population,Alameda,8,1689538,1689538.0,Population,2022,1076,358.7,Deaths,2021-2023,100000,21.2,Crude Death Rate,20.0,Age-Adjusted Death Rate,18.8,21.3,2030,SU-03,20.7,Y,,,,
2025,19,Drug Overdose Deaths,Total Population,Total Population,Madera,9,162722,162722.0,Population,2022,99,33.0,Deaths,2021-2023,100000,20.3,Crude Death Rate,20.5,Age-Adjusted Death Rate,16.6,25.0,2030,SU-03,20.7,Y,,,,
2025,19,Drug Overdose Deaths,Total Population,Total Population,Kings,10,156164,156164.0,Population,2022,87,29.0,Deaths,2021-2023,100000,18.6,Crude Death Rate,20.7,Age-Adjusted Death Rate,16.5,25.6,2030,SU-03,20.7,Y,,,,
2025,19,Drug Overdose Deaths,Total Population,Total Population,Colusa,11,22872,22872.0,Population,2022,14,4.7,Deaths,2021-2023,100000,20.4,Crude Death Rate,20.8,Age-Adjusted Death Rate,11.1,35.5,2030,SU-03,20.7,N,,,4,Rates with a relative standard error greater than or equal to 23 percent are deemed unreliable.
2025,19,Drug Overdose Deaths,Total Population,Total Population,Contra Costa,12,1168294,1168294.0,Population,2022,791,263.7,Deaths,2021-2023,100000,22.6,Crude Death Rate,22.1,Age-Adjusted Death Rate,20.5,23.7,2030,SU-03,20.7,N,,,,
2025,19,Drug Overdose Deaths,Total Population,Total Population,Fresno,13,1029118,1029118.0,Population,2022,660,220.0,Deaths,2021-2023,100000,21.4,Crude Death Rate,22.6,Age-Adjusted Death Rate,20.8,24.3,2030,SU-03,20.7,N,,,,
2025,19,Drug Overdose Deaths,Total Population,Total Population,Tulare,14,485121,485121.0,Population,2022,308,102.7,Deaths,2021-2023,100000,21.2,Crude Death Rate,22.8,Age-Adjusted Death Rate,20.2,25.3,2030,SU-03,20.7,N,,,,
2025,19,Drug Overdose Deaths,Total Population,Total Population,Los Angeles,15,10208717,10208717.0,Population,2022,7113,2371.0,Deaths,2021-2023,100000,23.2,Crude Death Rate,22.9,Age-Adjusted Death Rate,22.4,23.5,2030,SU-03,20.7,N,,,,
2025,19,Drug Overdose Deaths,Total Population,Total Population,Marin,16,257795,257795.0,Population,2022,189,63.0,Deaths,2021-2023,100000,24.4,Crude Death Rate,23.0,Age-Adjusted Death Rate,19.4,26.6,2030,SU-03,20.7,N,,,,
2025,19,Drug Overdose Deaths,Total Population,Total Population,Merced,17,288601,288601.0,Population,2022,190,63.3,Deaths,2021-2023,100000,21.9,Crude Death Rate,23.3,Age-Adjusted Death Rate,19.9,26.6,2030,SU-03,20.7,N,,,,
2025,19,Drug Overdose Deaths,Total Population,Total Population,Monterey,18,447300,447300.0,Population,2022,321,107.0,Deaths,2021-2023,100000,23.9,Crude Death Rate,23.5,Age-Adjusted Death Rate,20.9,26.1,2030,SU-03,20.7,N,,,,
2025,19,Drug Overdose Deaths,Total Population,Total Population,El Dorado,19,190012,190012.0,Population,2022,135,45.0,Deaths,2021-2023,100000,23.7,Crude Death Rate,25.6,Age-Adjusted Death Rate,21.1,30.1,2030,SU-03,20.7,N,,,,
2025,19,Drug Overdose Deaths,Total Population,Total Population,San Benito,20,62124,62124.0,Population,2022,48,16.0,Deaths,2021-2023,100000,25.8,Crude Death Rate,25.8,Age-Adjusted Death Rate,18.8,34.6,2030,SU-03,20.7,N,,,,
2025,19,Drug Overdose Deaths,Total Population,Total Population,Plumas,21,19041,19041.0,Population,2022,17,5.7,Deaths,2021-2023,100000,29.8,Crude Death Rate,26.0,Age-Adjusted Death Rate,13.4,45.4,2030,SU-03,20.7,N,,,4,Rates with a relative standard error greater than or equal to 23 percent are deemed unreliable.
2025,19,Drug Overdose Deaths,Total Population,Total Population,San Bernardino,22,2216865,2216865.0,Population,2022,1703,567.7,Deaths,2021-2023,100000,25.6,Crude Death Rate,26.1,Age-Adjusted Death Rate,24.8,27.4,2030,SU-03,20.7,N,,,,
2025,19,Drug Overdose Deaths,Total Population,Total Population,Orange,23,3218111,3218111.0,Population,2022,2505,835.0,Deaths,2021-2023,100000,25.9,Crude Death Rate,26.5,Age-Adjusted Death Rate,25.4,27.6,2030,SU-03,20.7,N,,,,
2025,19,Drug Overdose Deaths,Total Population,Total Population,CALIFORNIA,,40146003,40146003.0,Population,2022,33268,11089.3,Deaths,2021-2023,100000,27.6,Crude Death Rate,27.3,Age-Adjusted Death Rate,27.0,27.6,2030,SU-03,20.7,N,,,,
2025,19,Drug Overdose Deaths,Total Population,Total Population,San Joaquin,24,783706,783706.0,Population,2022,639,213.0,Deaths,2021-2023,100000,27.2,Crude Death Rate,27.4,Age-Adjusted Death Rate,25.2,29.6,2030,SU-03,20.7,N,,,,
2025,19,Drug Overdose Deaths,Total Population,Total Population,Amador,25,38161,38161.0,Population,2022,27,9.0,Deaths,2021-2023,100000,23.6,Crude Death Rate,27.5,Age-Adjusted Death Rate,17.6,40.9,2030,SU-03,20.7,N,,,,
2025,19,Drug Overdose Deaths,Total Population,Total Population,Sonoma,26,502886,502886.0,Population,2022,412,137.3,Deaths,2021-2023,100000,27.3,Crude Death Rate,27.9,Age-Adjusted Death Rate,25.1,30.7,2030,SU-03,20.7,N,,,,
2025,19,Drug Overdose Deaths,Total Population,Total Population,San Diego,27,3356185,3356185.0,Population,2022,2910,970.0,Deaths,2021-2023,100000,28.9,Crude Death Rate,29.5,Age-Adjusted Death Rate,28.4,30.6,2030,SU-03,20.7,N,,,,
2025,19,Drug Overdose Deaths,Total Population,Total Population,Solano,28,448896,448896.0,Population,2022,393,131.0,Deaths,2021-2023,100000,29.2,Crude Death Rate,29.6,Age-Adjusted Death Rate,26.6,32.7,2030,SU-03,20.7,N,,,,
2025,19,Drug Overdose Deaths,Total Population,Total Population,Santa Barbara,29,455127,455127.0,Population,2022,401,133.7,Deaths,2021-2023,100000,29.4,Crude Death Rate,30.2,Age-Adjusted Death Rate,27.2,33.2,2030,SU-03,20.7,N,,,,
2025,19,Drug Overdose Deaths,Total Population,Total Population,Calaveras,30,44150,44150.0,Population,2022,36,12.0,Deaths,2021-2023,100000,27.2,Crude Death Rate,30.2,Age-Adjusted Death Rate,20.1,43.7,2030,SU-03,20.7,N,,,,
2025,19,Drug Overdose Deaths,Total Population,Total Population,Ventura,31,851620,851620.0,Population,2022,775,258.3,Deaths,2021-2023,100000,30.3,Crude Death Rate,31.0,Age-Adjusted Death Rate,28.8,33.3,2030,SU-03,20.7,N,,,,
2025,19,Drug Overdose Deaths,Total Population,Total Population,Modoc,32,9374,9374.0,Population,2022,7,2.3,Deaths,2021-2023,100000,24.9,Crude Death Rate,31.4,Age-Adjusted Death Rate,11.5,68.3,2030,SU-03,20.7,N,,,4,Rates with a relative standard error greater than or equal to 23 percent are deemed unreliable.
2025,19,Drug Overdose Deaths,Total Population,Total Population,Sutter,33,99781,99781.0,Population,2022,97,32.3,Deaths,2021-2023,100000,32.4,Crude Death Rate,31.7,Age-Adjusted Death Rate,25.6,38.9,2030,SU-03,20.7,N,,,,
2025,19,Drug Overdose Deaths,Total Population,Total Population,Stanislaus,34,566365,566365.0,Population,2022,533,177.7,Deaths,2021-2023,100000,31.4,Crude Death Rate,32.7,Age-Adjusted Death Rate,29.9,35.6,2030,SU-03,20.7,N,,,,
2025,19,Drug Overdose Deaths,Total Population,Total Population,Sierra,35,3077,3077.0,Population,2022,3,1.0,Deaths,2021-2023,100000,32.5,Crude Death Rate,33.0,Age-Adjusted Death Rate,4.0,119.2,2030,SU-03,20.7,N,,,4,Rates with a relative standard error greater than or equal to 23 percent are deemed unreliable.
2025,19,Drug Overdose Deaths,Total Population,Total Population,Trinity,36,13156,13156.0,Population,2022,10,3.3,Deaths,2021-2023,100000,25.3,Crude Death Rate,34.0,Age-Adjusted Death Rate,15.6,64.6,2030,SU-03,20.7,N,,,4,Rates with a relative standard error greater than or equal to 23 percent are deemed unreliable.
2025,19,Drug Overdose Deaths,Total Population,Total Population,Riverside,37,2506351,2506351.0,Population,2022,2577,859.0,Deaths,2021-2023,100000,34.3,Crude Death Rate,34.2,Age-Adjusted Death Rate,32.9,35.6,2030,SU-03,20.7,N,,,,
2025,19,Drug Overdose Deaths,Total Population,Total Population,Sacramento,38,1571846,1571846.0,Population,2022,1700,566.7,Deaths,2021-2023,100000,36.1,Crude Death Rate,34.5,Age-Adjusted Death Rate,32.8,36.2,2030,SU-03,20.7,N,,,,
2025,19,Drug Overdose Deaths,Total Population,Total Population,Mariposa,39,17556,17556.0,Population,2022,19,6.3,Deaths,2021-2023,100000,36.1,Crude Death Rate,36.7,Age-Adjusted Death Rate,21.0,59.6,2030,SU-03,20.7,N,,,4,Rates with a relative standard error greater than or equal to 23 percent are deemed unreliable.
2025,19,Drug Overdose Deaths,Total Population,Total Population,Santa Cruz,40,276024,276024.0,Population,2022,311,103.7,Deaths,2021-2023,100000,37.6,Crude Death Rate,40.0,Age-Adjusted Death Rate,35.3,44.6,2030,SU-03,20.7,N,,,,
2025,19,Drug Overdose Deaths,Total Population,Total Population,Alpine,41,1139,1139.0,Population,2022,1,0.3,Deaths,2021-2023,100000,29.3,Crude Death Rate,40.0,Age-Adjusted Death Rate,1.0,222.8,2030,SU-03,20.7,N,,,4,Rates with a relative standard error greater than or equal to 23 percent are deemed unreliable.
2025,19,Drug Overdose Deaths,Total Population,Total Population,Tuolumne,42,51670,51670.0,Population,2022,58,19.3,Deaths,2021-2023,100000,37.4,Crude Death Rate,41.6,Age-Adjusted Death Rate,30.8,54.8,2030,SU-03,20.7,N,,,,
2025,19,Drug Overdose Deaths,Total Population,Total Population,Glenn,43,29212,29212.0,Population,2022,38,12.7,Deaths,2021-2023,100000,43.4,Crude Death Rate,42.1,Age-Adjusted Death Rate,29.5,58.3,2030,SU-03,20.7,N,,,,
2025,19,Drug Overdose Deaths,Total Population,Total Population,San Luis Obispo,44,279268,279268.0,Population,2022,321,107.0,Deaths,2021-2023,100000,38.3,Crude Death Rate,42.3,Age-Adjusted Death Rate,37.4,47.2,2030,SU-03,20.7,N,,,,
2025,19,Drug Overdose Deaths,Total Population,Total Population,Yuba,45,78666,78666.0,Population,2022,98,32.7,Deaths,2021-2023,100000,41.5,Crude Death Rate,42.9,Age-Adjusted Death Rate,34.7,52.4,2030,SU-03,20.7,N,,,,
2025,19,Drug Overdose Deaths,Total Population,Total Population,Nevada,46,98157,98157.0,Population,2022,124,41.3,Deaths,2021-2023,100000,42.1,Crude Death Rate,43.6,Age-Adjusted Death Rate,35.4,51.8,2030,SU-03,20.7,N,,,,
2025,19,Drug Overdose Deaths,Total Population,Total Population,Shasta,47,176682,176682.0,Population,2022,224,74.7,Deaths,2021-2023,100000,42.3,Crude Death Rate,45.8,Age-Adjusted Death Rate,39.6,52.0,2030,SU-03,20.7,N,,,,
2025,19,Drug Overdose Deaths,Total Population,Total Population,Lassen,48,29842,29842.0,Population,2022,45,15.0,Deaths,2021-2023,100000,50.3,Crude Death Rate,47.2,Age-Adjusted Death Rate,33.9,64.0,2030,SU-03,20.7,N,,,,
2025,19,Drug Overdose Deaths,Total Population,Total Population,Siskiyou,49,43169,43169.0,Population,2022,59,19.7,Deaths,2021-2023,100000,45.6,Crude Death Rate,49.6,Age-Adjusted Death Rate,37.0,65.3,2030,SU-03,20.7,N,,,,
2025,19,Drug Overdose Deaths,Total Population,Total Population,Tehama,50,64023,64023.0,Population,2022,93,31.0,Deaths,2021-2023,100000,48.4,Crude Death Rate,51.2,Age-Adjusted Death Rate,40.9,63.3,2030,SU-03,20.7,N,,,,
2025,19,Drug Overdose Deaths,Total Population,Total Population,San Francisco,51,897416,897416.0,Population,2022,1647,549.0,Deaths,2021-2023,100000,61.2,Crude Death Rate,52.0,Age-Adjusted Death Rate,49.5,54.6,2030,SU-03,20.7,N,,,,
2025,19,Drug Overdose Deaths,Total Population,Total Population,Kern,52,929851,929851.0,Population,2022,1480,493.3,Deaths,2021-2023,100000,53.1,Crude Death Rate,55.0,Age-Adjusted Death Rate,52.2,57.9,2030,SU-03,20.7,N,,,,
2025,19,Drug Overdose Deaths,Total Population,Total Population,Butte,53,227736,227736.0,Population,2022,367,122.3,Deaths,2021-2023,100000,53.7,Crude Death Rate,55.7,Age-Adjusted Death Rate,49.8,61.7,2030,SU-03,20.7,N,,,,
2025,19,Drug Overdose Deaths,Total Population,Total Population,Inyo,54,18142,18142.0,Population,2022,29,9.7,Deaths,2021-2023,100000,53.3,Crude Death Rate,58.3,Age-Adjusted Death Rate,37.7,86.1,2030,SU-03,20.7,N,,,,
2025,19,Drug Overdose Deaths,Total Population,Total Population,Humboldt,55,134138,134138.0,Population,2022,226,75.3,Deaths,2021-2023,100000,56.2,Crude Death Rate,59.1,Age-Adjusted Death Rate,51.1,67.1,2030,SU-03,20.7,N,,,,
2025,19,Drug Overdose Deaths,Total Population,Total Population,Mendocino,56,88353,88353.0,Population,2022,189,63.0,Deaths,2021-2023,100000,71.3,Crude Death Rate,69.6,Age-Adjusted Death Rate,59.1,80.1,2030,SU-03,20.7,N,,,,
2025,19,Drug Overdose Deaths,Total Population,Total Population,Del Norte,57,26792,26792.0,Population,2022,63,21.0,Deaths,2021-2023,100000,78.4,Crude Death Rate,78.2,Age-Adjusted Death Rate,59.4,101.1,2030,SU-03,20.7,N,,,,
2025,19,Drug Overdose Deaths,Total Population,Total Population,Lake,58,64138,64138.0,Population,2022,175,58.3,Deaths,2021-2023,100000,90.9,Crude Death Rate,87.3,Age-Adjusted Death Rate,73.4,101.2,2030,SU-03,20.7,N,,,,
2025,20,Reported Prevalence of Persons Living with HIV/AIDS among Ages 13 Years and Older,Age,Ages 13 Years and Older,Mono,1,12011,12011.0,Population Ages 13 Years and Older,2021,27,9.0,Cases,2020-2022,100000,74.9,Crude Case Rate,,,49.4,109.0,2030,,,,,,,
2025,20,Reported Prevalence of Persons Living with HIV/AIDS among Ages 13 Years and Older,Age,Ages 13 Years and Older,Glenn,2,24126,24126.0,Population Ages 13 Years and Older,2021,62,20.7,Cases,2020-2022,100000,85.7,Crude Case Rate,,,65.7,109.8,2030,,,,,,,
2025,20,Reported Prevalence of Persons Living with HIV/AIDS among Ages 13 Years and Older,Age,Ages 13 Years and Older,Tehama,3,53735,53735.0,Population Ages 13 Years and Older,2021,147,49.0,Cases,2020-2022,100000,91.2,Crude Case Rate,,,76.4,105.9,2030,,,,,,,
2025,20,Reported Prevalence of Persons Living with HIV/AIDS among Ages 13 Years and Older,Age,Ages 13 Years and Older,Colusa,4,18789,18789.0,Population Ages 13 Years and Older,2021,60,20.0,Cases,2020-2022,100000,106.4,Crude Case Rate,,,81.2,137.0,2030,,,,,,,
2025,20,Reported Prevalence of Persons Living with HIV/AIDS among Ages 13 Years and Older,Age,Ages 13 Years and Older,Lassen,5,26062,26062.0,Population Ages 13 Years and Older,2021,85,28.3,Cases,2020-2022,100000,108.7,Crude Case Rate,,,86.8,134.4,2030,,,,,,,
2025,20,Reported Prevalence of Persons Living with HIV/AIDS among Ages 13 Years and Older,Age,Ages 13 Years and Older,San Benito,6,52352,52352.0,Population Ages 13 Years and Older,2021,179,59.7,Cases,2020-2022,100000,114.0,Crude Case Rate,,,97.3,130.7,2030,,,,,,,
2025,20,Reported Prevalence of Persons Living with HIV/AIDS among Ages 13 Years and Older,Age,Ages 13 Years and Older,Placer,7,346937,346937.0,Population Ages 13 Years and Older,2021,1238,412.7,Cases,2020-2022,100000,118.9,Crude Case Rate,,,112.3,125.6,2030,,,,,,,
2025,20,Reported Prevalence of Persons Living with HIV/AIDS among Ages 13 Years and Older,Age,Ages 13 Years and Older,Trinity,8,11604,11604.0,Population Ages 13 Years and Older,2021,42,14.0,Cases,2020-2022,100000,120.6,Crude Case Rate,,,87.0,163.1,2030,,,,,,,
2025,20,Reported Prevalence of Persons Living with HIV/AIDS among Ages 13 Years and Older,Age,Ages 13 Years and Older,Tuolumne,9,45903,45903.0,Population Ages 13 Years and Older,2021,175,58.3,Cases,2020-2022,100000,127.1,Crude Case Rate,,,108.3,145.9,2030,,,,,,,
2025,20,Reported Prevalence of Persons Living with HIV/AIDS among Ages 13 Years and Older,Age,Ages 13 Years and Older,Mariposa,10,15646,15646.0,Population Ages 13 Years and Older,2021,62,20.7,Cases,2020-2022,100000,132.1,Crude Case Rate,,,101.3,169.3,2030,,,,,,,
2025,20,Reported Prevalence of Persons Living with HIV/AIDS among Ages 13 Years and Older,Age,Ages 13 Years and Older,Butte,11,195009,195009.0,Population Ages 13 Years and Older,2021,806,268.7,Cases,2020-2022,100000,137.8,Crude Case Rate,,,128.3,147.3,2030,,,,,,,
2025,20,Reported Prevalence of Persons Living with HIV/AIDS among Ages 13 Years and Older,Age,Ages 13 Years and Older,El Dorado,12,166419,166419.0,Population Ages 13 Years and Older,2021,691,230.3,Cases,2020-2022,100000,138.4,Crude Case Rate,,,128.1,148.7,2030,,,,,,,
2025,20,Reported Prevalence of Persons Living with HIV/AIDS among Ages 13 Years and Older,Age,Ages 13 Years and Older,Inyo,13,15603,15603.0,Population Ages 13 Years and Older,2021,66,22.0,Cases,2020-2022,100000,141.0,Crude Case Rate,,,109.0,179.4,2030,,,,,,,
2025,20,Reported Prevalence of Persons Living with HIV/AIDS among Ages 13 Years and Older,Age,Ages 13 Years and Older,Calaveras,14,39329,39329.0,Population Ages 13 Years and Older,2021,167,55.7,Cases,2020-2022,100000,141.5,Crude Case Rate,,,120.1,163.0,2030,,,,,,,
2025,20,Reported Prevalence of Persons Living with HIV/AIDS among Ages 13 Years and Older,Age,Ages 13 Years and Older,Tulare,15,382641,382641.0,Population Ages 13 Years and Older,2021,1659,553.0,Cases,2020-2022,100000,144.5,Crude Case Rate,,,137.6,151.5,2030,,,,,,,
2025,20,Reported Prevalence of Persons Living with HIV/AIDS among Ages 13 Years and Older,Age,Ages 13 Years and Older,Plumas,16,16981,16981.0,Population Ages 13 Years and Older,2021,75,25.0,Cases,2020-2022,100000,147.2,Crude Case Rate,,,115.8,184.5,2030,,,,,,,
2025,20,Reported Prevalence of Persons Living with HIV/AIDS among Ages 13 Years and Older,Age,Ages 13 Years and Older,Sutter,17,82420,82420.0,Population Ages 13 Years and Older,2021,372,124.0,Cases,2020-2022,100000,150.4,Crude Case Rate,,,135.2,165.7,2030,,,,,,,
2025,20,Reported Prevalence of Persons Living with HIV/AIDS among Ages 13 Years and Older,Age,Ages 13 Years and Older,Shasta,18,149560,149560.0,Population Ages 13 Years and Older,2021,685,228.3,Cases,2020-2022,100000,152.7,Crude Case Rate,,,141.2,164.1,2030,,,,,,,
2025,20,Reported Prevalence of Persons Living with HIV/AIDS among Ages 13 Years and Older,Age,Ages 13 Years and Older,San Luis Obispo,19,245858,245858.0,Population Ages 13 Years and Older,2021,1194,398.0,Cases,2020-2022,100000,161.9,Crude Case Rate,,,152.7,171.1,2030,,,,,,,
2025,20,Reported Prevalence of Persons Living with HIV/AIDS among Ages 13 Years and Older,Age,Ages 13 Years and Older,Nevada,20,87543,87543.0,Population Ages 13 Years and Older,2021,426,142.0,Cases,2020-2022,100000,162.2,Crude Case Rate,,,146.8,177.6,2030,,,,,,,
2025,20,Reported Prevalence of Persons Living with HIV/AIDS among Ages 13 Years and Older,Age,Ages 13 Years and Older,Santa Barbara,21,382016,382016.0,Population Ages 13 Years and Older,2021,1869,623.0,Cases,2020-2022,100000,163.1,Crude Case Rate,,,155.7,170.5,2030,,,,,,,
2025,20,Reported Prevalence of Persons Living with HIV/AIDS among Ages 13 Years and Older,Age,Ages 13 Years and Older,Kings,22,122138,122138.0,Population Ages 13 Years and Older,2021,615,205.0,Cases,2020-2022,100000,167.8,Crude Case Rate,,,154.6,181.1,2030,,,,,,,
2025,20,Reported Prevalence of Persons Living with HIV/AIDS among Ages 13 Years and Older,Age,Ages 13 Years and Older,Yuba,23,63115,63115.0,Population Ages 13 Years and Older,2021,320,106.7,Cases,2020-2022,100000,169.0,Crude Case Rate,,,150.5,187.5,2030,,,,,,,
2025,20,Reported Prevalence of Persons Living with HIV/AIDS among Ages 13 Years and Older,Age,Ages 13 Years and Older,Merced,24,230453,230453.0,Population Ages 13 Years and Older,2021,1181,393.7,Cases,2020-2022,100000,170.8,Crude Case Rate,,,161.1,180.6,2030,,,,,,,
2025,20,Reported Prevalence of Persons Living with HIV/AIDS among Ages 13 Years and Older,Age,Ages 13 Years and Older,Siskiyou,25,37447,37447.0,Population Ages 13 Years and Older,2021,195,65.0,Cases,2020-2022,100000,173.6,Crude Case Rate,,,149.2,197.9,2030,,,,,,,
2025,20,Reported Prevalence of Persons Living with HIV/AIDS among Ages 13 Years and Older,Age,Ages 13 Years and Older,Ventura,26,721333,721333.0,Population Ages 13 Years and Older,2021,3769,1256.3,Cases,2020-2022,100000,174.2,Crude Case Rate,,,168.6,179.7,2030,,,,,,,
2025,20,Reported Prevalence of Persons Living with HIV/AIDS among Ages 13 Years and Older,Age,Ages 13 Years and Older,Yolo,27,191495,191495.0,Population Ages 13 Years and Older,2021,1026,342.0,Cases,2020-2022,100000,178.6,Crude Case Rate,,,167.7,189.5,2030,,,,,,,
2025,20,Reported Prevalence of Persons Living with HIV/AIDS among Ages 13 Years and Older,Age,Ages 13 Years and Older,Madera,28,132413,132413.0,Population Ages 13 Years and Older,2021,736,245.3,Cases,2020-2022,100000,185.3,Crude Case Rate,,,171.9,198.7,2030,,,,,,,
2025,20,Reported Prevalence of Persons Living with HIV/AIDS among Ages 13 Years and Older,Age,Ages 13 Years and Older,Stanislaus,29,460210,460210.0,Population Ages 13 Years and Older,2021,2653,884.3,Cases,2020-2022,100000,192.2,Crude Case Rate,,,184.8,199.5,2030,,,,,,,
2025,20,Reported Prevalence of Persons Living with HIV/AIDS among Ages 13 Years and Older,Age,Ages 13 Years and Older,Del Norte,30,22996,22996.0,Population Ages 13 Years and Older,2021,136,45.3,Cases,2020-2022,100000,197.1,Crude Case Rate,,,164.0,230.3,2030,,,,,,,
2025,20,Reported Prevalence of Persons Living with HIV/AIDS among Ages 13 Years and Older,Age,Ages 13 Years and Older,Humboldt,31,115141,115141.0,Population Ages 13 Years and Older,2021,737,245.7,Cases,2020-2022,100000,213.4,Crude Case Rate,,,198.0,228.8,2030,,,,,,,
2025,20,Reported Prevalence of Persons Living with HIV/AIDS among Ages 13 Years and Older,Age,Ages 13 Years and Older,Monterey,32,365363,365363.0,Population Ages 13 Years and Older,2021,2373,791.0,Cases,2020-2022,100000,216.5,Crude Case Rate,,,207.8,225.2,2030,,,,,,,
2025,20,Reported Prevalence of Persons Living with HIV/AIDS among Ages 13 Years and Older,Age,Ages 13 Years and Older,Santa Clara,33,1679089,1679089.0,Population Ages 13 Years and Older,2021,11431,3810.3,Cases,2020-2022,100000,226.9,Crude Case Rate,,,222.8,231.1,2030,,,,,,,
2025,20,Reported Prevalence of Persons Living with HIV/AIDS among Ages 13 Years and Older,Age,Ages 13 Years and Older,Santa Cruz,34,236007,236007.0,Population Ages 13 Years and Older,2021,1670,556.7,Cases,2020-2022,100000,235.9,Crude Case Rate,,,224.6,247.2,2030,,,,,,,
2025,20,Reported Prevalence of Persons Living with HIV/AIDS among Ages 13 Years and Older,Age,Ages 13 Years and Older,Mendocino,35,75160,75160.0,Population Ages 13 Years and Older,2021,533,177.7,Cases,2020-2022,100000,236.4,Crude Case Rate,,,216.3,256.5,2030,,,,,,,
2025,20,Reported Prevalence of Persons Living with HIV/AIDS among Ages 13 Years and Older,Age,Ages 13 Years and Older,Napa,36,121301,121301.0,Population Ages 13 Years and Older,2021,884,294.7,Cases,2020-2022,100000,242.9,Crude Case Rate,,,226.9,258.9,2030,,,,,,,
2025,20,Reported Prevalence of Persons Living with HIV/AIDS among Ages 13 Years and Older,Age,Ages 13 Years and Older,San Joaquin,37,638148,638148.0,Population Ages 13 Years and Older,2021,4657,1552.3,Cases,2020-2022,100000,243.3,Crude Case Rate,,,236.3,250.2,2030,,,,,,,
2025,20,Reported Prevalence of Persons Living with HIV/AIDS among Ages 13 Years and Older,Age,Ages 13 Years and Older,San Mateo,38,662992,662992.0,Population Ages 13 Years and Older,2021,4921,1640.3,Cases,2020-2022,100000,247.4,Crude Case Rate,,,240.5,254.3,2030,,,,,,,
2025,20,Reported Prevalence of Persons Living with HIV/AIDS among Ages 13 Years and Older,Age,Ages 13 Years and Older,Imperial,39,152587,152587.0,Population Ages 13 Years and Older,2021,1193,397.7,Cases,2020-2022,100000,260.6,Crude Case Rate,,,245.8,275.4,2030,,,,,,,
2025,20,Reported Prevalence of Persons Living with HIV/AIDS among Ages 13 Years and Older,Age,Ages 13 Years and Older,Lake,40,54376,54376.0,Population Ages 13 Years and Older,2021,436,145.3,Cases,2020-2022,100000,267.3,Crude Case Rate,,,242.2,292.4,2030,,,,,,,
2025,20,Reported Prevalence of Persons Living with HIV/AIDS among Ages 13 Years and Older,Age,Ages 13 Years and Older,Fresno,41,821276,821276.0,Population Ages 13 Years and Older,2021,6807,2269.0,Cases,2020-2022,100000,276.3,Crude Case Rate,,,269.7,282.8,2030,,,,,,,
2025,20,Reported Prevalence of Persons Living with HIV/AIDS among Ages 13 Years and Older,Age,Ages 13 Years and Older,Orange,42,2717662,2717662.0,Population Ages 13 Years and Older,2021,22766,7588.7,Cases,2020-2022,100000,279.2,Crude Case Rate,,,275.6,282.9,2030,,,,,,,
2025,20,Reported Prevalence of Persons Living with HIV/AIDS among Ages 13 Years and Older,Age,Ages 13 Years and Older,Contra Costa,43,993763,993763.0,Population Ages 13 Years and Older,2021,8491,2830.3,Cases,2020-2022,100000,284.8,Crude Case Rate,,,278.8,290.9,2030,,,,,,,
2025,20,Reported Prevalence of Persons Living with HIV/AIDS among Ages 13 Years and Older,Age,Ages 13 Years and Older,San Bernardino,44,1799106,1799106.0,Population Ages 13 Years and Older,2021,15760,5253.3,Cases,2020-2022,100000,292.0,Crude Case Rate,,,287.4,296.6,2030,,,,,,,
2025,20,Reported Prevalence of Persons Living with HIV/AIDS among Ages 13 Years and Older,Age,Ages 13 Years and Older,Kern,45,740939,740939.0,Population Ages 13 Years and Older,2021,6531,2177.0,Cases,2020-2022,100000,293.8,Crude Case Rate,,,286.7,300.9,2030,,,,,,,
2025,20,Reported Prevalence of Persons Living with HIV/AIDS among Ages 13 Years and Older,Age,Ages 13 Years and Older,Sonoma,46,440252,440252.0,Population Ages 13 Years and Older,2021,4407,1469.0,Cases,2020-2022,100000,333.7,Crude Case Rate,,,323.8,343.5,2030,,,,,,,
2025,20,Reported Prevalence of Persons Living with HIV/AIDS among Ages 13 Years and Older,Age,Ages 13 Years and Older,Marin,47,228028,228028.0,Population Ages 13 Years and Older,2021,2415,805.0,Cases,2020-2022,100000,353.0,Crude Case Rate,,,338.9,367.1,2030,,,,,,,
2025,20,Reported Prevalence of Persons Living with HIV/AIDS among Ages 13 Years and Older,Age,Ages 13 Years and Older,Sacramento,48,1305080,1305080.0,Population Ages 13 Years and Older,2021,14378,4792.7,Cases,2020-2022,100000,367.2,Crude Case Rate,,,361.2,373.2,2030,,,,,,,
2025,20,Reported Prevalence of Persons Living with HIV/AIDS among Ages 13 Years and Older,Age,Ages 13 Years and Older,Solano,49,377590,377590.0,Population Ages 13 Years and Older,2021,4236,1412.0,Cases,2020-2022,100000,374.0,Crude Case Rate,,,362.7,385.2,2030,,,,,,,
2025,20,Reported Prevalence of Persons Living with HIV/AIDS among Ages 13 Years and Older,Age,Ages 13 Years and Older,Alpine,,1048,1048.0,Population Ages 13 Years and Older,2021,,,Cases,2020-2022,100000,,Crude Case Rate,,,,,2030,,,,,1,1,Numerator values and rates based on fewer than 11 events have been suppressed.
2025,20,Reported Prevalence of Persons Living with HIV/AIDS among Ages 13 Years and Older,Age,Ages 13 Years and Older,Modoc,,8184,8184.0,Population Ages 13 Years and Older,2021,,,Cases,2020-2022,100000,,Crude Case Rate,,,,,2030,,,,,1,1,Numerator values and rates based on fewer than 11 events have been suppressed.
2025,20,Reported Prevalence of Persons Living with HIV/AIDS among Ages 13 Years and Older,Age,Ages 13 Years and Older,Sierra,,2794,2794.0,Population Ages 13 Years and Older,2021,,,Cases,2020-2022,100000,,Crude Case Rate,,,,,2030,,,,,1,1,Numerator values and rates based on fewer than 11 events have been suppressed.
2025,20,Reported Prevalence of Persons Living with HIV/AIDS among Ages 13 Years and Older,Age,Ages 13 Years and Older,CALIFORNIA,,33664665,33664665.0,Population Ages 13 Years and Older,2021,422911,140970.3,Cases,2020-2022,100000,418.7,Crude Case Rate,,,417.5,420.0,2030,,,,,,,
2025,20,Reported Prevalence of Persons Living with HIV/AIDS among Ages 13 Years and Older,Age,Ages 13 Years and Older,Alameda,50,1438084,1438084.0,Population Ages 13 Years and Older,2021,18720,6240.0,Cases,2020-2022,100000,433.9,Crude Case Rate,,,427.7,440.1,2030,,,,,,,
2025,20,Reported Prevalence of Persons Living with HIV/AIDS among Ages 13 Years and Older,Age,Ages 13 Years and Older,San Diego,51,2779480,2779480.0,Population Ages 13 Years and Older,2021,42558,14186.0,Cases,2020-2022,100000,510.4,Crude Case Rate,,,505.5,515.2,2030,,,,,,,
2025,20,Reported Prevalence of Persons Living with HIV/AIDS among Ages 13 Years and Older,Age,Ages 13 Years and Older,Riverside,52,2068736,2068736.0,Population Ages 13 Years and Older,2021,31847,10615.7,Cases,2020-2022,100000,513.1,Crude Case Rate,,,507.5,518.8,2030,,,,,,,
2025,20,Reported Prevalence of Persons Living with HIV/AIDS among Ages 13 Years and Older,Age,Ages 13 Years and Older,Amador,53,34088,34088.0,Population Ages 13 Years and Older,2021,556,185.3,Cases,2020-2022,100000,543.7,Crude Case Rate,,,498.5,588.9,2030,,,,,,,
2025,20,Reported Prevalence of Persons Living with HIV/AIDS among Ages 13 Years and Older,Age,Ages 13 Years and Older,Los Angeles,54,8667308,8667308.0,Population Ages 13 Years and Older,2021,157929,52643.0,Cases,2020-2022,100000,607.4,Crude Case Rate,,,604.4,610.4,2030,,,,,,,
2025,20,Reported Prevalence of Persons Living with HIV/AIDS among Ages 13 Years and Older,Age,Ages 13 Years and Older,San Francisco,55,788939,788939.0,Population Ages 13 Years and Older,2021,35932,11977.3,Cases,2020-2022,100000,1518.2,Crude Case Rate,,,1502.5,1533.9,2030,,,,,,,
2025,21,Reported Incidence of Chlamydia,Total Population,Total Population,Calaveras,1,44150,44150.0,Population,2022,126,42.0,Cases,2021-2023,100000,95.1,Crude Case Rate,,,78.5,111.7,2030,,,,,,,
2025,21,Reported Incidence of Chlamydia,Total Population,Total Population,Trinity,2,13156,13156.0,Population,2022,41,13.7,Cases,2021-2023,100000,103.9,Crude Case Rate,,,74.5,140.9,2030,,,,,,,
2025,21,Reported Incidence of Chlamydia,Total Population,Total Population,Lassen,3,29842,29842.0,Population,2022,114,38.0,Cases,2021-2023,100000,127.3,Crude Case Rate,,,104.0,150.7,2030,,,,,,,
2025,21,Reported Incidence of Chlamydia,Total Population,Total Population,Plumas,4,19041,19041.0,Population,2022,83,27.7,Cases,2021-2023,100000,145.3,Crude Case Rate,,,115.7,180.1,2030,,,,,,,
2025,21,Reported Incidence of Chlamydia,Total Population,Total Population,Mariposa,5,17556,17556.0,Population,2022,85,28.3,Cases,2021-2023,100000,161.4,Crude Case Rate,,,128.9,199.6,2030,,,,,,,
2025,21,Reported Incidence of Chlamydia,Total Population,Total Population,Amador,6,38161,38161.0,Population,2022,192,64.0,Cases,2021-2023,100000,167.7,Crude Case Rate,,,144.0,191.4,2030,,,,,,,
2025,21,Reported Incidence of Chlamydia,Total Population,Total Population,El Dorado,7,190012,190012.0,Population,2022,1017,339.0,Cases,2021-2023,100000,178.4,Crude Case Rate,,,167.4,189.4,2030,,,,,,,
2025,21,Reported Incidence of Chlamydia,Total Population,Total Population,Nevada,8,98157,98157.0,Population,2022,536,178.7,Cases,2021-2023,100000,182.0,Crude Case Rate,,,166.6,197.4,2030,,,,,,,
2025,21,Reported Incidence of Chlamydia,Total Population,Total Population,Tuolumne,9,51670,51670.0,Population,2022,306,102.0,Cases,2021-2023,100000,197.4,Crude Case Rate,,,175.3,219.5,2030,,,,,,,
2025,21,Reported Incidence of Chlamydia,Total Population,Total Population,Modoc,10,9374,9374.0,Population,2022,59,19.7,Cases,2021-2023,100000,209.8,Crude Case Rate,,,159.7,270.6,2030,,,,,,,
2025,21,Reported Incidence of Chlamydia,Total Population,Total Population,Placer,11,400664,400664.0,Population,2022,2639,879.7,Cases,2021-2023,100000,219.6,Crude Case Rate,,,211.2,227.9,2030,,,,,,,
2025,21,Reported Incidence of Chlamydia,Total Population,Total Population,Siskiyou,12,43169,43169.0,Population,2022,305,101.7,Cases,2021-2023,100000,235.5,Crude Case Rate,,,209.1,261.9,2030,,,,,,,
2025,21,Reported Incidence of Chlamydia,Total Population,Total Population,Mono,13,13898,13898.0,Population,2022,102,34.0,Cases,2021-2023,100000,244.6,Crude Case Rate,,,197.2,292.1,2030,,,,,,,
2025,21,Reported Incidence of Chlamydia,Total Population,Total Population,Del Norte,14,26792,26792.0,Population,2022,206,68.7,Cases,2021-2023,100000,256.3,Crude Case Rate,,,221.3,291.3,2030,,,,,,,
2025,21,Reported Incidence of Chlamydia,Total Population,Total Population,Sutter,15,99781,99781.0,Population,2022,773,257.7,Cases,2021-2023,100000,258.2,Crude Case Rate,,,240.0,276.4,2030,,,,,,,
2025,21,Reported Incidence of Chlamydia,Total Population,Total Population,Marin,16,257795,257795.0,Population,2022,2045,681.7,Cases,2021-2023,100000,264.4,Crude Case Rate,,,253.0,275.9,2030,,,,,,,
2025,21,Reported Incidence of Chlamydia,Total Population,Total Population,Santa Clara,17,1987898,1987898.0,Population,2022,16507,5502.3,Cases,2021-2023,100000,276.8,Crude Case Rate,,,272.6,281.0,2030,,,,,,,
2025,21,Reported Incidence of Chlamydia,Total Population,Total Population,Glenn,18,29212,29212.0,Population,2022,244,81.3,Cases,2021-2023,100000,278.4,Crude Case Rate,,,243.5,313.4,2030,,,,,,,
2025,21,Reported Incidence of Chlamydia,Total Population,Total Population,Colusa,19,22872,22872.0,Population,2022,192,64.0,Cases,2021-2023,100000,279.8,Crude Case Rate,,,240.2,319.4,2030,,,,,,,
2025,21,Reported Incidence of Chlamydia,Total Population,Total Population,San Benito,20,62124,62124.0,Population,2022,522,174.0,Cases,2021-2023,100000,280.1,Crude Case Rate,,,256.1,304.1,2030,,,,,,,
2025,21,Reported Incidence of Chlamydia,Total Population,Total Population,Shasta,21,176682,176682.0,Population,2022,1544,514.7,Cases,2021-2023,100000,291.3,Crude Case Rate,,,276.8,305.8,2030,,,,,,,
2025,21,Reported Incidence of Chlamydia,Total Population,Total Population,Inyo,22,18142,18142.0,Population,2022,163,54.3,Cases,2021-2023,100000,299.5,Crude Case Rate,,,253.5,345.5,2030,,,,,,,
2025,21,Reported Incidence of Chlamydia,Total Population,Total Population,Tehama,23,64023,64023.0,Population,2022,609,203.0,Cases,2021-2023,100000,317.1,Crude Case Rate,,,291.9,342.3,2030,,,,,,,
2025,21,Reported Incidence of Chlamydia,Total Population,Total Population,Napa,24,139518,139518.0,Population,2022,1333,444.3,Cases,2021-2023,100000,318.5,Crude Case Rate,,,301.4,335.6,2030,,,,,,,
2025,21,Reported Incidence of Chlamydia,Total Population,Total Population,San Mateo,25,777635,777635.0,Population,2022,7471,2490.3,Cases,2021-2023,100000,320.2,Crude Case Rate,,,313.0,327.5,2030,,,,,,,
2025,21,Reported Incidence of Chlamydia,Total Population,Total Population,San Luis Obispo,26,279268,279268.0,Population,2022,2687,895.7,Cases,2021-2023,100000,320.7,Crude Case Rate,,,308.6,332.8,2030,,,,,,,
2025,21,Reported Incidence of Chlamydia,Total Population,Total Population,Santa Barbara,27,455127,455127.0,Population,2022,4428,1476.0,Cases,2021-2023,100000,324.3,Crude Case Rate,,,314.8,333.9,2030,,,,,,,
2025,21,Reported Incidence of Chlamydia,Total Population,Total Population,Sonoma,28,502886,502886.0,Population,2022,5155,1718.3,Cases,2021-2023,100000,341.7,Crude Case Rate,,,332.4,351.0,2030,,,,,,,
2025,21,Reported Incidence of Chlamydia,Total Population,Total Population,Humboldt,29,134138,134138.0,Population,2022,1398,466.0,Cases,2021-2023,100000,347.4,Crude Case Rate,,,329.2,365.6,2030,,,,,,,
2025,21,Reported Incidence of Chlamydia,Total Population,Total Population,Orange,30,3218111,3218111.0,Population,2022,34800,11600.0,Cases,2021-2023,100000,360.5,Crude Case Rate,,,356.7,364.2,2030,,,,,,,
2025,21,Reported Incidence of Chlamydia,Total Population,Total Population,Ventura,31,851620,851620.0,Population,2022,9339,3113.0,Cases,2021-2023,100000,365.5,Crude Case Rate,,,358.1,373.0,2030,,,,,,,
2025,21,Reported Incidence of Chlamydia,Total Population,Total Population,Mendocino,32,88353,88353.0,Population,2022,981,327.0,Cases,2021-2023,100000,370.1,Crude Case Rate,,,346.9,393.3,2030,,,,,,,
2025,21,Reported Incidence of Chlamydia,Total Population,Total Population,Santa Cruz,33,276024,276024.0,Population,2022,3109,1036.3,Cases,2021-2023,100000,375.5,Crude Case Rate,,,362.3,388.6,2030,,,,,,,
2025,21,Reported Incidence of Chlamydia,Total Population,Total Population,Lake,34,64138,64138.0,Population,2022,741,247.0,Cases,2021-2023,100000,385.1,Crude Case Rate,,,357.4,412.8,2030,,,,,,,
2025,21,Reported Incidence of Chlamydia,Total Population,Total Population,Yuba,35,78666,78666.0,Population,2022,941,313.7,Cases,2021-2023,100000,398.7,Crude Case Rate,,,373.3,424.2,2030,,,,,,,
2025,21,Reported Incidence of Chlamydia,Total Population,Total Population,Stanislaus,36,566365,566365.0,Population,2022,6871,2290.3,Cases,2021-2023,100000,404.4,Crude Case Rate,,,394.8,414.0,2030,,,,,,,
2025,21,Reported Incidence of Chlamydia,Total Population,Total Population,Yolo,37,228380,228380.0,Population,2022,2804,934.7,Cases,2021-2023,100000,409.3,Crude Case Rate,,,394.1,424.4,2030,,,,,,,
2025,21,Reported Incidence of Chlamydia,Total Population,Total Population,Imperial,38,192960,192960.0,Population,2022,2437,812.3,Cases,2021-2023,100000,421.0,Crude Case Rate,,,404.3,437.7,2030,,,,,,,
2025,21,Reported Incidence of Chlamydia,Total Population,Total Population,Contra Costa,39,1168294,1168294.0,Population,2022,14795,4931.7,Cases,2021-2023,100000,422.1,Crude Case Rate,,,415.3,428.9,2030,,,,,,,
2025,21,Reported Incidence of Chlamydia,Total Population,Total Population,Alameda,40,1689538,1689538.0,Population,2022,22436,7478.7,Cases,2021-2023,100000,442.6,Crude Case Rate,,,436.9,448.4,2030,,,,,,,
2025,21,Reported Incidence of Chlamydia,Total Population,Total Population,Merced,41,288601,288601.0,Population,2022,3883,1294.3,Cases,2021-2023,100000,448.5,Crude Case Rate,,,434.4,462.6,2030,,,,,,,
2025,21,Reported Incidence of Chlamydia,Total Population,Total Population,Butte,42,227736,227736.0,Population,2022,3088,1029.3,Cases,2021-2023,100000,452.0,Crude Case Rate,,,436.0,467.9,2030,,,,,,,
2025,21,Reported Incidence of Chlamydia,Total Population,Total Population,Riverside,43,2506351,2506351.0,Population,2022,35597,11865.7,Cases,2021-2023,100000,473.4,Crude Case Rate,,,468.5,478.3,2030,,,,,,,
2025,21,Reported Incidence of Chlamydia,Total Population,Total Population,Alpine,,1139,1139.0,Population,2022,,,Cases,2021-2023,100000,,Crude Case Rate,,,,,2030,,,,,1,1,Numerator values and rates based on fewer than 11 events have been suppressed.
2025,21,Reported Incidence of Chlamydia,Total Population,Total Population,Sierra,,3077,3077.0,Population,2022,,,Cases,2021-2023,100000,,Crude Case Rate,,,,,2030,,,,,1,1,Numerator values and rates based on fewer than 11 events have been suppressed.
2025,21,Reported Incidence of Chlamydia,Total Population,Total Population,CALIFORNIA,,40146003,40146003.0,Population,2022,576377,192125.7,Cases,2021-2023,100000,478.6,Crude Case Rate,,,477.3,479.8,2030,,,,,,,
2025,21,Reported Incidence of Chlamydia,Total Population,Total Population,Monterey,44,447300,447300.0,Population,2022,6580,2193.3,Cases,2021-2023,100000,490.3,Crude Case Rate,,,478.5,502.2,2030,,,,,,,
2025,21,Reported Incidence of Chlamydia,Total Population,Total Population,Sacramento,45,1571846,1571846.0,Population,2022,23169,7723.0,Cases,2021-2023,100000,491.3,Crude Case Rate,,,485.0,497.7,2030,,,,,,,
2025,21,Reported Incidence of Chlamydia,Total Population,Total Population,Solano,46,448896,448896.0,Population,2022,6676,2225.3,Cases,2021-2023,100000,495.7,Crude Case Rate,,,483.8,507.6,2030,,,,,,,
2025,21,Reported Incidence of Chlamydia,Total Population,Total Population,San Diego,47,3356185,3356185.0,Population,2022,53805,17935.0,Cases,2021-2023,100000,534.4,Crude Case Rate,,,529.9,538.9,2030,,,,,,,
2025,21,Reported Incidence of Chlamydia,Total Population,Total Population,San Joaquin,48,783706,783706.0,Population,2022,12645,4215.0,Cases,2021-2023,100000,537.8,Crude Case Rate,,,528.5,547.2,2030,,,,,,,
2025,21,Reported Incidence of Chlamydia,Total Population,Total Population,Madera,49,162722,162722.0,Population,2022,2743,914.3,Cases,2021-2023,100000,561.9,Crude Case Rate,,,540.9,582.9,2030,,,,,,,
2025,21,Reported Incidence of Chlamydia,Total Population,Total Population,Los Angeles,50,10208717,10208717.0,Population,2022,172131,57377.0,Cases,2021-2023,100000,562.0,Crude Case Rate,,,559.4,564.7,2030,,,,,,,
2025,21,Reported Incidence of Chlamydia,Total Population,Total Population,San Bernardino,51,2216865,2216865.0,Population,2022,38063,12687.7,Cases,2021-2023,100000,572.3,Crude Case Rate,,,566.6,578.1,2030,,,,,,,
2025,21,Reported Incidence of Chlamydia,Total Population,Total Population,Tulare,52,485121,485121.0,Population,2022,8758,2919.3,Cases,2021-2023,100000,601.8,Crude Case Rate,,,589.2,614.4,2030,,,,,,,
2025,21,Reported Incidence of Chlamydia,Total Population,Total Population,Kern,53,929851,929851.0,Population,2022,17808,5936.0,Cases,2021-2023,100000,638.4,Crude Case Rate,,,629.0,647.8,2030,,,,,,,
2025,21,Reported Incidence of Chlamydia,Total Population,Total Population,Kings,54,156164,156164.0,Population,2022,2997,999.0,Cases,2021-2023,100000,639.7,Crude Case Rate,,,616.8,662.6,2030,,,,,,,
2025,21,Reported Incidence of Chlamydia,Total Population,Total Population,Fresno,55,1029118,1029118.0,Population,2022,19961,6653.7,Cases,2021-2023,100000,646.5,Crude Case Rate,,,637.6,655.5,2030,,,,,,,
2025,21,Reported Incidence of Chlamydia,Total Population,Total Population,San Francisco,56,897416,897416.0,Population,2022,18324,6108.0,Cases,2021-2023,100000,680.6,Crude Case Rate,,,670.8,690.5,2030,,,,,,,
2025,22F,Reported Incidence of Gonorrhea among Females 15 to 44 Years Old,Age * Sex,15-44 Years Old * Female,Mono,1,2351,2351.0,Female Population 15-44 Years Old,2022,0,0.0,Cases,2021-2023,100000,,Crude Case Rate,,,,,2030,,,,,,3,Rates for zero events have not been calculated.
2025,22F,Reported Incidence of Gonorrhea among Females 15 to 44 Years Old,Age * Sex,15-44 Years Old * Female,Amador,2,4737,4737.0,Female Population 15-44 Years Old,2022,14,4.7,Cases,2021-2023,100000,98.5,Crude Case Rate,,,53.9,165.3,2030,,,,,,4,Rates with a relative standard error greater than or equal to 23 percent are deemed unreliable.
2025,22F,Reported Incidence of Gonorrhea among Females 15 to 44 Years Old,Age * Sex,15-44 Years Old * Female,El Dorado,3,32430,32430.0,Female Population 15-44 Years Old,2022,105,35.0,Cases,2021-2023,100000,107.9,Crude Case Rate,,,87.3,128.6,2030,,,,,,,
2025,22F,Reported Incidence of Gonorrhea among Females 15 to 44 Years Old,Age * Sex,15-44 Years Old * Female,Placer,4,73229,73229.0,Female Population 15-44 Years Old,2022,262,87.3,Cases,2021-2023,100000,119.3,Crude Case Rate,,,104.8,133.7,2030,,,,,,,
2025,22F,Reported Incidence of Gonorrhea among Females 15 to 44 Years Old,Age * Sex,15-44 Years Old * Female,San Mateo,5,135829,135829.0,Female Population 15-44 Years Old,2022,515,171.7,Cases,2021-2023,100000,126.4,Crude Case Rate,,,115.5,137.3,2030,,,,,,,
2025,22F,Reported Incidence of Gonorrhea among Females 15 to 44 Years Old,Age * Sex,15-44 Years Old * Female,Nevada,6,15137,15137.0,Female Population 15-44 Years Old,2022,60,20.0,Cases,2021-2023,100000,132.1,Crude Case Rate,,,100.8,170.1,2030,,,,,,,
2025,22F,Reported Incidence of Gonorrhea among Females 15 to 44 Years Old,Age * Sex,15-44 Years Old * Female,Santa Clara,7,375994,375994.0,Female Population 15-44 Years Old,2022,1496,498.7,Cases,2021-2023,100000,132.6,Crude Case Rate,,,125.9,139.3,2030,,,,,,,
2025,22F,Reported Incidence of Gonorrhea among Females 15 to 44 Years Old,Age * Sex,15-44 Years Old * Female,Marin,8,37607,37607.0,Female Population 15-44 Years Old,2022,163,54.3,Cases,2021-2023,100000,144.5,Crude Case Rate,,,122.3,166.7,2030,,,,,,,
2025,22F,Reported Incidence of Gonorrhea among Females 15 to 44 Years Old,Age * Sex,15-44 Years Old * Female,San Luis Obispo,9,49410,49410.0,Female Population 15-44 Years Old,2022,215,71.7,Cases,2021-2023,100000,145.0,Crude Case Rate,,,125.7,164.4,2030,,,,,,,
2025,22F,Reported Incidence of Gonorrhea among Females 15 to 44 Years Old,Age * Sex,15-44 Years Old * Female,Santa Cruz,10,53190,53190.0,Female Population 15-44 Years Old,2022,240,80.0,Cases,2021-2023,100000,150.4,Crude Case Rate,,,131.4,169.4,2030,,,,,,,
2025,22F,Reported Incidence of Gonorrhea among Females 15 to 44 Years Old,Age * Sex,15-44 Years Old * Female,San Benito,11,12789,12789.0,Female Population 15-44 Years Old,2022,58,19.3,Cases,2021-2023,100000,151.2,Crude Case Rate,,,114.8,195.4,2030,,,,,,,
2025,22F,Reported Incidence of Gonorrhea among Females 15 to 44 Years Old,Age * Sex,15-44 Years Old * Female,Ventura,12,159363,159363.0,Female Population 15-44 Years Old,2022,733,244.3,Cases,2021-2023,100000,153.3,Crude Case Rate,,,142.2,164.4,2030,,,,,,,
2025,22F,Reported Incidence of Gonorrhea among Females 15 to 44 Years Old,Age * Sex,15-44 Years Old * Female,Sonoma,13,89360,89360.0,Female Population 15-44 Years Old,2022,414,138.0,Cases,2021-2023,100000,154.4,Crude Case Rate,,,139.6,169.3,2030,,,,,,,
2025,22F,Reported Incidence of Gonorrhea among Females 15 to 44 Years Old,Age * Sex,15-44 Years Old * Female,Colusa,14,4369,4369.0,Female Population 15-44 Years Old,2022,21,7.0,Cases,2021-2023,100000,160.2,Crude Case Rate,,,99.2,244.9,2030,,,,,,,
2025,22F,Reported Incidence of Gonorrhea among Females 15 to 44 Years Old,Age * Sex,15-44 Years Old * Female,Tuolumne,15,7158,7158.0,Female Population 15-44 Years Old,2022,36,12.0,Cases,2021-2023,100000,167.6,Crude Case Rate,,,117.4,232.1,2030,,,,,,,
2025,22F,Reported Incidence of Gonorrhea among Females 15 to 44 Years Old,Age * Sex,15-44 Years Old * Female,Yolo,16,55598,55598.0,Female Population 15-44 Years Old,2022,283,94.3,Cases,2021-2023,100000,169.7,Crude Case Rate,,,149.9,189.4,2030,,,,,,,
2025,22F,Reported Incidence of Gonorrhea among Females 15 to 44 Years Old,Age * Sex,15-44 Years Old * Female,Napa,17,25880,25880.0,Female Population 15-44 Years Old,2022,137,45.7,Cases,2021-2023,100000,176.5,Crude Case Rate,,,146.9,206.0,2030,,,,,,,
2025,22F,Reported Incidence of Gonorrhea among Females 15 to 44 Years Old,Age * Sex,15-44 Years Old * Female,Monterey,18,85621,85621.0,Female Population 15-44 Years Old,2022,467,155.7,Cases,2021-2023,100000,181.8,Crude Case Rate,,,165.3,198.3,2030,,,,,,,
2025,22F,Reported Incidence of Gonorrhea among Females 15 to 44 Years Old,Age * Sex,15-44 Years Old * Female,Glenn,19,5616,5616.0,Female Population 15-44 Years Old,2022,32,10.7,Cases,2021-2023,100000,189.9,Crude Case Rate,,,129.9,268.1,2030,,,,,,,
2025,22F,Reported Incidence of Gonorrhea among Females 15 to 44 Years Old,Age * Sex,15-44 Years Old * Female,Santa Barbara,20,93473,93473.0,Female Population 15-44 Years Old,2022,545,181.7,Cases,2021-2023,100000,194.4,Crude Case Rate,,,178.0,210.7,2030,,,,,,,
2025,22F,Reported Incidence of Gonorrhea among Females 15 to 44 Years Old,Age * Sex,15-44 Years Old * Female,Calaveras,21,6171,6171.0,Female Population 15-44 Years Old,2022,37,12.3,Cases,2021-2023,100000,199.9,Crude Case Rate,,,140.7,275.5,2030,,,,,,,
2025,22F,Reported Incidence of Gonorrhea among Females 15 to 44 Years Old,Age * Sex,15-44 Years Old * Female,Del Norte,22,4209,4209.0,Female Population 15-44 Years Old,2022,26,8.7,Cases,2021-2023,100000,205.9,Crude Case Rate,,,134.5,301.7,2030,,,,,,,
2025,22F,Reported Incidence of Gonorrhea among Females 15 to 44 Years Old,Age * Sex,15-44 Years Old * Female,Humboldt,23,26140,26140.0,Female Population 15-44 Years Old,2022,162,54.0,Cases,2021-2023,100000,206.6,Crude Case Rate,,,174.8,238.4,2030,,,,,,,
2025,22F,Reported Incidence of Gonorrhea among Females 15 to 44 Years Old,Age * Sex,15-44 Years Old * Female,Orange,24,603091,603091.0,Female Population 15-44 Years Old,2022,4129,1376.3,Cases,2021-2023,100000,228.2,Crude Case Rate,,,221.3,235.2,2030,,,,,,,
2025,22F,Reported Incidence of Gonorrhea among Females 15 to 44 Years Old,Age * Sex,15-44 Years Old * Female,Imperial,25,36591,36591.0,Female Population 15-44 Years Old,2022,251,83.7,Cases,2021-2023,100000,228.7,Crude Case Rate,,,200.4,256.9,2030,,,,,,,
2025,22F,Reported Incidence of Gonorrhea among Females 15 to 44 Years Old,Age * Sex,15-44 Years Old * Female,Siskiyou,26,6934,6934.0,Female Population 15-44 Years Old,2022,49,16.3,Cases,2021-2023,100000,235.6,Crude Case Rate,,,174.3,311.4,2030,,,,,,,
2025,22F,Reported Incidence of Gonorrhea among Females 15 to 44 Years Old,Age * Sex,15-44 Years Old * Female,Tehama,27,11706,11706.0,Female Population 15-44 Years Old,2022,83,27.7,Cases,2021-2023,100000,236.3,Crude Case Rate,,,188.2,293.0,2030,,,,,,,
2025,22F,Reported Incidence of Gonorrhea among Females 15 to 44 Years Old,Age * Sex,15-44 Years Old * Female,San Francisco,28,191030,191030.0,Female Population 15-44 Years Old,2022,1355,451.7,Cases,2021-2023,100000,236.4,Crude Case Rate,,,223.8,249.0,2030,,,,,,,
2025,22F,Reported Incidence of Gonorrhea among Females 15 to 44 Years Old,Age * Sex,15-44 Years Old * Female,Inyo,29,2590,2590.0,Female Population 15-44 Years Old,2022,19,6.3,Cases,2021-2023,100000,244.5,Crude Case Rate,,,147.2,381.9,2030,,,,,,4,Rates with a relative standard error greater than or equal to 23 percent are deemed unreliable.
2025,22F,Reported Incidence of Gonorrhea among Females 15 to 44 Years Old,Age * Sex,15-44 Years Old * Female,Alameda,30,349842,349842.0,Female Population 15-44 Years Old,2022,2601,867.0,Cases,2021-2023,100000,247.8,Crude Case Rate,,,238.3,257.4,2030,,,,,,,
2025,22F,Reported Incidence of Gonorrhea among Females 15 to 44 Years Old,Age * Sex,15-44 Years Old * Female,Sutter,31,19809,19809.0,Female Population 15-44 Years Old,2022,149,49.7,Cases,2021-2023,100000,250.7,Crude Case Rate,,,210.5,291.0,2030,,,,,,,
2025,22F,Reported Incidence of Gonorrhea among Females 15 to 44 Years Old,Age * Sex,15-44 Years Old * Female,Merced,32,61617,61617.0,Female Population 15-44 Years Old,2022,473,157.7,Cases,2021-2023,100000,255.9,Crude Case Rate,,,232.8,278.9,2030,,,,,,,
2025,22F,Reported Incidence of Gonorrhea among Females 15 to 44 Years Old,Age * Sex,15-44 Years Old * Female,Stanislaus,33,116912,116912.0,Female Population 15-44 Years Old,2022,910,303.3,Cases,2021-2023,100000,259.5,Crude Case Rate,,,242.6,276.3,2030,,,,,,,
2025,22F,Reported Incidence of Gonorrhea among Females 15 to 44 Years Old,Age * Sex,15-44 Years Old * Female,Contra Costa,34,215704,215704.0,Female Population 15-44 Years Old,2022,1782,594.0,Cases,2021-2023,100000,275.4,Crude Case Rate,,,262.6,288.2,2030,,,,,,,
2025,22F,Reported Incidence of Gonorrhea among Females 15 to 44 Years Old,Age * Sex,15-44 Years Old * Female,Riverside,35,490741,490741.0,Female Population 15-44 Years Old,2022,4215,1405.0,Cases,2021-2023,100000,286.3,Crude Case Rate,,,277.7,294.9,2030,,,,,,,
2025,22F,Reported Incidence of Gonorrhea among Females 15 to 44 Years Old,Age * Sex,15-44 Years Old * Female,Lassen,,3166,3166.0,Female Population 15-44 Years Old,2022,,,Cases,2021-2023,100000,,Crude Case Rate,,,,,2030,,,,,1,1,Numerator values and rates based on fewer than 11 events have been suppressed.
2025,22F,Reported Incidence of Gonorrhea among Females 15 to 44 Years Old,Age * Sex,15-44 Years Old * Female,Mariposa,,2446,2446.0,Female Population 15-44 Years Old,2022,,,Cases,2021-2023,100000,,Crude Case Rate,,,,,2030,,,,,1,1,Numerator values and rates based on fewer than 11 events have been suppressed.
2025,22F,Reported Incidence of Gonorrhea among Females 15 to 44 Years Old,Age * Sex,15-44 Years Old * Female,Modoc,,1483,1483.0,Female Population 15-44 Years Old,2022,,,Cases,2021-2023,100000,,Crude Case Rate,,,,,2030,,,,,1,1,Numerator values and rates based on fewer than 11 events have been suppressed.
2025,22F,Reported Incidence of Gonorrhea among Females 15 to 44 Years Old,Age * Sex,15-44 Years Old * Female,Plumas,,2879,2879.0,Female Population 15-44 Years Old,2022,,,Cases,2021-2023,100000,,Crude Case Rate,,,,,2030,,,,,1,1,Numerator values and rates based on fewer than 11 events have been suppressed.
2025,22F,Reported Incidence of Gonorrhea among Females 15 to 44 Years Old,Age * Sex,15-44 Years Old * Female,Sierra,,393,393.0,Female Population 15-44 Years Old,2022,,,Cases,2021-2023,100000,,Crude Case Rate,,,,,2030,,,,,1,1,Numerator values and rates based on fewer than 11 events have been suppressed.
2025,22F,Reported Incidence of Gonorrhea among Females 15 to 44 Years Old,Age * Sex,15-44 Years Old * Female,CALIFORNIA,,7838941,7838941.0,Female Population 15-44 Years Old,2022,69803,23267.7,Cases,2021-2023,100000,296.8,Crude Case Rate,,,294.6,299.0,2030,,,,,,,
2025,22F,Reported Incidence of Gonorrhea among Females 15 to 44 Years Old,Age * Sex,15-44 Years Old * Female,Tulare,36,100685,100685.0,Female Population 15-44 Years Old,2022,898,299.3,Cases,2021-2023,100000,297.3,Crude Case Rate,,,277.9,316.7,2030,,,,,,,
2025,22F,Reported Incidence of Gonorrhea among Females 15 to 44 Years Old,Age * Sex,15-44 Years Old * Female,Butte,37,47485,47485.0,Female Population 15-44 Years Old,2022,466,155.3,Cases,2021-2023,100000,327.1,Crude Case Rate,,,297.4,356.8,2030,,,,,,,
2025,22F,Reported Incidence of Gonorrhea among Females 15 to 44 Years Old,Age * Sex,15-44 Years Old * Female,San Diego,38,635558,635558.0,Female Population 15-44 Years Old,2022,6285,2095.0,Cases,2021-2023,100000,329.6,Crude Case Rate,,,321.5,337.8,2030,,,,,,,
2025,22F,Reported Incidence of Gonorrhea among Females 15 to 44 Years Old,Age * Sex,15-44 Years Old * Female,Solano,39,84926,84926.0,Female Population 15-44 Years Old,2022,857,285.7,Cases,2021-2023,100000,336.4,Crude Case Rate,,,313.9,358.9,2030,,,,,,,
2025,22F,Reported Incidence of Gonorrhea among Females 15 to 44 Years Old,Age * Sex,15-44 Years Old * Female,Madera,40,35793,35793.0,Female Population 15-44 Years Old,2022,362,120.7,Cases,2021-2023,100000,337.1,Crude Case Rate,,,302.4,371.9,2030,,,,,,,
2025,22F,Reported Incidence of Gonorrhea among Females 15 to 44 Years Old,Age * Sex,15-44 Years Old * Female,Los Angeles,41,2017180,2017180.0,Female Population 15-44 Years Old,2022,20913,6971.0,Cases,2021-2023,100000,345.6,Crude Case Rate,,,340.9,350.3,2030,,,,,,,
2025,22F,Reported Incidence of Gonorrhea among Females 15 to 44 Years Old,Age * Sex,15-44 Years Old * Female,Shasta,42,32162,32162.0,Female Population 15-44 Years Old,2022,352,117.3,Cases,2021-2023,100000,364.8,Crude Case Rate,,,326.7,402.9,2030,,,,,,,
2025,22F,Reported Incidence of Gonorrhea among Females 15 to 44 Years Old,Age * Sex,15-44 Years Old * Female,Kings,43,30687,30687.0,Female Population 15-44 Years Old,2022,344,114.7,Cases,2021-2023,100000,373.7,Crude Case Rate,,,334.2,413.2,2030,,,,,,,
2025,22F,Reported Incidence of Gonorrhea among Females 15 to 44 Years Old,Age * Sex,15-44 Years Old * Female,Yuba,44,15810,15810.0,Female Population 15-44 Years Old,2022,181,60.3,Cases,2021-2023,100000,381.6,Crude Case Rate,,,326.0,437.2,2030,,,,,,,
2025,22F,Reported Incidence of Gonorrhea among Females 15 to 44 Years Old,Age * Sex,15-44 Years Old * Female,Kern,45,192129,192129.0,Female Population 15-44 Years Old,2022,2237,745.7,Cases,2021-2023,100000,388.1,Crude Case Rate,,,372.0,404.2,2030,,,,,,,
2025,22F,Reported Incidence of Gonorrhea among Females 15 to 44 Years Old,Age * Sex,15-44 Years Old * Female,San Joaquin,46,156666,156666.0,Female Population 15-44 Years Old,2022,1837,612.3,Cases,2021-2023,100000,390.9,Crude Case Rate,,,373.0,408.7,2030,,,,,,,
2025,22F,Reported Incidence of Gonorrhea among Females 15 to 44 Years Old,Age * Sex,15-44 Years Old * Female,Trinity,47,1871,1871.0,Female Population 15-44 Years Old,2022,22,7.3,Cases,2021-2023,100000,391.9,Crude Case Rate,,,245.6,593.4,2030,,,,,,,
2025,22F,Reported Incidence of Gonorrhea among Females 15 to 44 Years Old,Age * Sex,15-44 Years Old * Female,San Bernardino,48,457536,457536.0,Female Population 15-44 Years Old,2022,5382,1794.0,Cases,2021-2023,100000,392.1,Crude Case Rate,,,381.6,402.6,2030,,,,,,,
2025,22F,Reported Incidence of Gonorrhea among Females 15 to 44 Years Old,Age * Sex,15-44 Years Old * Female,Sacramento,49,318311,318311.0,Female Population 15-44 Years Old,2022,4074,1358.0,Cases,2021-2023,100000,426.6,Crude Case Rate,,,413.5,439.7,2030,,,,,,,
2025,22F,Reported Incidence of Gonorrhea among Females 15 to 44 Years Old,Age * Sex,15-44 Years Old * Female,Mendocino,50,14881,14881.0,Female Population 15-44 Years Old,2022,193,64.3,Cases,2021-2023,100000,432.3,Crude Case Rate,,,371.3,493.3,2030,,,,,,,
2025,22F,Reported Incidence of Gonorrhea among Females 15 to 44 Years Old,Age * Sex,15-44 Years Old * Female,Fresno,51,214051,214051.0,Female Population 15-44 Years Old,2022,3165,1055.0,Cases,2021-2023,100000,492.9,Crude Case Rate,,,475.7,510.0,2030,,,,,,,
2025,22F,Reported Incidence of Gonorrhea among Females 15 to 44 Years Old,Age * Sex,15-44 Years Old * Female,Lake,52,10421,10421.0,Female Population 15-44 Years Old,2022,165,55.0,Cases,2021-2023,100000,527.8,Crude Case Rate,,,447.2,608.3,2030,,,,,,,
2025,22F,Reported Incidence of Gonorrhea among Females 15 to 44 Years Old,Age * Sex,15-44 Years Old * Female,Alpine,,194,194.0,Female Population 15-44 Years Old,2022,,,Cases,2021-2023,100000,,Crude Case Rate,,,,,2030,,,,,1,1,Numerator values and rates based on fewer than 11 events have been suppressed.
2025,22M,Reported Incidence of Gonorrhea among Males 15 to 44 Years Old,Age * Sex,15-44 Years Old * Male,Sierra,1,435,435.0,Male Population 15-44 Years Old,2022,0,0.0,Cases,2021-2023,100000,,Crude Case Rate,,,,,2030,,,,,,3,Rates for zero events have not been calculated.
2025,22M,Reported Incidence of Gonorrhea among Males 15 to 44 Years Old,Age * Sex,15-44 Years Old * Male,Del Norte,2,6706,6706.0,Male Population 15-44 Years Old,2022,23,7.7,Cases,2021-2023,100000,114.3,Crude Case Rate,,,72.5,171.5,2030,,,,,,,
2025,22M,Reported Incidence of Gonorrhea among Males 15 to 44 Years Old,Age * Sex,15-44 Years Old * Male,El Dorado,3,36210,36210.0,Male Population 15-44 Years Old,2022,138,46.0,Cases,2021-2023,100000,127.0,Crude Case Rate,,,105.8,148.2,2030,,,,,,,
2025,22M,Reported Incidence of Gonorrhea among Males 15 to 44 Years Old,Age * Sex,15-44 Years Old * Male,Amador,4,7450,7450.0,Male Population 15-44 Years Old,2022,29,9.7,Cases,2021-2023,100000,129.8,Crude Case Rate,,,86.9,186.3,2030,,,,,,,
2025,22M,Reported Incidence of Gonorrhea among Males 15 to 44 Years Old,Age * Sex,15-44 Years Old * Male,Calaveras,5,6775,6775.0,Male Population 15-44 Years Old,2022,27,9.0,Cases,2021-2023,100000,132.8,Crude Case Rate,,,87.5,193.3,2030,,,,,,,
2025,22M,Reported Incidence of Gonorrhea among Males 15 to 44 Years Old,Age * Sex,15-44 Years Old * Male,Siskiyou,6,7612,7612.0,Male Population 15-44 Years Old,2022,34,11.3,Cases,2021-2023,100000,148.9,Crude Case Rate,,,103.1,208.1,2030,,,,,,,
2025,22M,Reported Incidence of Gonorrhea among Males 15 to 44 Years Old,Age * Sex,15-44 Years Old * Male,Placer,7,78683,78683.0,Male Population 15-44 Years Old,2022,365,121.7,Cases,2021-2023,100000,154.6,Crude Case Rate,,,138.8,170.5,2030,,,,,,,
2025,22M,Reported Incidence of Gonorrhea among Males 15 to 44 Years Old,Age * Sex,15-44 Years Old * Male,Inyo,8,2874,2874.0,Male Population 15-44 Years Old,2022,14,4.7,Cases,2021-2023,100000,162.4,Crude Case Rate,,,88.8,272.4,2030,,,,,,4,Rates with a relative standard error greater than or equal to 23 percent are deemed unreliable.
2025,22M,Reported Incidence of Gonorrhea among Males 15 to 44 Years Old,Age * Sex,15-44 Years Old * Male,San Luis Obispo,9,60208,60208.0,Male Population 15-44 Years Old,2022,317,105.7,Cases,2021-2023,100000,175.5,Crude Case Rate,,,156.2,194.8,2030,,,,,,,
2025,22M,Reported Incidence of Gonorrhea among Males 15 to 44 Years Old,Age * Sex,15-44 Years Old * Male,Colusa,10,4938,4938.0,Male Population 15-44 Years Old,2022,26,8.7,Cases,2021-2023,100000,175.5,Crude Case Rate,,,114.6,257.2,2030,,,,,,,
2025,22M,Reported Incidence of Gonorrhea among Males 15 to 44 Years Old,Age * Sex,15-44 Years Old * Male,Tuolumne,11,9872,9872.0,Male Population 15-44 Years Old,2022,52,17.3,Cases,2021-2023,100000,175.6,Crude Case Rate,,,131.1,230.3,2030,,,,,,,
2025,22M,Reported Incidence of Gonorrhea among Males 15 to 44 Years Old,Age * Sex,15-44 Years Old * Male,Imperial,12,43385,43385.0,Male Population 15-44 Years Old,2022,231,77.0,Cases,2021-2023,100000,177.5,Crude Case Rate,,,154.6,200.4,2030,,,,,,,
2025,22M,Reported Incidence of Gonorrhea among Males 15 to 44 Years Old,Age * Sex,15-44 Years Old * Male,Glenn,13,6217,6217.0,Male Population 15-44 Years Old,2022,34,11.3,Cases,2021-2023,100000,182.3,Crude Case Rate,,,126.2,254.7,2030,,,,,,,
2025,22M,Reported Incidence of Gonorrhea among Males 15 to 44 Years Old,Age * Sex,15-44 Years Old * Male,Nevada,14,16742,16742.0,Male Population 15-44 Years Old,2022,92,30.7,Cases,2021-2023,100000,183.2,Crude Case Rate,,,147.7,224.6,2030,,,,,,,
2025,22M,Reported Incidence of Gonorrhea among Males 15 to 44 Years Old,Age * Sex,15-44 Years Old * Male,Santa Cruz,15,56889,56889.0,Male Population 15-44 Years Old,2022,402,134.0,Cases,2021-2023,100000,235.5,Crude Case Rate,,,212.5,258.6,2030,,,,,,,
2025,22M,Reported Incidence of Gonorrhea among Males 15 to 44 Years Old,Age * Sex,15-44 Years Old * Male,Monterey,16,98979,98979.0,Male Population 15-44 Years Old,2022,742,247.3,Cases,2021-2023,100000,249.9,Crude Case Rate,,,231.9,267.9,2030,,,,,,,
2025,22M,Reported Incidence of Gonorrhea among Males 15 to 44 Years Old,Age * Sex,15-44 Years Old * Male,San Benito,17,13329,13329.0,Male Population 15-44 Years Old,2022,102,34.0,Cases,2021-2023,100000,255.1,Crude Case Rate,,,205.6,304.6,2030,,,,,,,
2025,22M,Reported Incidence of Gonorrhea among Males 15 to 44 Years Old,Age * Sex,15-44 Years Old * Male,Ventura,18,171306,171306.0,Male Population 15-44 Years Old,2022,1317,439.0,Cases,2021-2023,100000,256.3,Crude Case Rate,,,242.4,270.1,2030,,,,,,,
2025,22M,Reported Incidence of Gonorrhea among Males 15 to 44 Years Old,Age * Sex,15-44 Years Old * Male,Napa,19,28272,28272.0,Male Population 15-44 Years Old,2022,228,76.0,Cases,2021-2023,100000,268.8,Crude Case Rate,,,233.9,303.7,2030,,,,,,,
2025,22M,Reported Incidence of Gonorrhea among Males 15 to 44 Years Old,Age * Sex,15-44 Years Old * Male,Sutter,20,20920,20920.0,Male Population 15-44 Years Old,2022,169,56.3,Cases,2021-2023,100000,269.3,Crude Case Rate,,,228.7,309.9,2030,,,,,,,
2025,22M,Reported Incidence of Gonorrhea among Males 15 to 44 Years Old,Age * Sex,15-44 Years Old * Male,Trinity,21,2100,2100.0,Male Population 15-44 Years Old,2022,17,5.7,Cases,2021-2023,100000,269.8,Crude Case Rate,,,157.2,432.0,2030,,,,,,4,Rates with a relative standard error greater than or equal to 23 percent are deemed unreliable.
2025,22M,Reported Incidence of Gonorrhea among Males 15 to 44 Years Old,Age * Sex,15-44 Years Old * Male,Marin,22,42466,42466.0,Male Population 15-44 Years Old,2022,358,119.3,Cases,2021-2023,100000,281.0,Crude Case Rate,,,251.9,310.1,2030,,,,,,,
2025,22M,Reported Incidence of Gonorrhea among Males 15 to 44 Years Old,Age * Sex,15-44 Years Old * Male,Humboldt,23,28045,28045.0,Male Population 15-44 Years Old,2022,237,79.0,Cases,2021-2023,100000,281.7,Crude Case Rate,,,245.8,317.6,2030,,,,,,,
2025,22M,Reported Incidence of Gonorrhea among Males 15 to 44 Years Old,Age * Sex,15-44 Years Old * Male,Tehama,24,12522,12522.0,Male Population 15-44 Years Old,2022,108,36.0,Cases,2021-2023,100000,287.5,Crude Case Rate,,,233.3,341.7,2030,,,,,,,
2025,22M,Reported Incidence of Gonorrhea among Males 15 to 44 Years Old,Age * Sex,15-44 Years Old * Male,Santa Barbara,25,103852,103852.0,Male Population 15-44 Years Old,2022,941,313.7,Cases,2021-2023,100000,302.0,Crude Case Rate,,,282.7,321.3,2030,,,,,,,
2025,22M,Reported Incidence of Gonorrhea among Males 15 to 44 Years Old,Age * Sex,15-44 Years Old * Male,Merced,26,66938,66938.0,Male Population 15-44 Years Old,2022,607,202.3,Cases,2021-2023,100000,302.3,Crude Case Rate,,,278.2,326.3,2030,,,,,,,
2025,22M,Reported Incidence of Gonorrhea among Males 15 to 44 Years Old,Age * Sex,15-44 Years Old * Male,Sonoma,27,96298,96298.0,Male Population 15-44 Years Old,2022,874,291.3,Cases,2021-2023,100000,302.5,Crude Case Rate,,,282.5,322.6,2030,,,,,,,
2025,22M,Reported Incidence of Gonorrhea among Males 15 to 44 Years Old,Age * Sex,15-44 Years Old * Male,Yolo,28,54390,54390.0,Male Population 15-44 Years Old,2022,496,165.3,Cases,2021-2023,100000,304.0,Crude Case Rate,,,277.2,330.7,2030,,,,,,,
2025,22M,Reported Incidence of Gonorrhea among Males 15 to 44 Years Old,Age * Sex,15-44 Years Old * Male,Tulare,29,106398,106398.0,Male Population 15-44 Years Old,2022,981,327.0,Cases,2021-2023,100000,307.3,Crude Case Rate,,,288.1,326.6,2030,,,,,,,
2025,22M,Reported Incidence of Gonorrhea among Males 15 to 44 Years Old,Age * Sex,15-44 Years Old * Male,Kings,30,42231,42231.0,Male Population 15-44 Years Old,2022,394,131.3,Cases,2021-2023,100000,311.0,Crude Case Rate,,,280.3,341.7,2030,,,,,,,
2025,22M,Reported Incidence of Gonorrhea among Males 15 to 44 Years Old,Age * Sex,15-44 Years Old * Male,Butte,31,53055,53055.0,Male Population 15-44 Years Old,2022,516,172.0,Cases,2021-2023,100000,324.2,Crude Case Rate,,,296.2,352.2,2030,,,,,,,
2025,22M,Reported Incidence of Gonorrhea among Males 15 to 44 Years Old,Age * Sex,15-44 Years Old * Male,Madera,32,33911,33911.0,Male Population 15-44 Years Old,2022,330,110.0,Cases,2021-2023,100000,324.4,Crude Case Rate,,,289.4,359.4,2030,,,,,,,
2025,22M,Reported Incidence of Gonorrhea among Males 15 to 44 Years Old,Age * Sex,15-44 Years Old * Male,Mendocino,33,16336,16336.0,Male Population 15-44 Years Old,2022,160,53.3,Cases,2021-2023,100000,326.5,Crude Case Rate,,,275.9,377.1,2030,,,,,,,
2025,22M,Reported Incidence of Gonorrhea among Males 15 to 44 Years Old,Age * Sex,15-44 Years Old * Male,Stanislaus,34,122628,122628.0,Male Population 15-44 Years Old,2022,1207,402.3,Cases,2021-2023,100000,328.1,Crude Case Rate,,,309.6,346.6,2030,,,,,,,
2025,22M,Reported Incidence of Gonorrhea among Males 15 to 44 Years Old,Age * Sex,15-44 Years Old * Male,Santa Clara,35,412294,412294.0,Male Population 15-44 Years Old,2022,4348,1449.3,Cases,2021-2023,100000,351.5,Crude Case Rate,,,341.1,362.0,2030,,,,,,,
2025,22M,Reported Incidence of Gonorrhea among Males 15 to 44 Years Old,Age * Sex,15-44 Years Old * Male,Shasta,36,33783,33783.0,Male Population 15-44 Years Old,2022,360,120.0,Cases,2021-2023,100000,355.2,Crude Case Rate,,,318.5,391.9,2030,,,,,,,
2025,22M,Reported Incidence of Gonorrhea among Males 15 to 44 Years Old,Age * Sex,15-44 Years Old * Male,San Mateo,37,142570,142570.0,Male Population 15-44 Years Old,2022,1672,557.3,Cases,2021-2023,100000,390.9,Crude Case Rate,,,372.2,409.7,2030,,,,,,,
2025,22M,Reported Incidence of Gonorrhea among Males 15 to 44 Years Old,Age * Sex,15-44 Years Old * Male,Orange,38,639722,639722.0,Male Population 15-44 Years Old,2022,7729,2576.3,Cases,2021-2023,100000,402.7,Crude Case Rate,,,393.7,411.7,2030,,,,,,,
2025,22M,Reported Incidence of Gonorrhea among Males 15 to 44 Years Old,Age * Sex,15-44 Years Old * Male,Kern,39,220710,220710.0,Male Population 15-44 Years Old,2022,2694,898.0,Cases,2021-2023,100000,406.9,Crude Case Rate,,,391.5,422.2,2030,,,,,,,
2025,22M,Reported Incidence of Gonorrhea among Males 15 to 44 Years Old,Age * Sex,15-44 Years Old * Male,Yuba,40,16735,16735.0,Male Population 15-44 Years Old,2022,205,68.3,Cases,2021-2023,100000,408.3,Crude Case Rate,,,352.4,464.2,2030,,,,,,,
2025,22M,Reported Incidence of Gonorrhea among Males 15 to 44 Years Old,Age * Sex,15-44 Years Old * Male,Contra Costa,41,223065,223065.0,Male Population 15-44 Years Old,2022,2779,926.3,Cases,2021-2023,100000,415.3,Crude Case Rate,,,399.8,430.7,2030,,,,,,,
2025,22M,Reported Incidence of Gonorrhea among Males 15 to 44 Years Old,Age * Sex,15-44 Years Old * Male,San Joaquin,42,167463,167463.0,Male Population 15-44 Years Old,2022,2226,742.0,Cases,2021-2023,100000,443.1,Crude Case Rate,,,424.7,461.5,2030,,,,,,,
2025,22M,Reported Incidence of Gonorrhea among Males 15 to 44 Years Old,Age * Sex,15-44 Years Old * Male,Solano,43,92372,92372.0,Male Population 15-44 Years Old,2022,1241,413.7,Cases,2021-2023,100000,447.8,Crude Case Rate,,,422.9,472.7,2030,,,,,,,
2025,22M,Reported Incidence of Gonorrhea among Males 15 to 44 Years Old,Age * Sex,15-44 Years Old * Male,San Bernardino,44,483285,483285.0,Male Population 15-44 Years Old,2022,6647,2215.7,Cases,2021-2023,100000,458.5,Crude Case Rate,,,447.4,469.5,2030,,,,,,,
2025,22M,Reported Incidence of Gonorrhea among Males 15 to 44 Years Old,Age * Sex,15-44 Years Old * Male,Riverside,45,516558,516558.0,Male Population 15-44 Years Old,2022,7135,2378.3,Cases,2021-2023,100000,460.4,Crude Case Rate,,,449.7,471.1,2030,,,,,,,
2025,22M,Reported Incidence of Gonorrhea among Males 15 to 44 Years Old,Age * Sex,15-44 Years Old * Male,Fresno,46,227430,227430.0,Male Population 15-44 Years Old,2022,3309,1103.0,Cases,2021-2023,100000,485.0,Crude Case Rate,,,468.5,501.5,2030,,,,,,,
2025,22M,Reported Incidence of Gonorrhea among Males 15 to 44 Years Old,Age * Sex,15-44 Years Old * Male,Lake,47,11577,11577.0,Male Population 15-44 Years Old,2022,180,60.0,Cases,2021-2023,100000,518.3,Crude Case Rate,,,442.6,594.0,2030,,,,,,,
2025,22M,Reported Incidence of Gonorrhea among Males 15 to 44 Years Old,Age * Sex,15-44 Years Old * Male,Sacramento,48,331095,331095.0,Male Population 15-44 Years Old,2022,5624,1874.7,Cases,2021-2023,100000,566.2,Crude Case Rate,,,551.4,581.0,2030,,,,,,,
2025,22M,Reported Incidence of Gonorrhea among Males 15 to 44 Years Old,Age * Sex,15-44 Years Old * Male,Alpine,,172,172.0,Male Population 15-44 Years Old,2022,,,Cases,2021-2023,100000,,Crude Case Rate,,,,,2030,,,,,1,1,Numerator values and rates based on fewer than 11 events have been suppressed.
2025,22M,Reported Incidence of Gonorrhea among Males 15 to 44 Years Old,Age * Sex,15-44 Years Old * Male,Lassen,,9457,9457.0,Male Population 15-44 Years Old,2022,,,Cases,2021-2023,100000,,Crude Case Rate,,,,,2030,,,,,1,1,Numerator values and rates based on fewer than 11 events have been suppressed.
2025,22M,Reported Incidence of Gonorrhea among Males 15 to 44 Years Old,Age * Sex,15-44 Years Old * Male,Mariposa,,2680,2680.0,Male Population 15-44 Years Old,2022,,,Cases,2021-2023,100000,,Crude Case Rate,,,,,2030,,,,,1,1,Numerator values and rates based on fewer than 11 events have been suppressed.
2025,22M,Reported Incidence of Gonorrhea among Males 15 to 44 Years Old,Age * Sex,15-44 Years Old * Male,Modoc,,1595,1595.0,Male Population 15-44 Years Old,2022,,,Cases,2021-2023,100000,,Crude Case Rate,,,,,2030,,,,,1,1,Numerator values and rates based on fewer than 11 events have been suppressed.
2025,22M,Reported Incidence of Gonorrhea among Males 15 to 44 Years Old,Age * Sex,15-44 Years Old * Male,Mono,,2802,2802.0,Male Population 15-44 Years Old,2022,,,Cases,2021-2023,100000,,Crude Case Rate,,,,,2030,,,,,1,1,Numerator values and rates based on fewer than 11 events have been suppressed.
2025,22M,Reported Incidence of Gonorrhea among Males 15 to 44 Years Old,Age * Sex,15-44 Years Old * Male,Plumas,,3039,3039.0,Male Population 15-44 Years Old,2022,,,Cases,2021-2023,100000,,Crude Case Rate,,,,,2030,,,,,1,1,Numerator values and rates based on fewer than 11 events have been suppressed.
2025,22M,Reported Incidence of Gonorrhea among Males 15 to 44 Years Old,Age * Sex,15-44 Years Old * Male,CALIFORNIA,,8366625,8366625.0,Male Population 15-44 Years Old,2022,144183,48061.0,Cases,2021-2023,100000,574.4,Crude Case Rate,,,571.5,577.4,2030,,,,,,,
2025,22M,Reported Incidence of Gonorrhea among Males 15 to 44 Years Old,Age * Sex,15-44 Years Old * Male,San Diego,49,709807,709807.0,Male Population 15-44 Years Old,2022,12986,4328.7,Cases,2021-2023,100000,609.8,Crude Case Rate,,,599.3,620.3,2030,,,,,,,
2025,22M,Reported Incidence of Gonorrhea among Males 15 to 44 Years Old,Age * Sex,15-44 Years Old * Male,Alameda,50,353878,353878.0,Male Population 15-44 Years Old,2022,6513,2171.0,Cases,2021-2023,100000,613.5,Crude Case Rate,,,598.6,628.4,2030,,,,,,,
2025,22M,Reported Incidence of Gonorrhea among Males 15 to 44 Years Old,Age * Sex,15-44 Years Old * Male,Los Angeles,51,2113261,2113261.0,Male Population 15-44 Years Old,2022,55952,18650.7,Cases,2021-2023,100000,882.6,Crude Case Rate,,,875.2,889.9,2030,,,,,,,
2025,22M,Reported Incidence of Gonorrhea among Males 15 to 44 Years Old,Age * Sex,15-44 Years Old * Male,San Francisco,52,192303,192303.0,Male Population 15-44 Years Old,2022,10984,3661.3,Cases,2021-2023,100000,1903.9,Crude Case Rate,,,1868.3,1939.5,2030,,,,,,,
2025,23,Reported Incidence of Tuberculosis,Total Population,Total Population,Nevada,1,98157,98157.0,Population,2022,0,0.0,Cases,2021-2023,100000,,Crude Case Rate,,,,,2030,IID-17,1.4,Y,,,3,Rates for zero events have not been calculated.
2025,23,Reported Incidence of Tuberculosis,Total Population,Total Population,Mendocino,2,88353,88353.0,Population,2022,0,0.0,Cases,2021-2023,100000,,Crude Case Rate,,,,,2030,IID-17,1.4,Y,,,3,Rates for zero events have not been calculated.
2025,23,Reported Incidence of Tuberculosis,Total Population,Total Population,Tuolumne,3,51670,51670.0,Population,2022,0,0.0,Cases,2021-2023,100000,,Crude Case Rate,,,,,2030,IID-17,1.4,Y,,,3,Rates for zero events have not been calculated.
2025,23,Reported Incidence of Tuberculosis,Total Population,Total Population,Amador,4,38161,38161.0,Population,2022,0,0.0,Cases,2021-2023,100000,,Crude Case Rate,,,,,2030,IID-17,1.4,Y,,,3,Rates for zero events have not been calculated.
2025,23,Reported Incidence of Tuberculosis,Total Population,Total Population,Lassen,5,29842,29842.0,Population,2022,0,0.0,Cases,2021-2023,100000,,Crude Case Rate,,,,,2030,IID-17,1.4,Y,,,3,Rates for zero events have not been calculated.
2025,23,Reported Incidence of Tuberculosis,Total Population,Total Population,Plumas,6,19041,19041.0,Population,2022,0,0.0,Cases,2021-2023,100000,,Crude Case Rate,,,,,2030,IID-17,1.4,Y,,,3,Rates for zero events have not been calculated.
2025,23,Reported Incidence of Tuberculosis,Total Population,Total Population,Inyo,7,18142,18142.0,Population,2022,0,0.0,Cases,2021-2023,100000,,Crude Case Rate,,,,,2030,IID-17,1.4,Y,,,3,Rates for zero events have not been calculated.
2025,23,Reported Incidence of Tuberculosis,Total Population,Total Population,Mariposa,8,17556,17556.0,Population,2022,0,0.0,Cases,2021-2023,100000,,Crude Case Rate,,,,,2030,IID-17,1.4,Y,,,3,Rates for zero events have not been calculated.
2025,23,Reported Incidence of Tuberculosis,Total Population,Total Population,Mono,9,13898,13898.0,Population,2022,0,0.0,Cases,2021-2023,100000,,Crude Case Rate,,,,,2030,IID-17,1.4,Y,,,3,Rates for zero events have not been calculated.
2025,23,Reported Incidence of Tuberculosis,Total Population,Total Population,Trinity,10,13156,13156.0,Population,2022,0,0.0,Cases,2021-2023,100000,,Crude Case Rate,,,,,2030,IID-17,1.4,Y,,,3,Rates for zero events have not been calculated.
2025,23,Reported Incidence of Tuberculosis,Total Population,Total Population,Modoc,11,9374,9374.0,Population,2022,0,0.0,Cases,2021-2023,100000,,Crude Case Rate,,,,,2030,IID-17,1.4,Y,,,3,Rates for zero events have not been calculated.
2025,23,Reported Incidence of Tuberculosis,Total Population,Total Population,Sierra,12,3077,3077.0,Population,2022,0,0.0,Cases,2021-2023,100000,,Crude Case Rate,,,,,2030,IID-17,1.4,Y,,,3,Rates for zero events have not been calculated.
2025,23,Reported Incidence of Tuberculosis,Total Population,Total Population,Alpine,13,1139,1139.0,Population,2022,0,0.0,Cases,2021-2023,100000,,Crude Case Rate,,,,,2030,IID-17,1.4,Y,,,3,Rates for zero events have not been calculated.
2025,23,Reported Incidence of Tuberculosis,Total Population,Total Population,Lake,14,64138,64138.0,Population,2022,1,0.3,Cases,2021-2023,100000,0.5,Crude Case Rate,,,0.0,2.9,2030,IID-17,1.4,Y,,,4,Rates with a relative standard error greater than or equal to 23 percent are deemed unreliable.
2025,23,Reported Incidence of Tuberculosis,Total Population,Total Population,Butte,15,227736,227736.0,Population,2022,5,1.7,Cases,2021-2023,100000,0.7,Crude Case Rate,,,0.2,1.7,2030,IID-17,1.4,Y,,,4,Rates with a relative standard error greater than or equal to 23 percent are deemed unreliable.
2025,23,Reported Incidence of Tuberculosis,Total Population,Total Population,El Dorado,16,190012,190012.0,Population,2022,4,1.3,Cases,2021-2023,100000,0.7,Crude Case Rate,,,0.2,1.8,2030,IID-17,1.4,Y,,,4,Rates with a relative standard error greater than or equal to 23 percent are deemed unreliable.
2025,23,Reported Incidence of Tuberculosis,Total Population,Total Population,Shasta,17,176682,176682.0,Population,2022,4,1.3,Cases,2021-2023,100000,0.8,Crude Case Rate,,,0.2,1.9,2030,IID-17,1.4,Y,,,4,Rates with a relative standard error greater than or equal to 23 percent are deemed unreliable.
2025,23,Reported Incidence of Tuberculosis,Total Population,Total Population,Del Norte,18,26792,26792.0,Population,2022,1,0.3,Cases,2021-2023,100000,1.2,Crude Case Rate,,,0.0,6.9,2030,IID-17,1.4,Y,,,4,Rates with a relative standard error greater than or equal to 23 percent are deemed unreliable.
2025,23,Reported Incidence of Tuberculosis,Total Population,Total Population,Kings,19,156164,156164.0,Population,2022,6,2.0,Cases,2021-2023,100000,1.3,Crude Case Rate,,,0.5,2.8,2030,IID-17,1.4,Y,,,4,Rates with a relative standard error greater than or equal to 23 percent are deemed unreliable.
2025,23,Reported Incidence of Tuberculosis,Total Population,Total Population,Calaveras,20,44150,44150.0,Population,2022,2,0.7,Cases,2021-2023,100000,1.5,Crude Case Rate,,,0.2,5.5,2030,IID-17,1.4,N,,,4,Rates with a relative standard error greater than or equal to 23 percent are deemed unreliable.
2025,23,Reported Incidence of Tuberculosis,Total Population,Total Population,Siskiyou,21,43169,43169.0,Population,2022,2,0.7,Cases,2021-2023,100000,1.5,Crude Case Rate,,,0.2,5.6,2030,IID-17,1.4,N,,,4,Rates with a relative standard error greater than or equal to 23 percent are deemed unreliable.
2025,23,Reported Incidence of Tuberculosis,Total Population,Total Population,Colusa,22,22872,22872.0,Population,2022,1,0.3,Cases,2021-2023,100000,1.5,Crude Case Rate,,,0.0,8.1,2030,IID-17,1.4,N,,,4,Rates with a relative standard error greater than or equal to 23 percent are deemed unreliable.
2025,23,Reported Incidence of Tuberculosis,Total Population,Total Population,Santa Cruz,23,276024,276024.0,Population,2022,13,4.3,Cases,2021-2023,100000,1.6,Crude Case Rate,,,0.8,2.7,2030,IID-17,1.4,N,,,4,Rates with a relative standard error greater than or equal to 23 percent are deemed unreliable.
2025,23,Reported Incidence of Tuberculosis,Total Population,Total Population,Tehama,24,64023,64023.0,Population,2022,3,1.0,Cases,2021-2023,100000,1.6,Crude Case Rate,,,0.3,4.6,2030,IID-17,1.4,N,,,4,Rates with a relative standard error greater than or equal to 23 percent are deemed unreliable.
2025,23,Reported Incidence of Tuberculosis,Total Population,Total Population,Sonoma,25,502886,502886.0,Population,2022,26,8.7,Cases,2021-2023,100000,1.7,Crude Case Rate,,,1.1,2.5,2030,IID-17,1.4,N,,,,
2025,23,Reported Incidence of Tuberculosis,Total Population,Total Population,San Luis Obispo,26,279268,279268.0,Population,2022,15,5.0,Cases,2021-2023,100000,1.8,Crude Case Rate,,,1.0,3.0,2030,IID-17,1.4,N,,,4,Rates with a relative standard error greater than or equal to 23 percent are deemed unreliable.
2025,23,Reported Incidence of Tuberculosis,Total Population,Total Population,Yolo,27,228380,228380.0,Population,2022,13,4.3,Cases,2021-2023,100000,1.9,Crude Case Rate,,,1.0,3.2,2030,IID-17,1.4,N,,,4,Rates with a relative standard error greater than or equal to 23 percent are deemed unreliable.
2025,23,Reported Incidence of Tuberculosis,Total Population,Total Population,Stanislaus,28,566365,566365.0,Population,2022,34,11.3,Cases,2021-2023,100000,2.0,Crude Case Rate,,,1.4,2.8,2030,IID-17,1.4,N,,,,
2025,23,Reported Incidence of Tuberculosis,Total Population,Total Population,Madera,29,162722,162722.0,Population,2022,10,3.3,Cases,2021-2023,100000,2.0,Crude Case Rate,,,1.0,3.8,2030,IID-17,1.4,N,,,4,Rates with a relative standard error greater than or equal to 23 percent are deemed unreliable.
2025,23,Reported Incidence of Tuberculosis,Total Population,Total Population,San Benito,30,62124,62124.0,Population,2022,4,1.3,Cases,2021-2023,100000,2.1,Crude Case Rate,,,0.6,5.5,2030,IID-17,1.4,N,,,4,Rates with a relative standard error greater than or equal to 23 percent are deemed unreliable.
2025,23,Reported Incidence of Tuberculosis,Total Population,Total Population,Tulare,31,485121,485121.0,Population,2022,32,10.7,Cases,2021-2023,100000,2.2,Crude Case Rate,,,1.5,3.1,2030,IID-17,1.4,N,,,,
2025,23,Reported Incidence of Tuberculosis,Total Population,Total Population,Placer,32,400664,400664.0,Population,2022,26,8.7,Cases,2021-2023,100000,2.2,Crude Case Rate,,,1.4,3.2,2030,IID-17,1.4,N,,,,
2025,23,Reported Incidence of Tuberculosis,Total Population,Total Population,Marin,33,257795,257795.0,Population,2022,17,5.7,Cases,2021-2023,100000,2.2,Crude Case Rate,,,1.3,3.5,2030,IID-17,1.4,N,,,4,Rates with a relative standard error greater than or equal to 23 percent are deemed unreliable.
2025,23,Reported Incidence of Tuberculosis,Total Population,Total Population,Sutter,34,99781,99781.0,Population,2022,7,2.3,Cases,2021-2023,100000,2.3,Crude Case Rate,,,0.9,4.8,2030,IID-17,1.4,N,,,4,Rates with a relative standard error greater than or equal to 23 percent are deemed unreliable.
2025,23,Reported Incidence of Tuberculosis,Total Population,Total Population,Riverside,35,2506351,2506351.0,Population,2022,189,63.0,Cases,2021-2023,100000,2.5,Crude Case Rate,,,2.2,2.9,2030,IID-17,1.4,N,,,,
2025,23,Reported Incidence of Tuberculosis,Total Population,Total Population,Humboldt,36,134138,134138.0,Population,2022,10,3.3,Cases,2021-2023,100000,2.5,Crude Case Rate,,,1.2,4.6,2030,IID-17,1.4,N,,,4,Rates with a relative standard error greater than or equal to 23 percent are deemed unreliable.
2025,23,Reported Incidence of Tuberculosis,Total Population,Total Population,Yuba,37,78666,78666.0,Population,2022,6,2.0,Cases,2021-2023,100000,2.5,Crude Case Rate,,,0.9,5.5,2030,IID-17,1.4,N,,,4,Rates with a relative standard error greater than or equal to 23 percent are deemed unreliable.
2025,23,Reported Incidence of Tuberculosis,Total Population,Total Population,San Bernardino,38,2216865,2216865.0,Population,2022,176,58.7,Cases,2021-2023,100000,2.6,Crude Case Rate,,,2.3,3.0,2030,IID-17,1.4,N,,,,
2025,23,Reported Incidence of Tuberculosis,Total Population,Total Population,Ventura,39,851620,851620.0,Population,2022,79,26.3,Cases,2021-2023,100000,3.1,Crude Case Rate,,,2.4,3.9,2030,IID-17,1.4,N,,,,
2025,23,Reported Incidence of Tuberculosis,Total Population,Total Population,Kern,40,929851,929851.0,Population,2022,94,31.3,Cases,2021-2023,100000,3.4,Crude Case Rate,,,2.7,4.1,2030,IID-17,1.4,N,,,,
2025,23,Reported Incidence of Tuberculosis,Total Population,Total Population,Glenn,41,29212,29212.0,Population,2022,3,1.0,Cases,2021-2023,100000,3.4,Crude Case Rate,,,0.7,10.0,2030,IID-17,1.4,N,,,4,Rates with a relative standard error greater than or equal to 23 percent are deemed unreliable.
2025,23,Reported Incidence of Tuberculosis,Total Population,Total Population,Merced,42,288601,288601.0,Population,2022,30,10.0,Cases,2021-2023,100000,3.5,Crude Case Rate,,,2.3,4.9,2030,IID-17,1.4,N,,,,
2025,23,Reported Incidence of Tuberculosis,Total Population,Total Population,Fresno,43,1029118,1029118.0,Population,2022,115,38.3,Cases,2021-2023,100000,3.7,Crude Case Rate,,,3.0,4.4,2030,IID-17,1.4,N,,,,
2025,23,Reported Incidence of Tuberculosis,Total Population,Total Population,Santa Barbara,44,455127,455127.0,Population,2022,58,19.3,Cases,2021-2023,100000,4.2,Crude Case Rate,,,3.2,5.5,2030,IID-17,1.4,N,,,,
2025,23,Reported Incidence of Tuberculosis,Total Population,Total Population,Monterey,45,447300,447300.0,Population,2022,57,19.0,Cases,2021-2023,100000,4.2,Crude Case Rate,,,3.2,5.5,2030,IID-17,1.4,N,,,,
2025,23,Reported Incidence of Tuberculosis,Total Population,Total Population,Napa,46,139518,139518.0,Population,2022,19,6.3,Cases,2021-2023,100000,4.5,Crude Case Rate,,,2.7,7.1,2030,IID-17,1.4,N,,,4,Rates with a relative standard error greater than or equal to 23 percent are deemed unreliable.
2025,23,Reported Incidence of Tuberculosis,Total Population,Total Population,CALIFORNIA,,40146003,40146003.0,Population,2022,5706,1902.0,Cases,2021-2023,100000,4.7,Crude Case Rate,,,4.6,4.9,2030,IID-17,1.4,N,,,,
2025,23,Reported Incidence of Tuberculosis,Total Population,Total Population,Contra Costa,47,1168294,1168294.0,Population,2022,172,57.3,Cases,2021-2023,100000,4.9,Crude Case Rate,,,4.2,5.6,2030,IID-17,1.4,N,,,,
2025,23,Reported Incidence of Tuberculosis,Total Population,Total Population,Solano,48,448896,448896.0,Population,2022,66,22.0,Cases,2021-2023,100000,4.9,Crude Case Rate,,,3.8,6.2,2030,IID-17,1.4,N,,,,
2025,23,Reported Incidence of Tuberculosis,Total Population,Total Population,Sacramento,49,1571846,1571846.0,Population,2022,242,80.7,Cases,2021-2023,100000,5.1,Crude Case Rate,,,4.5,5.8,2030,IID-17,1.4,N,,,,
2025,23,Reported Incidence of Tuberculosis,Total Population,Total Population,Los Angeles,50,10208717,10208717.0,Population,2022,1615,538.3,Cases,2021-2023,100000,5.3,Crude Case Rate,,,5.0,5.5,2030,IID-17,1.4,N,,,,
2025,23,Reported Incidence of Tuberculosis,Total Population,Total Population,Orange,51,3218111,3218111.0,Population,2022,513,171.0,Cases,2021-2023,100000,5.3,Crude Case Rate,,,4.9,5.8,2030,IID-17,1.4,N,,,,
2025,23,Reported Incidence of Tuberculosis,Total Population,Total Population,San Joaquin,52,783706,783706.0,Population,2022,124,41.3,Cases,2021-2023,100000,5.3,Crude Case Rate,,,4.3,6.2,2030,IID-17,1.4,N,,,,
2025,23,Reported Incidence of Tuberculosis,Total Population,Total Population,San Mateo,53,777635,777635.0,Population,2022,136,45.3,Cases,2021-2023,100000,5.8,Crude Case Rate,,,4.8,6.8,2030,IID-17,1.4,N,,,,
2025,23,Reported Incidence of Tuberculosis,Total Population,Total Population,San Diego,54,3356185,3356185.0,Population,2022,652,217.3,Cases,2021-2023,100000,6.5,Crude Case Rate,,,6.0,7.0,2030,IID-17,1.4,N,,,,
2025,23,Reported Incidence of Tuberculosis,Total Population,Total Population,Alameda,55,1689538,1689538.0,Population,2022,360,120.0,Cases,2021-2023,100000,7.1,Crude Case Rate,,,6.4,7.8,2030,IID-17,1.4,N,,,,
2025,23,Reported Incidence of Tuberculosis,Total Population,Total Population,Santa Clara,56,1987898,1987898.0,Population,2022,442,147.3,Cases,2021-2023,100000,7.4,Crude Case Rate,,,6.7,8.1,2030,IID-17,1.4,N,,,,
2025,23,Reported Incidence of Tuberculosis,Total Population,Total Population,San Francisco,57,897416,897416.0,Population,2022,200,66.7,Cases,2021-2023,100000,7.4,Crude Case Rate,,,6.4,8.5,2030,IID-17,1.4,N,,,,
2025,23,Reported Incidence of Tuberculosis,Total Population,Total Population,Imperial,58,192960,192960.0,Population,2022,122,40.7,Cases,2021-2023,100000,21.1,Crude Case Rate,,,17.3,24.8,2030,IID-17,1.4,N,,,,
2025,23C,Reported Incidence of Congenital Syphilis,Total Live Births,Total Live Births,Marin,1,6761,2253.7,Live Births,2021-2023,0,0.0,Cases,2021-2023,100000,,Crude Case Rate,,,,,2030,STI-04,33.9,Y,,,3,Rates for zero events have not been calculated.
2025,23C,Reported Incidence of Congenital Syphilis,Total Live Births,Total Live Births,Napa,2,3586,1195.3,Live Births,2021-2023,0,0.0,Cases,2021-2023,100000,,Crude Case Rate,,,,,2030,STI-04,33.9,Y,,,3,Rates for zero events have not been calculated.
2025,23C,Reported Incidence of Congenital Syphilis,Total Live Births,Total Live Births,Mendocino,3,2561,853.7,Live Births,2021-2023,0,0.0,Cases,2021-2023,100000,,Crude Case Rate,,,,,2030,STI-04,33.9,Y,,,3,Rates for zero events have not been calculated.
2025,23C,Reported Incidence of Congenital Syphilis,Total Live Births,Total Live Births,San Benito,4,2466,822.0,Live Births,2021-2023,0,0.0,Cases,2021-2023,100000,,Crude Case Rate,,,,,2030,STI-04,33.9,Y,,,3,Rates for zero events have not been calculated.
2025,23C,Reported Incidence of Congenital Syphilis,Total Live Births,Total Live Births,Tuolumne,5,1328,442.7,Live Births,2021-2023,0,0.0,Cases,2021-2023,100000,,Crude Case Rate,,,,,2030,STI-04,33.9,Y,,,3,Rates for zero events have not been calculated.
2025,23C,Reported Incidence of Congenital Syphilis,Total Live Births,Total Live Births,Amador,6,972,324.0,Live Births,2021-2023,0,0.0,Cases,2021-2023,100000,,Crude Case Rate,,,,,2030,STI-04,33.9,Y,,,3,Rates for zero events have not been calculated.
2025,23C,Reported Incidence of Congenital Syphilis,Total Live Births,Total Live Births,Lassen,7,814,271.3,Live Births,2021-2023,0,0.0,Cases,2021-2023,100000,,Crude Case Rate,,,,,2030,STI-04,33.9,Y,,,3,Rates for zero events have not been calculated.
2025,23C,Reported Incidence of Congenital Syphilis,Total Live Births,Total Live Births,Colusa,8,809,269.7,Live Births,2021-2023,0,0.0,Cases,2021-2023,100000,,Crude Case Rate,,,,,2030,STI-04,33.9,Y,,,3,Rates for zero events have not been calculated.
2025,23C,Reported Incidence of Congenital Syphilis,Total Live Births,Total Live Births,Del Norte,9,780,260.0,Live Births,2021-2023,0,0.0,Cases,2021-2023,100000,,Crude Case Rate,,,,,2030,STI-04,33.9,Y,,,3,Rates for zero events have not been calculated.
2025,23C,Reported Incidence of Congenital Syphilis,Total Live Births,Total Live Births,Mariposa,10,466,155.3,Live Births,2021-2023,0,0.0,Cases,2021-2023,100000,,Crude Case Rate,,,,,2030,STI-04,33.9,Y,,,3,Rates for zero events have not been calculated.
2025,23C,Reported Incidence of Congenital Syphilis,Total Live Births,Total Live Births,Inyo,11,447,149.0,Live Births,2021-2023,0,0.0,Cases,2021-2023,100000,,Crude Case Rate,,,,,2030,STI-04,33.9,Y,,,3,Rates for zero events have not been calculated.
2025,23C,Reported Incidence of Congenital Syphilis,Total Live Births,Total Live Births,Plumas,12,438,146.0,Live Births,2021-2023,0,0.0,Cases,2021-2023,100000,,Crude Case Rate,,,,,2030,STI-04,33.9,Y,,,3,Rates for zero events have not been calculated.
2025,23C,Reported Incidence of Congenital Syphilis,Total Live Births,Total Live Births,Mono,13,371,123.7,Live Births,2021-2023,0,0.0,Cases,2021-2023,100000,,Crude Case Rate,,,,,2030,STI-04,33.9,Y,,,3,Rates for zero events have not been calculated.
2025,23C,Reported Incidence of Congenital Syphilis,Total Live Births,Total Live Births,Trinity,14,311,103.7,Live Births,2021-2023,0,0.0,Cases,2021-2023,100000,,Crude Case Rate,,,,,2030,STI-04,33.9,Y,,,3,Rates for zero events have not been calculated.
2025,23C,Reported Incidence of Congenital Syphilis,Total Live Births,Total Live Births,Modoc,15,251,83.7,Live Births,2021-2023,0,0.0,Cases,2021-2023,100000,,Crude Case Rate,,,,,2030,STI-04,33.9,Y,,,3,Rates for zero events have not been calculated.
2025,23C,Reported Incidence of Congenital Syphilis,Total Live Births,Total Live Births,Sierra,16,61,20.3,Live Births,2021-2023,0,0.0,Cases,2021-2023,100000,,Crude Case Rate,,,,,2030,STI-04,33.9,Y,,,3,Rates for zero events have not been calculated.
2025,23C,Reported Incidence of Congenital Syphilis,Total Live Births,Total Live Births,Alpine,17,18,6.0,Live Births,2021-2023,0,0.0,Cases,2021-2023,100000,,Crude Case Rate,,,,,2030,STI-04,33.9,Y,,,3,Rates for zero events have not been calculated.
2025,23C,Reported Incidence of Congenital Syphilis,Total Live Births,Total Live Births,San Mateo,,22171,7390.3,Live Births,2021-2023,,,Cases,2021-2023,100000,,Crude Case Rate,,,,,2030,STI-04,33.9,Y,,1,1,Numerator values and rates based on fewer than 11 events have been suppressed.
2025,23C,Reported Incidence of Congenital Syphilis,Total Live Births,Total Live Births,Contra Costa,18,34729,11576.3,Live Births,2021-2023,12,4.0,Cases,2021-2023,100000,34.6,Crude Case Rate,,,17.9,60.4,2030,STI-04,33.9,N,,,4,Rates with a relative standard error greater than or equal to 23 percent are deemed unreliable.
2025,23C,Reported Incidence of Congenital Syphilis,Total Live Births,Total Live Births,San Francisco,19,21365,7121.7,Live Births,2021-2023,12,4.0,Cases,2021-2023,100000,56.2,Crude Case Rate,,,29.0,98.1,2030,STI-04,33.9,N,,,4,Rates with a relative standard error greater than or equal to 23 percent are deemed unreliable.
2025,23C,Reported Incidence of Congenital Syphilis,Total Live Births,Total Live Births,Santa Clara,20,56435,18811.7,Live Births,2021-2023,32,10.7,Cases,2021-2023,100000,56.7,Crude Case Rate,,,38.8,80.0,2030,STI-04,33.9,N,,,,
2025,23C,Reported Incidence of Congenital Syphilis,Total Live Births,Total Live Births,Ventura,21,25987,8662.3,Live Births,2021-2023,20,6.7,Cases,2021-2023,100000,77.0,Crude Case Rate,,,47.0,118.9,2030,STI-04,33.9,N,,,,
2025,23C,Reported Incidence of Congenital Syphilis,Total Live Births,Total Live Births,Santa Barbara,22,16591,5530.3,Live Births,2021-2023,14,4.7,Cases,2021-2023,100000,84.4,Crude Case Rate,,,46.1,141.6,2030,STI-04,33.9,N,,,4,Rates with a relative standard error greater than or equal to 23 percent are deemed unreliable.
2025,23C,Reported Incidence of Congenital Syphilis,Total Live Births,Total Live Births,Alameda,23,49733,16577.7,Live Births,2021-2023,42,14.0,Cases,2021-2023,100000,84.5,Crude Case Rate,,,60.9,114.2,2030,STI-04,33.9,N,,,,
2025,23C,Reported Incidence of Congenital Syphilis,Total Live Births,Total Live Births,Orange,24,91450,30483.3,Live Births,2021-2023,78,26.0,Cases,2021-2023,100000,85.3,Crude Case Rate,,,67.4,106.4,2030,STI-04,33.9,N,,,,
2025,23C,Reported Incidence of Congenital Syphilis,Total Live Births,Total Live Births,San Diego,25,111022,37007.3,Live Births,2021-2023,103,34.3,Cases,2021-2023,100000,92.8,Crude Case Rate,,,74.9,110.7,2030,STI-04,33.9,N,,,,
2025,23C,Reported Incidence of Congenital Syphilis,Total Live Births,Total Live Births,Sacramento,26,53939,17979.7,Live Births,2021-2023,70,23.3,Cases,2021-2023,100000,129.8,Crude Case Rate,,,101.2,164.0,2030,STI-04,33.9,N,,,,
2025,23C,Reported Incidence of Congenital Syphilis,Total Live Births,Total Live Births,CALIFORNIA,,1240266,413422.0,Live Births,2021-2023,1665,555.0,Cases,2021-2023,100000,134.2,Crude Case Rate,,,127.8,140.7,2030,STI-04,33.9,N,,,,
2025,23C,Reported Incidence of Congenital Syphilis,Total Live Births,Total Live Births,Los Angeles,27,281890,93963.3,Live Births,2021-2023,404,134.7,Cases,2021-2023,100000,143.3,Crude Case Rate,,,129.3,157.3,2030,STI-04,33.9,N,,,,
2025,23C,Reported Incidence of Congenital Syphilis,Total Live Births,Total Live Births,Riverside,28,81979,27326.3,Live Births,2021-2023,126,42.0,Cases,2021-2023,100000,153.7,Crude Case Rate,,,126.9,180.5,2030,STI-04,33.9,N,,,,
2025,23C,Reported Incidence of Congenital Syphilis,Total Live Births,Total Live Births,Merced,29,11500,3833.3,Live Births,2021-2023,19,6.3,Cases,2021-2023,100000,165.2,Crude Case Rate,,,99.5,258.0,2030,STI-04,33.9,N,,,4,Rates with a relative standard error greater than or equal to 23 percent are deemed unreliable.
2025,23C,Reported Incidence of Congenital Syphilis,Total Live Births,Total Live Births,San Joaquin,30,29441,9813.7,Live Births,2021-2023,56,18.7,Cases,2021-2023,100000,190.2,Crude Case Rate,,,143.7,247.0,2030,STI-04,33.9,N,,,,
2025,23C,Reported Incidence of Congenital Syphilis,Total Live Births,Total Live Births,Tulare,31,20206,6735.3,Live Births,2021-2023,39,13.0,Cases,2021-2023,100000,193.0,Crude Case Rate,,,137.3,263.9,2030,STI-04,33.9,N,,,,
2025,23C,Reported Incidence of Congenital Syphilis,Total Live Births,Total Live Births,San Bernardino,32,78060,26020.0,Live Births,2021-2023,164,54.7,Cases,2021-2023,100000,210.1,Crude Case Rate,,,177.9,242.2,2030,STI-04,33.9,N,,,,
2025,23C,Reported Incidence of Congenital Syphilis,Total Live Births,Total Live Births,Fresno,33,41022,13674.0,Live Births,2021-2023,94,31.3,Cases,2021-2023,100000,229.1,Crude Case Rate,,,185.2,280.4,2030,STI-04,33.9,N,,,,
2025,23C,Reported Incidence of Congenital Syphilis,Total Live Births,Total Live Births,Butte,34,6033,2011.0,Live Births,2021-2023,16,5.3,Cases,2021-2023,100000,265.2,Crude Case Rate,,,151.6,430.7,2030,STI-04,33.9,N,,,4,Rates with a relative standard error greater than or equal to 23 percent are deemed unreliable.
2025,23C,Reported Incidence of Congenital Syphilis,Total Live Births,Total Live Births,Stanislaus,35,20941,6980.3,Live Births,2021-2023,58,19.3,Cases,2021-2023,100000,277.0,Crude Case Rate,,,210.3,358.0,2030,STI-04,33.9,N,,,,
2025,23C,Reported Incidence of Congenital Syphilis,Total Live Births,Total Live Births,Shasta,36,5436,1812.0,Live Births,2021-2023,16,5.3,Cases,2021-2023,100000,294.3,Crude Case Rate,,,168.2,478.0,2030,STI-04,33.9,N,,,4,Rates with a relative standard error greater than or equal to 23 percent are deemed unreliable.
2025,23C,Reported Incidence of Congenital Syphilis,Total Live Births,Total Live Births,Imperial,37,7460,2486.7,Live Births,2021-2023,27,9.0,Cases,2021-2023,100000,361.9,Crude Case Rate,,,238.5,526.6,2030,STI-04,33.9,N,,,,
2025,23C,Reported Incidence of Congenital Syphilis,Total Live Births,Total Live Births,Kern,38,37067,12355.7,Live Births,2021-2023,140,46.7,Cases,2021-2023,100000,377.7,Crude Case Rate,,,315.1,440.3,2030,STI-04,33.9,N,,,,
2025,23C,Reported Incidence of Congenital Syphilis,Total Live Births,Total Live Births,Yuba,39,3486,1162.0,Live Births,2021-2023,14,4.7,Cases,2021-2023,100000,401.6,Crude Case Rate,,,219.6,673.8,2030,STI-04,33.9,N,,,4,Rates with a relative standard error greater than or equal to 23 percent are deemed unreliable.
2025,23C,Reported Incidence of Congenital Syphilis,Total Live Births,Total Live Births,Calaveras,,1140,380.0,Live Births,2021-2023,,,Cases,2021-2023,100000,,Crude Case Rate,,,,,2030,STI-04,33.9,N,,1,1,Numerator values and rates based on fewer than 11 events have been suppressed.
2025,23C,Reported Incidence of Congenital Syphilis,Total Live Births,Total Live Births,El Dorado,,4596,1532.0,Live Births,2021-2023,,,Cases,2021-2023,100000,,Crude Case Rate,,,,,2030,STI-04,33.9,N,,1,1,Numerator values and rates based on fewer than 11 events have been suppressed.
2025,23C,Reported Incidence of Congenital Syphilis,Total Live Births,Total Live Births,Glenn,,1035,345.0,Live Births,2021-2023,,,Cases,2021-2023,100000,,Crude Case Rate,,,,,2030,STI-04,33.9,N,,1,1,Numerator values and rates based on fewer than 11 events have been suppressed.
2025,23C,Reported Incidence of Congenital Syphilis,Total Live Births,Total Live Births,Humboldt,,3538,1179.3,Live Births,2021-2023,,,Cases,2021-2023,100000,,Crude Case Rate,,,,,2030,STI-04,33.9,N,,1,1,Numerator values and rates based on fewer than 11 events have been suppressed.
2025,23C,Reported Incidence of Congenital Syphilis,Total Live Births,Total Live Births,Kings,,6234,2078.0,Live Births,2021-2023,,,Cases,2021-2023,100000,,Crude Case Rate,,,,,2030,STI-04,33.9,N,,1,1,Numerator values and rates based on fewer than 11 events have been suppressed.
2025,23C,Reported Incidence of Congenital Syphilis,Total Live Births,Total Live Births,Lake,,1954,651.3,Live Births,2021-2023,,,Cases,2021-2023,100000,,Crude Case Rate,,,,,2030,STI-04,33.9,N,,1,1,Numerator values and rates based on fewer than 11 events have been suppressed.
2025,23C,Reported Incidence of Congenital Syphilis,Total Live Births,Total Live Births,Madera,,6402,2134.0,Live Births,2021-2023,,,Cases,2021-2023,100000,,Crude Case Rate,,,,,2030,STI-04,33.9,N,,1,1,Numerator values and rates based on fewer than 11 events have been suppressed.
2025,23C,Reported Incidence of Congenital Syphilis,Total Live Births,Total Live Births,Monterey,,16482,5494.0,Live Births,2021-2023,,,Cases,2021-2023,100000,,Crude Case Rate,,,,,2030,STI-04,33.9,N,,1,1,Numerator values and rates based on fewer than 11 events have been suppressed.
2025,23C,Reported Incidence of Congenital Syphilis,Total Live Births,Total Live Births,Nevada,,2362,787.3,Live Births,2021-2023,,,Cases,2021-2023,100000,,Crude Case Rate,,,,,2030,STI-04,33.9,N,,1,1,Numerator values and rates based on fewer than 11 events have been suppressed.
2025,23C,Reported Incidence of Congenital Syphilis,Total Live Births,Total Live Births,Placer,,11378,3792.7,Live Births,2021-2023,,,Cases,2021-2023,100000,,Crude Case Rate,,,,,2030,STI-04,33.9,N,,1,1,Numerator values and rates based on fewer than 11 events have been suppressed.
2025,23C,Reported Incidence of Congenital Syphilis,Total Live Births,Total Live Births,San Luis Obispo,,7306,2435.3,Live Births,2021-2023,,,Cases,2021-2023,100000,,Crude Case Rate,,,,,2030,STI-04,33.9,N,,1,1,Numerator values and rates based on fewer than 11 events have been suppressed.
2025,23C,Reported Incidence of Congenital Syphilis,Total Live Births,Total Live Births,Santa Cruz,,6699,2233.0,Live Births,2021-2023,,,Cases,2021-2023,100000,,Crude Case Rate,,,,,2030,STI-04,33.9,N,,1,1,Numerator values and rates based on fewer than 11 events have been suppressed.
2025,23C,Reported Incidence of Congenital Syphilis,Total Live Births,Total Live Births,Siskiyou,,1174,391.3,Live Births,2021-2023,,,Cases,2021-2023,100000,,Crude Case Rate,,,,,2030,STI-04,33.9,N,,1,1,Numerator values and rates based on fewer than 11 events have been suppressed.
2025,23C,Reported Incidence of Congenital Syphilis,Total Live Births,Total Live Births,Solano,,14469,4823.0,Live Births,2021-2023,,,Cases,2021-2023,100000,,Crude Case Rate,,,,,2030,STI-04,33.9,N,,1,1,Numerator values and rates based on fewer than 11 events have been suppressed.
2025,23C,Reported Incidence of Congenital Syphilis,Total Live Births,Total Live Births,Sonoma,,13340,4446.7,Live Births,2021-2023,,,Cases,2021-2023,100000,,Crude Case Rate,,,,,2030,STI-04,33.9,N,,1,1,Numerator values and rates based on fewer than 11 events have been suppressed.
2025,23C,Reported Incidence of Congenital Syphilis,Total Live Births,Total Live Births,Sutter,,3700,1233.3,Live Births,2021-2023,,,Cases,2021-2023,100000,,Crude Case Rate,,,,,2030,STI-04,33.9,N,,1,1,Numerator values and rates based on fewer than 11 events have been suppressed.
2025,23C,Reported Incidence of Congenital Syphilis,Total Live Births,Total Live Births,Tehama,,2302,767.3,Live Births,2021-2023,,,Cases,2021-2023,100000,,Crude Case Rate,,,,,2030,STI-04,33.9,N,,1,1,Numerator values and rates based on fewer than 11 events have been suppressed.
2025,23C,Reported Incidence of Congenital Syphilis,Total Live Births,Total Live Births,Yolo,,5772,1924.0,Live Births,2021-2023,,,Cases,2021-2023,100000,,Crude Case Rate,,,,,2030,STI-04,33.9,N,,1,1,Numerator values and rates based on fewer than 11 events have been suppressed.
2025,23F,Reported Incidence of Primary and Secondary Syphilis among Females 15 to 44 Years Old,Age * Sex,15-44 Years Old * Female,Inyo,1,2590,2590.0,Female Population 15-44 Years Old,2022,0,0.0,Cases,2021-2023,100000,,Crude Case Rate,,,,,2030,STI-03,4.6,Y,,,3,Rates for zero events have not been calculated.
2025,23F,Reported Incidence of Primary and Secondary Syphilis among Females 15 to 44 Years Old,Age * Sex,15-44 Years Old * Female,Modoc,2,1483,1483.0,Female Population 15-44 Years Old,2022,0,0.0,Cases,2021-2023,100000,,Crude Case Rate,,,,,2030,STI-03,4.6,Y,,,3,Rates for zero events have not been calculated.
2025,23F,Reported Incidence of Primary and Secondary Syphilis among Females 15 to 44 Years Old,Age * Sex,15-44 Years Old * Female,Sierra,3,393,393.0,Female Population 15-44 Years Old,2022,0,0.0,Cases,2021-2023,100000,,Crude Case Rate,,,,,2030,STI-03,4.6,Y,,,3,Rates for zero events have not been calculated.
2025,23F,Reported Incidence of Primary and Secondary Syphilis among Females 15 to 44 Years Old,Age * Sex,15-44 Years Old * Female,Alpine,4,194,194.0,Female Population 15-44 Years Old,2022,0,0.0,Cases,2021-2023,100000,,Crude Case Rate,,,,,2030,STI-03,4.6,Y,,,3,Rates for zero events have not been calculated.
2025,23F,Reported Incidence of Primary and Secondary Syphilis among Females 15 to 44 Years Old,Age * Sex,15-44 Years Old * Female,San Benito,,12789,12789.0,Female Population 15-44 Years Old,2022,,,Cases,2021-2023,100000,,Crude Case Rate,,,,,2030,STI-03,4.6,Y,,1,1,Numerator values and rates based on fewer than 11 events have been suppressed.
2025,23F,Reported Incidence of Primary and Secondary Syphilis among Females 15 to 44 Years Old,Age * Sex,15-44 Years Old * Female,San Luis Obispo,,49410,49410.0,Female Population 15-44 Years Old,2022,,,Cases,2021-2023,100000,,Crude Case Rate,,,,,2030,STI-03,4.6,Y,,1,1,Numerator values and rates based on fewer than 11 events have been suppressed.
2025,23F,Reported Incidence of Primary and Secondary Syphilis among Females 15 to 44 Years Old,Age * Sex,15-44 Years Old * Female,San Mateo,5,135829,135829.0,Female Population 15-44 Years Old,2022,29,9.7,Cases,2021-2023,100000,7.1,Crude Case Rate,,,4.8,10.2,2030,STI-03,4.6,N,,,,
2025,23F,Reported Incidence of Primary and Secondary Syphilis among Females 15 to 44 Years Old,Age * Sex,15-44 Years Old * Female,Santa Clara,6,375994,375994.0,Female Population 15-44 Years Old,2022,89,29.7,Cases,2021-2023,100000,7.9,Crude Case Rate,,,6.3,9.7,2030,STI-03,4.6,N,,,,
2025,23F,Reported Incidence of Primary and Secondary Syphilis among Females 15 to 44 Years Old,Age * Sex,15-44 Years Old * Female,Ventura,7,159363,159363.0,Female Population 15-44 Years Old,2022,45,15.0,Cases,2021-2023,100000,9.4,Crude Case Rate,,,6.9,12.6,2030,STI-03,4.6,N,,,,
2025,23F,Reported Incidence of Primary and Secondary Syphilis among Females 15 to 44 Years Old,Age * Sex,15-44 Years Old * Female,Marin,8,37607,37607.0,Female Population 15-44 Years Old,2022,11,3.7,Cases,2021-2023,100000,9.7,Crude Case Rate,,,4.9,17.4,2030,STI-03,4.6,N,,,4,Rates with a relative standard error greater than or equal to 23 percent are deemed unreliable.
2025,23F,Reported Incidence of Primary and Secondary Syphilis among Females 15 to 44 Years Old,Age * Sex,15-44 Years Old * Female,Placer,9,73229,73229.0,Female Population 15-44 Years Old,2022,22,7.3,Cases,2021-2023,100000,10.0,Crude Case Rate,,,6.3,15.2,2030,STI-03,4.6,N,,,,
2025,23F,Reported Incidence of Primary and Secondary Syphilis among Females 15 to 44 Years Old,Age * Sex,15-44 Years Old * Female,Orange,10,603091,603091.0,Female Population 15-44 Years Old,2022,196,65.3,Cases,2021-2023,100000,10.8,Crude Case Rate,,,9.3,12.3,2030,STI-03,4.6,N,,,,
2025,23F,Reported Incidence of Primary and Secondary Syphilis among Females 15 to 44 Years Old,Age * Sex,15-44 Years Old * Female,Alameda,11,349842,349842.0,Female Population 15-44 Years Old,2022,115,38.3,Cases,2021-2023,100000,11.0,Crude Case Rate,,,9.0,13.0,2030,STI-03,4.6,N,,,,
2025,23F,Reported Incidence of Primary and Secondary Syphilis among Females 15 to 44 Years Old,Age * Sex,15-44 Years Old * Female,San Diego,12,635558,635558.0,Female Population 15-44 Years Old,2022,218,72.7,Cases,2021-2023,100000,11.4,Crude Case Rate,,,9.9,13.0,2030,STI-03,4.6,N,,,,
2025,23F,Reported Incidence of Primary and Secondary Syphilis among Females 15 to 44 Years Old,Age * Sex,15-44 Years Old * Female,Riverside,13,490741,490741.0,Female Population 15-44 Years Old,2022,177,59.0,Cases,2021-2023,100000,12.0,Crude Case Rate,,,10.3,13.8,2030,STI-03,4.6,N,,,,
2025,23F,Reported Incidence of Primary and Secondary Syphilis among Females 15 to 44 Years Old,Age * Sex,15-44 Years Old * Female,Santa Barbara,14,93473,93473.0,Female Population 15-44 Years Old,2022,36,12.0,Cases,2021-2023,100000,12.8,Crude Case Rate,,,9.0,17.8,2030,STI-03,4.6,N,,,,
2025,23F,Reported Incidence of Primary and Secondary Syphilis among Females 15 to 44 Years Old,Age * Sex,15-44 Years Old * Female,Imperial,15,36591,36591.0,Female Population 15-44 Years Old,2022,14,4.7,Cases,2021-2023,100000,12.8,Crude Case Rate,,,7.0,21.4,2030,STI-03,4.6,N,,,4,Rates with a relative standard error greater than or equal to 23 percent are deemed unreliable.
2025,23F,Reported Incidence of Primary and Secondary Syphilis among Females 15 to 44 Years Old,Age * Sex,15-44 Years Old * Female,Yolo,16,55598,55598.0,Female Population 15-44 Years Old,2022,22,7.3,Cases,2021-2023,100000,13.2,Crude Case Rate,,,8.3,20.0,2030,STI-03,4.6,N,,,,
2025,23F,Reported Incidence of Primary and Secondary Syphilis among Females 15 to 44 Years Old,Age * Sex,15-44 Years Old * Female,Contra Costa,17,215704,215704.0,Female Population 15-44 Years Old,2022,92,30.7,Cases,2021-2023,100000,14.2,Crude Case Rate,,,11.5,17.4,2030,STI-03,4.6,N,,,,
2025,23F,Reported Incidence of Primary and Secondary Syphilis among Females 15 to 44 Years Old,Age * Sex,15-44 Years Old * Female,San Francisco,18,191030,191030.0,Female Population 15-44 Years Old,2022,84,28.0,Cases,2021-2023,100000,14.7,Crude Case Rate,,,11.7,18.1,2030,STI-03,4.6,N,,,,
2025,23F,Reported Incidence of Primary and Secondary Syphilis among Females 15 to 44 Years Old,Age * Sex,15-44 Years Old * Female,Sonoma,19,89360,89360.0,Female Population 15-44 Years Old,2022,45,15.0,Cases,2021-2023,100000,16.8,Crude Case Rate,,,12.2,22.5,2030,STI-03,4.6,N,,,,
2025,23F,Reported Incidence of Primary and Secondary Syphilis among Females 15 to 44 Years Old,Age * Sex,15-44 Years Old * Female,Madera,20,35793,35793.0,Female Population 15-44 Years Old,2022,18,6.0,Cases,2021-2023,100000,16.8,Crude Case Rate,,,9.9,26.5,2030,STI-03,4.6,N,,,4,Rates with a relative standard error greater than or equal to 23 percent are deemed unreliable.
2025,23F,Reported Incidence of Primary and Secondary Syphilis among Females 15 to 44 Years Old,Age * Sex,15-44 Years Old * Female,Humboldt,21,26140,26140.0,Female Population 15-44 Years Old,2022,14,4.7,Cases,2021-2023,100000,17.9,Crude Case Rate,,,9.8,30.0,2030,STI-03,4.6,N,,,4,Rates with a relative standard error greater than or equal to 23 percent are deemed unreliable.
2025,23F,Reported Incidence of Primary and Secondary Syphilis among Females 15 to 44 Years Old,Age * Sex,15-44 Years Old * Female,Monterey,22,85621,85621.0,Female Population 15-44 Years Old,2022,47,15.7,Cases,2021-2023,100000,18.3,Crude Case Rate,,,13.4,24.3,2030,STI-03,4.6,N,,,,
2025,23F,Reported Incidence of Primary and Secondary Syphilis among Females 15 to 44 Years Old,Age * Sex,15-44 Years Old * Female,CALIFORNIA,,7838941,7838941.0,Female Population 15-44 Years Old,2022,4471,1490.3,Cases,2021-2023,100000,19.0,Crude Case Rate,,,18.5,19.6,2030,STI-03,4.6,N,,,,
2025,23F,Reported Incidence of Primary and Secondary Syphilis among Females 15 to 44 Years Old,Age * Sex,15-44 Years Old * Female,San Bernardino,23,457536,457536.0,Female Population 15-44 Years Old,2022,283,94.3,Cases,2021-2023,100000,20.6,Crude Case Rate,,,18.2,23.0,2030,STI-03,4.6,N,,,,
2025,23F,Reported Incidence of Primary and Secondary Syphilis among Females 15 to 44 Years Old,Age * Sex,15-44 Years Old * Female,Los Angeles,24,2017180,2017180.0,Female Population 15-44 Years Old,2022,1257,419.0,Cases,2021-2023,100000,20.8,Crude Case Rate,,,19.6,21.9,2030,STI-03,4.6,N,,,,
2025,23F,Reported Incidence of Primary and Secondary Syphilis among Females 15 to 44 Years Old,Age * Sex,15-44 Years Old * Female,Kings,25,30687,30687.0,Female Population 15-44 Years Old,2022,25,8.3,Cases,2021-2023,100000,27.2,Crude Case Rate,,,17.6,40.1,2030,STI-03,4.6,N,,,,
2025,23F,Reported Incidence of Primary and Secondary Syphilis among Females 15 to 44 Years Old,Age * Sex,15-44 Years Old * Female,Merced,26,61617,61617.0,Female Population 15-44 Years Old,2022,53,17.7,Cases,2021-2023,100000,28.7,Crude Case Rate,,,21.5,37.5,2030,STI-03,4.6,N,,,,
2025,23F,Reported Incidence of Primary and Secondary Syphilis among Females 15 to 44 Years Old,Age * Sex,15-44 Years Old * Female,Fresno,27,214051,214051.0,Female Population 15-44 Years Old,2022,188,62.7,Cases,2021-2023,100000,29.3,Crude Case Rate,,,25.1,33.5,2030,STI-03,4.6,N,,,,
2025,23F,Reported Incidence of Primary and Secondary Syphilis among Females 15 to 44 Years Old,Age * Sex,15-44 Years Old * Female,Kern,28,192129,192129.0,Female Population 15-44 Years Old,2022,171,57.0,Cases,2021-2023,100000,29.7,Crude Case Rate,,,25.2,34.1,2030,STI-03,4.6,N,,,,
2025,23F,Reported Incidence of Primary and Secondary Syphilis among Females 15 to 44 Years Old,Age * Sex,15-44 Years Old * Female,Solano,29,84926,84926.0,Female Population 15-44 Years Old,2022,78,26.0,Cases,2021-2023,100000,30.6,Crude Case Rate,,,24.2,38.2,2030,STI-03,4.6,N,,,,
2025,23F,Reported Incidence of Primary and Secondary Syphilis among Females 15 to 44 Years Old,Age * Sex,15-44 Years Old * Female,Santa Cruz,30,53190,53190.0,Female Population 15-44 Years Old,2022,49,16.3,Cases,2021-2023,100000,30.7,Crude Case Rate,,,22.7,40.6,2030,STI-03,4.6,N,,,,
2025,23F,Reported Incidence of Primary and Secondary Syphilis among Females 15 to 44 Years Old,Age * Sex,15-44 Years Old * Female,San Joaquin,31,156666,156666.0,Female Population 15-44 Years Old,2022,145,48.3,Cases,2021-2023,100000,30.9,Crude Case Rate,,,25.8,35.9,2030,STI-03,4.6,N,,,,
2025,23F,Reported Incidence of Primary and Secondary Syphilis among Females 15 to 44 Years Old,Age * Sex,15-44 Years Old * Female,Tulare,32,100685,100685.0,Female Population 15-44 Years Old,2022,94,31.3,Cases,2021-2023,100000,31.1,Crude Case Rate,,,25.1,38.1,2030,STI-03,4.6,N,,,,
2025,23F,Reported Incidence of Primary and Secondary Syphilis among Females 15 to 44 Years Old,Age * Sex,15-44 Years Old * Female,Sacramento,33,318311,318311.0,Female Population 15-44 Years Old,2022,323,107.7,Cases,2021-2023,100000,33.8,Crude Case Rate,,,30.1,37.5,2030,STI-03,4.6,N,,,,
2025,23F,Reported Incidence of Primary and Secondary Syphilis among Females 15 to 44 Years Old,Age * Sex,15-44 Years Old * Female,Sutter,34,19809,19809.0,Female Population 15-44 Years Old,2022,22,7.3,Cases,2021-2023,100000,37.0,Crude Case Rate,,,23.2,56.0,2030,STI-03,4.6,N,,,,
2025,23F,Reported Incidence of Primary and Secondary Syphilis among Females 15 to 44 Years Old,Age * Sex,15-44 Years Old * Female,Stanislaus,35,116912,116912.0,Female Population 15-44 Years Old,2022,137,45.7,Cases,2021-2023,100000,39.1,Crude Case Rate,,,32.5,45.6,2030,STI-03,4.6,N,,,,
2025,23F,Reported Incidence of Primary and Secondary Syphilis among Females 15 to 44 Years Old,Age * Sex,15-44 Years Old * Female,Butte,36,47485,47485.0,Female Population 15-44 Years Old,2022,72,24.0,Cases,2021-2023,100000,50.5,Crude Case Rate,,,39.5,63.6,2030,STI-03,4.6,N,,,,
2025,23F,Reported Incidence of Primary and Secondary Syphilis among Females 15 to 44 Years Old,Age * Sex,15-44 Years Old * Female,Yuba,37,15810,15810.0,Female Population 15-44 Years Old,2022,24,8.0,Cases,2021-2023,100000,50.6,Crude Case Rate,,,32.4,75.3,2030,STI-03,4.6,N,,,,
2025,23F,Reported Incidence of Primary and Secondary Syphilis among Females 15 to 44 Years Old,Age * Sex,15-44 Years Old * Female,Mendocino,38,14881,14881.0,Female Population 15-44 Years Old,2022,23,7.7,Cases,2021-2023,100000,51.5,Crude Case Rate,,,32.7,77.3,2030,STI-03,4.6,N,,,,
2025,23F,Reported Incidence of Primary and Secondary Syphilis among Females 15 to 44 Years Old,Age * Sex,15-44 Years Old * Female,Tehama,39,11706,11706.0,Female Population 15-44 Years Old,2022,29,9.7,Cases,2021-2023,100000,82.6,Crude Case Rate,,,55.3,118.6,2030,STI-03,4.6,N,,,,
2025,23F,Reported Incidence of Primary and Secondary Syphilis among Females 15 to 44 Years Old,Age * Sex,15-44 Years Old * Female,Shasta,40,32162,32162.0,Female Population 15-44 Years Old,2022,80,26.7,Cases,2021-2023,100000,82.9,Crude Case Rate,,,65.7,103.2,2030,STI-03,4.6,N,,,,
2025,23F,Reported Incidence of Primary and Secondary Syphilis among Females 15 to 44 Years Old,Age * Sex,15-44 Years Old * Female,Del Norte,41,4209,4209.0,Female Population 15-44 Years Old,2022,16,5.3,Cases,2021-2023,100000,126.7,Crude Case Rate,,,72.4,205.8,2030,STI-03,4.6,N,,,4,Rates with a relative standard error greater than or equal to 23 percent are deemed unreliable.
2025,23F,Reported Incidence of Primary and Secondary Syphilis among Females 15 to 44 Years Old,Age * Sex,15-44 Years Old * Female,Lake,42,10421,10421.0,Female Population 15-44 Years Old,2022,42,14.0,Cases,2021-2023,100000,134.3,Crude Case Rate,,,96.8,181.6,2030,STI-03,4.6,N,,,,
2025,23F,Reported Incidence of Primary and Secondary Syphilis among Females 15 to 44 Years Old,Age * Sex,15-44 Years Old * Female,Siskiyou,43,6934,6934.0,Female Population 15-44 Years Old,2022,31,10.3,Cases,2021-2023,100000,149.0,Crude Case Rate,,,101.3,211.5,2030,STI-03,4.6,N,,,,
2025,23F,Reported Incidence of Primary and Secondary Syphilis among Females 15 to 44 Years Old,Age * Sex,15-44 Years Old * Female,Amador,,4737,4737.0,Female Population 15-44 Years Old,2022,,,Cases,2021-2023,100000,,Crude Case Rate,,,,,2030,STI-03,4.6,N,,1,1,Numerator values and rates based on fewer than 11 events have been suppressed.
2025,23F,Reported Incidence of Primary and Secondary Syphilis among Females 15 to 44 Years Old,Age * Sex,15-44 Years Old * Female,Calaveras,,6171,6171.0,Female Population 15-44 Years Old,2022,,,Cases,2021-2023,100000,,Crude Case Rate,,,,,2030,STI-03,4.6,N,,1,1,Numerator values and rates based on fewer than 11 events have been suppressed.
2025,23F,Reported Incidence of Primary and Secondary Syphilis among Females 15 to 44 Years Old,Age * Sex,15-44 Years Old * Female,Colusa,,4369,4369.0,Female Population 15-44 Years Old,2022,,,Cases,2021-2023,100000,,Crude Case Rate,,,,,2030,STI-03,4.6,N,,1,1,Numerator values and rates based on fewer than 11 events have been suppressed.
2025,23F,Reported Incidence of Primary and Secondary Syphilis among Females 15 to 44 Years Old,Age * Sex,15-44 Years Old * Female,El Dorado,,32430,32430.0,Female Population 15-44 Years Old,2022,,,Cases,2021-2023,100000,,Crude Case Rate,,,,,2030,STI-03,4.6,N,,1,1,Numerator values and rates based on fewer than 11 events have been suppressed.
2025,23F,Reported Incidence of Primary and Secondary Syphilis among Females 15 to 44 Years Old,Age * Sex,15-44 Years Old * Female,Glenn,,5616,5616.0,Female Population 15-44 Years Old,2022,,,Cases,2021-2023,100000,,Crude Case Rate,,,,,2030,STI-03,4.6,N,,1,1,Numerator values and rates based on fewer than 11 events have been suppressed.
2025,23F,Reported Incidence of Primary and Secondary Syphilis among Females 15 to 44 Years Old,Age * Sex,15-44 Years Old * Female,Lassen,,3166,3166.0,Female Population 15-44 Years Old,2022,,,Cases,2021-2023,100000,,Crude Case Rate,,,,,2030,STI-03,4.6,N,,1,1,Numerator values and rates based on fewer than 11 events have been suppressed.
2025,23F,Reported Incidence of Primary and Secondary Syphilis among Females 15 to 44 Years Old,Age * Sex,15-44 Years Old * Female,Mariposa,,2446,2446.0,Female Population 15-44 Years Old,2022,,,Cases,2021-2023,100000,,Crude Case Rate,,,,,2030,STI-03,4.6,N,,1,1,Numerator values and rates based on fewer than 11 events have been suppressed.
2025,23F,Reported Incidence of Primary and Secondary Syphilis among Females 15 to 44 Years Old,Age * Sex,15-44 Years Old * Female,Mono,,2351,2351.0,Female Population 15-44 Years Old,2022,,,Cases,2021-2023,100000,,Crude Case Rate,,,,,2030,STI-03,4.6,N,,1,1,Numerator values and rates based on fewer than 11 events have been suppressed.
2025,23F,Reported Incidence of Primary and Secondary Syphilis among Females 15 to 44 Years Old,Age * Sex,15-44 Years Old * Female,Napa,,25880,25880.0,Female Population 15-44 Years Old,2022,,,Cases,2021-2023,100000,,Crude Case Rate,,,,,2030,STI-03,4.6,N,,1,1,Numerator values and rates based on fewer than 11 events have been suppressed.
2025,23F,Reported Incidence of Primary and Secondary Syphilis among Females 15 to 44 Years Old,Age * Sex,15-44 Years Old * Female,Nevada,,15137,15137.0,Female Population 15-44 Years Old,2022,,,Cases,2021-2023,100000,,Crude Case Rate,,,,,2030,STI-03,4.6,N,,1,1,Numerator values and rates based on fewer than 11 events have been suppressed.
2025,23F,Reported Incidence of Primary and Secondary Syphilis among Females 15 to 44 Years Old,Age * Sex,15-44 Years Old * Female,Plumas,,2879,2879.0,Female Population 15-44 Years Old,2022,,,Cases,2021-2023,100000,,Crude Case Rate,,,,,2030,STI-03,4.6,N,,1,1,Numerator values and rates based on fewer than 11 events have been suppressed.
2025,23F,Reported Incidence of Primary and Secondary Syphilis among Females 15 to 44 Years Old,Age * Sex,15-44 Years Old * Female,Trinity,,1871,1871.0,Female Population 15-44 Years Old,2022,,,Cases,2021-2023,100000,,Crude Case Rate,,,,,2030,STI-03,4.6,N,,1,1,Numerator values and rates based on fewer than 11 events have been suppressed.
2025,23F,Reported Incidence of Primary and Secondary Syphilis among Females 15 to 44 Years Old,Age * Sex,15-44 Years Old * Female,Tuolumne,,7158,7158.0,Female Population 15-44 Years Old,2022,,,Cases,2021-2023,100000,,Crude Case Rate,,,,,2030,STI-03,4.6,N,,1,1,Numerator values and rates based on fewer than 11 events have been suppressed.
2025,23M,Reported Incidence of Primary and Secondary Syphilis among Males All Ages,Sex,Male,Lassen,1,18645,18645.0,Male Population,2022,0,0.0,Cases,2021-2023,100000,,Crude Case Rate,,,,,2030,,,,,,3,Rates for zero events have not been calculated.
2025,23M,Reported Incidence of Primary and Secondary Syphilis among Males All Ages,Sex,Male,Sierra,2,1547,1547.0,Male Population,2022,0,0.0,Cases,2021-2023,100000,,Crude Case Rate,,,,,2030,,,,,,3,Rates for zero events have not been calculated.
2025,23M,Reported Incidence of Primary and Secondary Syphilis among Males All Ages,Sex,Male,Alpine,3,563,563.0,Male Population,2022,0,0.0,Cases,2021-2023,100000,,Crude Case Rate,,,,,2030,,,,,,3,Rates for zero events have not been calculated.
2025,23M,Reported Incidence of Primary and Secondary Syphilis among Males All Ages,Sex,Male,El Dorado,4,96124,96124.0,Male Population,2022,22,7.3,Cases,2021-2023,100000,7.6,Crude Case Rate,,,4.8,11.6,2030,,,,,,,
2025,23M,Reported Incidence of Primary and Secondary Syphilis among Males All Ages,Sex,Male,Placer,5,197703,197703.0,Male Population,2022,54,18.0,Cases,2021-2023,100000,9.1,Crude Case Rate,,,6.8,11.9,2030,,,,,,,
2025,23M,Reported Incidence of Primary and Secondary Syphilis among Males All Ages,Sex,Male,Imperial,6,97973,97973.0,Male Population,2022,27,9.0,Cases,2021-2023,100000,9.2,Crude Case Rate,,,6.1,13.4,2030,,,,,,,
2025,23M,Reported Incidence of Primary and Secondary Syphilis among Males All Ages,Sex,Male,Marin,7,127912,127912.0,Male Population,2022,37,12.3,Cases,2021-2023,100000,9.6,Crude Case Rate,,,6.8,13.3,2030,,,,,,,
2025,23M,Reported Incidence of Primary and Secondary Syphilis among Males All Ages,Sex,Male,Nevada,8,48738,48738.0,Male Population,2022,15,5.0,Cases,2021-2023,100000,10.3,Crude Case Rate,,,5.7,16.9,2030,,,,,,4,Rates with a relative standard error greater than or equal to 23 percent are deemed unreliable.
2025,23M,Reported Incidence of Primary and Secondary Syphilis among Males All Ages,Sex,Male,San Luis Obispo,9,143501,143501.0,Male Population,2022,49,16.3,Cases,2021-2023,100000,11.4,Crude Case Rate,,,8.4,15.0,2030,,,,,,,
2025,23M,Reported Incidence of Primary and Secondary Syphilis among Males All Ages,Sex,Male,Kings,10,85733,85733.0,Male Population,2022,36,12.0,Cases,2021-2023,100000,14.0,Crude Case Rate,,,9.8,19.4,2030,,,,,,,
2025,23M,Reported Incidence of Primary and Secondary Syphilis among Males All Ages,Sex,Male,San Benito,11,31153,31153.0,Male Population,2022,14,4.7,Cases,2021-2023,100000,15.0,Crude Case Rate,,,8.2,25.1,2030,,,,,,4,Rates with a relative standard error greater than or equal to 23 percent are deemed unreliable.
2025,23M,Reported Incidence of Primary and Secondary Syphilis among Males All Ages,Sex,Male,San Mateo,12,384374,384374.0,Male Population,2022,187,62.3,Cases,2021-2023,100000,16.2,Crude Case Rate,,,13.9,18.5,2030,,,,,,,
2025,23M,Reported Incidence of Primary and Secondary Syphilis among Males All Ages,Sex,Male,Monterey,13,230093,230093.0,Male Population,2022,118,39.3,Cases,2021-2023,100000,17.1,Crude Case Rate,,,14.0,20.2,2030,,,,,,,
2025,23M,Reported Incidence of Primary and Secondary Syphilis among Males All Ages,Sex,Male,Alameda,14,832969,832969.0,Male Population,2022,435,145.0,Cases,2021-2023,100000,17.4,Crude Case Rate,,,15.8,19.0,2030,,,,,,,
2025,23M,Reported Incidence of Primary and Secondary Syphilis among Males All Ages,Sex,Male,Amador,15,20732,20732.0,Male Population,2022,11,3.7,Cases,2021-2023,100000,17.7,Crude Case Rate,,,8.8,31.6,2030,,,,,,4,Rates with a relative standard error greater than or equal to 23 percent are deemed unreliable.
2025,23M,Reported Incidence of Primary and Secondary Syphilis among Males All Ages,Sex,Male,Santa Barbara,16,230302,230302.0,Male Population,2022,123,41.0,Cases,2021-2023,100000,17.8,Crude Case Rate,,,14.7,20.9,2030,,,,,,,
2025,23M,Reported Incidence of Primary and Secondary Syphilis among Males All Ages,Sex,Male,Sonoma,17,247991,247991.0,Male Population,2022,135,45.0,Cases,2021-2023,100000,18.1,Crude Case Rate,,,15.1,21.2,2030,,,,,,,
2025,23M,Reported Incidence of Primary and Secondary Syphilis among Males All Ages,Sex,Male,Santa Clara,18,1007158,1007158.0,Male Population,2022,556,185.3,Cases,2021-2023,100000,18.4,Crude Case Rate,,,16.9,19.9,2030,,,,,,,
2025,23M,Reported Incidence of Primary and Secondary Syphilis among Males All Ages,Sex,Male,Tuolumne,19,26908,26908.0,Male Population,2022,16,5.3,Cases,2021-2023,100000,19.8,Crude Case Rate,,,11.3,32.2,2030,,,,,,4,Rates with a relative standard error greater than or equal to 23 percent are deemed unreliable.
2025,23M,Reported Incidence of Primary and Secondary Syphilis among Males All Ages,Sex,Male,Ventura,20,425063,425063.0,Male Population,2022,262,87.3,Cases,2021-2023,100000,20.5,Crude Case Rate,,,18.1,23.0,2030,,,,,,,
2025,23M,Reported Incidence of Primary and Secondary Syphilis among Males All Ages,Sex,Male,Yolo,21,111388,111388.0,Male Population,2022,72,24.0,Cases,2021-2023,100000,21.5,Crude Case Rate,,,16.9,27.1,2030,,,,,,,
2025,23M,Reported Incidence of Primary and Secondary Syphilis among Males All Ages,Sex,Male,Contra Costa,22,574132,574132.0,Male Population,2022,392,130.7,Cases,2021-2023,100000,22.8,Crude Case Rate,,,20.5,25.0,2030,,,,,,,
2025,23M,Reported Incidence of Primary and Secondary Syphilis among Males All Ages,Sex,Male,Riverside,23,1248753,1248753.0,Male Population,2022,869,289.7,Cases,2021-2023,100000,23.2,Crude Case Rate,,,21.7,24.7,2030,,,,,,,
2025,23M,Reported Incidence of Primary and Secondary Syphilis among Males All Ages,Sex,Male,Mendocino,24,44272,44272.0,Male Population,2022,31,10.3,Cases,2021-2023,100000,23.3,Crude Case Rate,,,15.9,33.1,2030,,,,,,,
2025,23M,Reported Incidence of Primary and Secondary Syphilis among Males All Ages,Sex,Male,Orange,25,1603382,1603382.0,Male Population,2022,1180,393.3,Cases,2021-2023,100000,24.5,Crude Case Rate,,,23.1,25.9,2030,,,,,,,
2025,23M,Reported Incidence of Primary and Secondary Syphilis among Males All Ages,Sex,Male,San Diego,26,1692388,1692388.0,Male Population,2022,1353,451.0,Cases,2021-2023,100000,26.6,Crude Case Rate,,,25.2,28.1,2030,,,,,,,
2025,23M,Reported Incidence of Primary and Secondary Syphilis among Males All Ages,Sex,Male,Madera,27,79294,79294.0,Male Population,2022,64,21.3,Cases,2021-2023,100000,26.9,Crude Case Rate,,,20.7,34.4,2030,,,,,,,
2025,23M,Reported Incidence of Primary and Secondary Syphilis among Males All Ages,Sex,Male,Humboldt,28,67337,67337.0,Male Population,2022,55,18.3,Cases,2021-2023,100000,27.2,Crude Case Rate,,,20.5,35.4,2030,,,,,,,
2025,23M,Reported Incidence of Primary and Secondary Syphilis among Males All Ages,Sex,Male,San Bernardino,29,1104357,1104357.0,Male Population,2022,916,305.3,Cases,2021-2023,100000,27.6,Crude Case Rate,,,25.9,29.4,2030,,,,,,,
2025,23M,Reported Incidence of Primary and Secondary Syphilis among Males All Ages,Sex,Male,San Joaquin,30,392561,392561.0,Male Population,2022,327,109.0,Cases,2021-2023,100000,27.8,Crude Case Rate,,,24.8,30.8,2030,,,,,,,
2025,23M,Reported Incidence of Primary and Secondary Syphilis among Males All Ages,Sex,Male,Santa Cruz,31,138426,138426.0,Male Population,2022,120,40.0,Cases,2021-2023,100000,28.9,Crude Case Rate,,,23.7,34.1,2030,,,,,,,
2025,23M,Reported Incidence of Primary and Secondary Syphilis among Males All Ages,Sex,Male,Kern,32,477024,477024.0,Male Population,2022,415,138.3,Cases,2021-2023,100000,29.0,Crude Case Rate,,,26.2,31.8,2030,,,,,,,
2025,23M,Reported Incidence of Primary and Secondary Syphilis among Males All Ages,Sex,Male,Merced,33,146192,146192.0,Male Population,2022,128,42.7,Cases,2021-2023,100000,29.2,Crude Case Rate,,,24.1,34.2,2030,,,,,,,
2025,23M,Reported Incidence of Primary and Secondary Syphilis among Males All Ages,Sex,Male,Calaveras,,21895,21895.0,Male Population,2022,,,Cases,2021-2023,100000,,Crude Case Rate,,,,,2030,,,,,1,1,Numerator values and rates based on fewer than 11 events have been suppressed.
2025,23M,Reported Incidence of Primary and Secondary Syphilis among Males All Ages,Sex,Male,Colusa,,11752,11752.0,Male Population,2022,,,Cases,2021-2023,100000,,Crude Case Rate,,,,,2030,,,,,1,1,Numerator values and rates based on fewer than 11 events have been suppressed.
2025,23M,Reported Incidence of Primary and Secondary Syphilis among Males All Ages,Sex,Male,Glenn,,14900,14900.0,Male Population,2022,,,Cases,2021-2023,100000,,Crude Case Rate,,,,,2030,,,,,1,1,Numerator values and rates based on fewer than 11 events have been suppressed.
2025,23M,Reported Incidence of Primary and Secondary Syphilis among Males All Ages,Sex,Male,Inyo,,9214,9214.0,Male Population,2022,,,Cases,2021-2023,100000,,Crude Case Rate,,,,,2030,,,,,1,1,Numerator values and rates based on fewer than 11 events have been suppressed.
2025,23M,Reported Incidence of Primary and Secondary Syphilis among Males All Ages,Sex,Male,Mariposa,,8835,8835.0,Male Population,2022,,,Cases,2021-2023,100000,,Crude Case Rate,,,,,2030,,,,,1,1,Numerator values and rates based on fewer than 11 events have been suppressed.
2025,23M,Reported Incidence of Primary and Secondary Syphilis among Males All Ages,Sex,Male,Modoc,,4738,4738.0,Male Population,2022,,,Cases,2021-2023,100000,,Crude Case Rate,,,,,2030,,,,,1,1,Numerator values and rates based on fewer than 11 events have been suppressed.
2025,23M,Reported Incidence of Primary and Secondary Syphilis among Males All Ages,Sex,Male,Mono,,7346,7346.0,Male Population,2022,,,Cases,2021-2023,100000,,Crude Case Rate,,,,,2030,,,,,1,1,Numerator values and rates based on fewer than 11 events have been suppressed.
2025,23M,Reported Incidence of Primary and Secondary Syphilis among Males All Ages,Sex,Male,Plumas,,9492,9492.0,Male Population,2022,,,Cases,2021-2023,100000,,Crude Case Rate,,,,,2030,,,,,1,1,Numerator values and rates based on fewer than 11 events have been suppressed.
2025,23M,Reported Incidence of Primary and Secondary Syphilis among Males All Ages,Sex,Male,CALIFORNIA,,20041322,20041322.0,Male Population,2022,17535,5845.0,Cases,2021-2023,100000,29.2,Crude Case Rate,,,28.7,29.6,2030,,,,,,,
2025,23M,Reported Incidence of Primary and Secondary Syphilis among Males All Ages,Sex,Male,Solano,34,223995,223995.0,Male Population,2022,218,72.7,Cases,2021-2023,100000,32.4,Crude Case Rate,,,28.1,36.7,2030,,,,,,,
2025,23M,Reported Incidence of Primary and Secondary Syphilis among Males All Ages,Sex,Male,Tulare,35,243429,243429.0,Male Population,2022,239,79.7,Cases,2021-2023,100000,32.7,Crude Case Rate,,,28.6,36.9,2030,,,,,,,
2025,23M,Reported Incidence of Primary and Secondary Syphilis among Males All Ages,Sex,Male,Fresno,36,516809,516809.0,Male Population,2022,516,172.0,Cases,2021-2023,100000,33.3,Crude Case Rate,,,30.4,36.2,2030,,,,,,,
2025,23M,Reported Incidence of Primary and Secondary Syphilis among Males All Ages,Sex,Male,Sutter,37,49817,49817.0,Male Population,2022,51,17.0,Cases,2021-2023,100000,34.1,Crude Case Rate,,,25.4,44.9,2030,,,,,,,
2025,23M,Reported Incidence of Primary and Secondary Syphilis among Males All Ages,Sex,Male,Sacramento,38,775601,775601.0,Male Population,2022,820,273.3,Cases,2021-2023,100000,35.2,Crude Case Rate,,,32.8,37.7,2030,,,,,,,
2025,23M,Reported Incidence of Primary and Secondary Syphilis among Males All Ages,Sex,Male,Los Angeles,39,5055561,5055561.0,Male Population,2022,5734,1911.3,Cases,2021-2023,100000,37.8,Crude Case Rate,,,36.8,38.8,2030,,,,,,,
2025,23M,Reported Incidence of Primary and Secondary Syphilis among Males All Ages,Sex,Male,Napa,40,69694,69694.0,Male Population,2022,79,26.3,Cases,2021-2023,100000,37.8,Crude Case Rate,,,29.9,47.1,2030,,,,,,,
2025,23M,Reported Incidence of Primary and Secondary Syphilis among Males All Ages,Sex,Male,Del Norte,41,14695,14695.0,Male Population,2022,17,5.7,Cases,2021-2023,100000,38.6,Crude Case Rate,,,22.5,61.7,2030,,,,,,4,Rates with a relative standard error greater than or equal to 23 percent are deemed unreliable.
2025,23M,Reported Incidence of Primary and Secondary Syphilis among Males All Ages,Sex,Male,Tehama,42,31781,31781.0,Male Population,2022,40,13.3,Cases,2021-2023,100000,42.0,Crude Case Rate,,,30.0,57.1,2030,,,,,,,
2025,23M,Reported Incidence of Primary and Secondary Syphilis among Males All Ages,Sex,Male,Butte,43,114199,114199.0,Male Population,2022,154,51.3,Cases,2021-2023,100000,45.0,Crude Case Rate,,,37.9,52.1,2030,,,,,,,
2025,23M,Reported Incidence of Primary and Secondary Syphilis among Males All Ages,Sex,Male,Shasta,44,86818,86818.0,Male Population,2022,118,39.3,Cases,2021-2023,100000,45.3,Crude Case Rate,,,37.1,53.5,2030,,,,,,,
2025,23M,Reported Incidence of Primary and Secondary Syphilis among Males All Ages,Sex,Male,Siskiyou,45,21457,21457.0,Male Population,2022,30,10.0,Cases,2021-2023,100000,46.6,Crude Case Rate,,,31.4,66.5,2030,,,,,,,
2025,23M,Reported Incidence of Primary and Secondary Syphilis among Males All Ages,Sex,Male,Stanislaus,46,281778,281778.0,Male Population,2022,415,138.3,Cases,2021-2023,100000,49.1,Crude Case Rate,,,44.4,53.8,2030,,,,,,,
2025,23M,Reported Incidence of Primary and Secondary Syphilis among Males All Ages,Sex,Male,Yuba,47,39558,39558.0,Male Population,2022,66,22.0,Cases,2021-2023,100000,55.6,Crude Case Rate,,,43.0,70.8,2030,,,,,,,
2025,23M,Reported Incidence of Primary and Secondary Syphilis among Males All Ages,Sex,Male,Lake,48,32087,32087.0,Male Population,2022,62,20.7,Cases,2021-2023,100000,64.4,Crude Case Rate,,,49.4,82.6,2030,,,,,,,
2025,23M,Reported Incidence of Primary and Secondary Syphilis among Males All Ages,Sex,Male,San Francisco,49,454525,454525.0,Male Population,2022,913,304.3,Cases,2021-2023,100000,67.0,Crude Case Rate,,,62.6,71.3,2030,,,,,,,
2025,23M,Reported Incidence of Primary and Secondary Syphilis among Males All Ages,Sex,Male,Trinity,,6658,6658.0,Male Population,2022,,,Cases,2021-2023,100000,,Crude Case Rate,,,,,2030,,,,,1,1,Numerator values and rates based on fewer than 11 events have been suppressed.
2025,24A,"Infant Mortality, All Race/Ethnic Groups",Total Live Births,Total Live Births,Amador,1,903,301.0,Live Births,2020-2022,0,0.0,Infant Deaths,2020-2022,1000,,Birth Cohort Infant Death Rate,,,,,2030,MICH-02,5.0,Y,,,3,Rates for zero events have not been calculated.
2025,24A,"Infant Mortality, All Race/Ethnic Groups",Total Live Births,Total Live Births,Sierra,2,55,18.3,Live Births,2020-2022,0,0.0,Infant Deaths,2020-2022,1000,,Birth Cohort Infant Death Rate,,,,,2030,MICH-02,5.0,Y,,,3,Rates for zero events have not been calculated.
2025,24A,"Infant Mortality, All Race/Ethnic Groups",Total Live Births,Total Live Births,Alpine,3,21,7.0,Live Births,2020-2022,0,0.0,Infant Deaths,2020-2022,1000,,Birth Cohort Infant Death Rate,,,,,2030,MICH-02,5.0,Y,,,3,Rates for zero events have not been calculated.
2025,24A,"Infant Mortality, All Race/Ethnic Groups",Total Live Births,Total Live Births,San Francisco,4,21800,7266.7,Live Births,2020-2022,44,14.7,Infant Deaths,2020-2022,1000,2.0,Birth Cohort Infant Death Rate,,,1.5,2.7,2030,MICH-02,5.0,Y,,,,
2025,24A,"Infant Mortality, All Race/Ethnic Groups",Total Live Births,Total Live Births,Marin,5,6530,2176.7,Live Births,2020-2022,14,4.7,Infant Deaths,2020-2022,1000,2.1,Birth Cohort Infant Death Rate,,,1.2,3.6,2030,MICH-02,5.0,Y,,,4,Rates with a relative standard error greater than or equal to 23 percent are deemed unreliable.
2025,24A,"Infant Mortality, All Race/Ethnic Groups",Total Live Births,Total Live Births,Placer,6,10969,3656.3,Live Births,2020-2022,24,8.0,Infant Deaths,2020-2022,1000,2.2,Birth Cohort Infant Death Rate,,,1.4,3.3,2030,MICH-02,5.0,Y,,,,
2025,24A,"Infant Mortality, All Race/Ethnic Groups",Total Live Births,Total Live Births,Imperial,7,7345,2448.3,Live Births,2020-2022,17,5.7,Infant Deaths,2020-2022,1000,2.3,Birth Cohort Infant Death Rate,,,1.3,3.7,2030,MICH-02,5.0,Y,,,4,Rates with a relative standard error greater than or equal to 23 percent are deemed unreliable.
2025,24A,"Infant Mortality, All Race/Ethnic Groups",Total Live Births,Total Live Births,San Luis Obispo,8,6938,2312.7,Live Births,2020-2022,16,5.3,Infant Deaths,2020-2022,1000,2.3,Birth Cohort Infant Death Rate,,,1.3,3.7,2030,MICH-02,5.0,Y,,,4,Rates with a relative standard error greater than or equal to 23 percent are deemed unreliable.
2025,24A,"Infant Mortality, All Race/Ethnic Groups",Total Live Births,Total Live Births,San Mateo,9,22458,7486.0,Live Births,2020-2022,54,18.0,Infant Deaths,2020-2022,1000,2.4,Birth Cohort Infant Death Rate,,,1.8,3.1,2030,MICH-02,5.0,Y,,,,
2025,24A,"Infant Mortality, All Race/Ethnic Groups",Total Live Births,Total Live Births,Santa Clara,10,57255,19085.0,Live Births,2020-2022,146,48.7,Infant Deaths,2020-2022,1000,2.5,Birth Cohort Infant Death Rate,,,2.1,3.0,2030,MICH-02,5.0,Y,,,,
2025,24A,"Infant Mortality, All Race/Ethnic Groups",Total Live Births,Total Live Births,Santa Cruz,11,6258,2086.0,Live Births,2020-2022,17,5.7,Infant Deaths,2020-2022,1000,2.7,Birth Cohort Infant Death Rate,,,1.6,4.3,2030,MICH-02,5.0,Y,,,4,Rates with a relative standard error greater than or equal to 23 percent are deemed unreliable.
2025,24A,"Infant Mortality, All Race/Ethnic Groups",Total Live Births,Total Live Births,San Diego,12,111523,37174.3,Live Births,2020-2022,316,105.3,Infant Deaths,2020-2022,1000,2.8,Birth Cohort Infant Death Rate,,,2.5,3.1,2030,MICH-02,5.0,Y,,,,
2025,24A,"Infant Mortality, All Race/Ethnic Groups",Total Live Births,Total Live Births,Orange,13,90253,30084.3,Live Births,2020-2022,264,88.0,Infant Deaths,2020-2022,1000,2.9,Birth Cohort Infant Death Rate,,,2.6,3.3,2030,MICH-02,5.0,Y,,,,
2025,24A,"Infant Mortality, All Race/Ethnic Groups",Total Live Births,Total Live Births,Contra Costa,14,34931,11643.7,Live Births,2020-2022,108,36.0,Infant Deaths,2020-2022,1000,3.1,Birth Cohort Infant Death Rate,,,2.5,3.7,2030,MICH-02,5.0,Y,,,,
2025,24A,"Infant Mortality, All Race/Ethnic Groups",Total Live Births,Total Live Births,Sonoma,15,13131,4377.0,Live Births,2020-2022,41,13.7,Infant Deaths,2020-2022,1000,3.1,Birth Cohort Infant Death Rate,,,2.2,4.2,2030,MICH-02,5.0,Y,,,,
2025,24A,"Infant Mortality, All Race/Ethnic Groups",Total Live Births,Total Live Births,Ventura,16,25569,8523.0,Live Births,2020-2022,82,27.3,Infant Deaths,2020-2022,1000,3.2,Birth Cohort Infant Death Rate,,,2.6,4.0,2030,MICH-02,5.0,Y,,,,
2025,24A,"Infant Mortality, All Race/Ethnic Groups",Total Live Births,Total Live Births,Alameda,17,49139,16379.7,Live Births,2020-2022,160,53.3,Infant Deaths,2020-2022,1000,3.3,Birth Cohort Infant Death Rate,,,2.8,3.8,2030,MICH-02,5.0,Y,,,,
2025,24A,"Infant Mortality, All Race/Ethnic Groups",Total Live Births,Total Live Births,Yolo,18,5709,1903.0,Live Births,2020-2022,19,6.3,Infant Deaths,2020-2022,1000,3.3,Birth Cohort Infant Death Rate,,,2.0,5.2,2030,MICH-02,5.0,Y,,,4,Rates with a relative standard error greater than or equal to 23 percent are deemed unreliable.
2025,24A,"Infant Mortality, All Race/Ethnic Groups",Total Live Births,Total Live Births,Napa,19,3495,1165.0,Live Births,2020-2022,12,4.0,Infant Deaths,2020-2022,1000,3.4,Birth Cohort Infant Death Rate,,,1.8,6.0,2030,MICH-02,5.0,Y,,,4,Rates with a relative standard error greater than or equal to 23 percent are deemed unreliable.
2025,24A,"Infant Mortality, All Race/Ethnic Groups",Total Live Births,Total Live Births,Butte,20,5754,1918.0,Live Births,2020-2022,20,6.7,Infant Deaths,2020-2022,1000,3.5,Birth Cohort Infant Death Rate,,,2.1,5.4,2030,MICH-02,5.0,Y,,,,
2025,24A,"Infant Mortality, All Race/Ethnic Groups",Total Live Births,Total Live Births,Los Angeles,21,276639,92213.0,Live Births,2020-2022,995,331.7,Infant Deaths,2020-2022,1000,3.6,Birth Cohort Infant Death Rate,,,3.4,3.8,2030,MICH-02,5.0,Y,,,,
2025,24A,"Infant Mortality, All Race/Ethnic Groups",Total Live Births,Total Live Births,El Dorado,22,4480,1493.3,Live Births,2020-2022,16,5.3,Infant Deaths,2020-2022,1000,3.6,Birth Cohort Infant Death Rate,,,2.0,5.8,2030,MICH-02,5.0,Y,,,4,Rates with a relative standard error greater than or equal to 23 percent are deemed unreliable.
2025,24A,"Infant Mortality, All Race/Ethnic Groups",Total Live Births,Total Live Births,Humboldt,23,3376,1125.3,Live Births,2020-2022,12,4.0,Infant Deaths,2020-2022,1000,3.6,Birth Cohort Infant Death Rate,,,1.8,6.2,2030,MICH-02,5.0,Y,,,4,Rates with a relative standard error greater than or equal to 23 percent are deemed unreliable.
2025,24A,"Infant Mortality, All Race/Ethnic Groups",Total Live Births,Total Live Births,CALIFORNIA,,1214628,404876.0,Live Births,2020-2022,4444,1481.3,Infant Deaths,2020-2022,1000,3.7,Birth Cohort Infant Death Rate,,,3.6,3.8,2030,MICH-02,5.0,Y,,,,
2025,24A,"Infant Mortality, All Race/Ethnic Groups",Total Live Births,Total Live Births,Santa Barbara,24,16346,5448.7,Live Births,2020-2022,62,20.7,Infant Deaths,2020-2022,1000,3.8,Birth Cohort Infant Death Rate,,,2.9,4.9,2030,MICH-02,5.0,Y,,,,
2025,24A,"Infant Mortality, All Race/Ethnic Groups",Total Live Births,Total Live Births,Solano,25,14478,4826.0,Live Births,2020-2022,55,18.3,Infant Deaths,2020-2022,1000,3.8,Birth Cohort Infant Death Rate,,,2.9,4.9,2030,MICH-02,5.0,Y,,,,
2025,24A,"Infant Mortality, All Race/Ethnic Groups",Total Live Births,Total Live Births,Riverside,26,76856,25618.7,Live Births,2020-2022,304,101.3,Infant Deaths,2020-2022,1000,4.0,Birth Cohort Infant Death Rate,,,3.5,4.4,2030,MICH-02,5.0,Y,,,,
2025,24A,"Infant Mortality, All Race/Ethnic Groups",Total Live Births,Total Live Births,Merced,27,11243,3747.7,Live Births,2020-2022,45,15.0,Infant Deaths,2020-2022,1000,4.0,Birth Cohort Infant Death Rate,,,2.9,5.4,2030,MICH-02,5.0,Y,,,,
2025,24A,"Infant Mortality, All Race/Ethnic Groups",Total Live Births,Total Live Births,San Joaquin,28,27966,9322.0,Live Births,2020-2022,124,41.3,Infant Deaths,2020-2022,1000,4.4,Birth Cohort Infant Death Rate,,,3.7,5.2,2030,MICH-02,5.0,Y,,,,
2025,24A,"Infant Mortality, All Race/Ethnic Groups",Total Live Births,Total Live Births,San Bernardino,29,75909,25303.0,Live Births,2020-2022,357,119.0,Infant Deaths,2020-2022,1000,4.7,Birth Cohort Infant Death Rate,,,4.2,5.2,2030,MICH-02,5.0,Y,,,,
2025,24A,"Infant Mortality, All Race/Ethnic Groups",Total Live Births,Total Live Births,Fresno,30,39606,13202.0,Live Births,2020-2022,188,62.7,Infant Deaths,2020-2022,1000,4.7,Birth Cohort Infant Death Rate,,,4.1,5.4,2030,MICH-02,5.0,Y,,,,
2025,24A,"Infant Mortality, All Race/Ethnic Groups",Total Live Births,Total Live Births,Kings,31,6348,2116.0,Live Births,2020-2022,30,10.0,Infant Deaths,2020-2022,1000,4.7,Birth Cohort Infant Death Rate,,,3.2,6.7,2030,MICH-02,5.0,Y,,,,
2025,24A,"Infant Mortality, All Race/Ethnic Groups",Total Live Births,Total Live Births,Shasta,32,4489,1496.3,Live Births,2020-2022,21,7.0,Infant Deaths,2020-2022,1000,4.7,Birth Cohort Infant Death Rate,,,2.9,7.2,2030,MICH-02,5.0,Y,,,,
2025,24A,"Infant Mortality, All Race/Ethnic Groups",Total Live Births,Total Live Births,Sacramento,33,52634,17544.7,Live Births,2020-2022,255,85.0,Infant Deaths,2020-2022,1000,4.8,Birth Cohort Infant Death Rate,,,4.2,5.4,2030,MICH-02,5.0,Y,,,,
2025,24A,"Infant Mortality, All Race/Ethnic Groups",Total Live Births,Total Live Births,Stanislaus,34,20386,6795.3,Live Births,2020-2022,98,32.7,Infant Deaths,2020-2022,1000,4.8,Birth Cohort Infant Death Rate,,,3.9,5.9,2030,MICH-02,5.0,Y,,,,
2025,24A,"Infant Mortality, All Race/Ethnic Groups",Total Live Births,Total Live Births,Tulare,35,19699,6566.3,Live Births,2020-2022,96,32.0,Infant Deaths,2020-2022,1000,4.9,Birth Cohort Infant Death Rate,,,3.9,6.0,2030,MICH-02,5.0,Y,,,,
2025,24A,"Infant Mortality, All Race/Ethnic Groups",Total Live Births,Total Live Births,Madera,36,6011,2003.7,Live Births,2020-2022,30,10.0,Infant Deaths,2020-2022,1000,5.0,Birth Cohort Infant Death Rate,,,3.4,7.1,2030,MICH-02,5.0,Y,,,,
2025,24A,"Infant Mortality, All Race/Ethnic Groups",Total Live Births,Total Live Births,Tehama,37,2187,729.0,Live Births,2020-2022,11,3.7,Infant Deaths,2020-2022,1000,5.0,Birth Cohort Infant Death Rate,,,2.5,9.0,2030,MICH-02,5.0,Y,,,4,Rates with a relative standard error greater than or equal to 23 percent are deemed unreliable.
2025,24A,"Infant Mortality, All Race/Ethnic Groups",Total Live Births,Total Live Births,Calaveras,,1091,363.7,Live Births,2020-2022,,,Infant Deaths,2020-2022,1000,,Birth Cohort Infant Death Rate,,,,,2030,MICH-02,5.0,Y,,1,1,Numerator values and rates based on fewer than 11 events have been suppressed.
2025,24A,"Infant Mortality, All Race/Ethnic Groups",Total Live Births,Total Live Births,Colusa,,843,281.0,Live Births,2020-2022,,,Infant Deaths,2020-2022,1000,,Birth Cohort Infant Death Rate,,,,,2030,MICH-02,5.0,Y,,1,1,Numerator values and rates based on fewer than 11 events have been suppressed.
2025,24A,"Infant Mortality, All Race/Ethnic Groups",Total Live Births,Total Live Births,Lassen,,679,226.3,Live Births,2020-2022,,,Infant Deaths,2020-2022,1000,,Birth Cohort Infant Death Rate,,,,,2030,MICH-02,5.0,Y,,1,1,Numerator values and rates based on fewer than 11 events have been suppressed.
2025,24A,"Infant Mortality, All Race/Ethnic Groups",Total Live Births,Total Live Births,Mono,,317,105.7,Live Births,2020-2022,,,Infant Deaths,2020-2022,1000,,Birth Cohort Infant Death Rate,,,,,2030,MICH-02,5.0,Y,,1,1,Numerator values and rates based on fewer than 11 events have been suppressed.
2025,24A,"Infant Mortality, All Race/Ethnic Groups",Total Live Births,Total Live Births,Nevada,,2243,747.7,Live Births,2020-2022,,,Infant Deaths,2020-2022,1000,,Birth Cohort Infant Death Rate,,,,,2030,MICH-02,5.0,Y,,1,1,Numerator values and rates based on fewer than 11 events have been suppressed.
2025,24A,"Infant Mortality, All Race/Ethnic Groups",Total Live Births,Total Live Births,San Benito,,2261,753.7,Live Births,2020-2022,,,Infant Deaths,2020-2022,1000,,Birth Cohort Infant Death Rate,,,,,2030,MICH-02,5.0,Y,,1,1,Numerator values and rates based on fewer than 11 events have been suppressed.
2025,24A,"Infant Mortality, All Race/Ethnic Groups",Total Live Births,Total Live Births,Sutter,,3691,1230.3,Live Births,2020-2022,,,Infant Deaths,2020-2022,1000,,Birth Cohort Infant Death Rate,,,,,2030,MICH-02,5.0,Y,,1,1,Numerator values and rates based on fewer than 11 events have been suppressed.
2025,24A,"Infant Mortality, All Race/Ethnic Groups",Total Live Births,Total Live Births,Tuolumne,,1270,423.3,Live Births,2020-2022,,,Infant Deaths,2020-2022,1000,,Birth Cohort Infant Death Rate,,,,,2030,MICH-02,5.0,Y,,1,1,Numerator values and rates based on fewer than 11 events have been suppressed.
2025,24A,"Infant Mortality, All Race/Ethnic Groups",Total Live Births,Total Live Births,Kern,38,34819,11606.3,Live Births,2020-2022,185,61.7,Infant Deaths,2020-2022,1000,5.3,Birth Cohort Infant Death Rate,,,4.5,6.1,2030,MICH-02,5.0,N,,,,
2025,24A,"Infant Mortality, All Race/Ethnic Groups",Total Live Births,Total Live Births,Monterey,39,16359,5453.0,Live Births,2020-2022,87,29.0,Infant Deaths,2020-2022,1000,5.3,Birth Cohort Infant Death Rate,,,4.3,6.6,2030,MICH-02,5.0,N,,,,
2025,24A,"Infant Mortality, All Race/Ethnic Groups",Total Live Births,Total Live Births,Yuba,40,3474,1158.0,Live Births,2020-2022,20,6.7,Infant Deaths,2020-2022,1000,5.8,Birth Cohort Infant Death Rate,,,3.5,8.9,2030,MICH-02,5.0,N,,,,
2025,24A,"Infant Mortality, All Race/Ethnic Groups",Total Live Births,Total Live Births,Mendocino,41,2606,868.7,Live Births,2020-2022,16,5.3,Infant Deaths,2020-2022,1000,6.1,Birth Cohort Infant Death Rate,,,3.5,10.0,2030,MICH-02,5.0,N,,,4,Rates with a relative standard error greater than or equal to 23 percent are deemed unreliable.
2025,24A,"Infant Mortality, All Race/Ethnic Groups",Total Live Births,Total Live Births,Glenn,42,1070,356.7,Live Births,2020-2022,11,3.7,Infant Deaths,2020-2022,1000,10.3,Birth Cohort Infant Death Rate,,,5.1,18.4,2030,MICH-02,5.0,N,,,4,Rates with a relative standard error greater than or equal to 23 percent are deemed unreliable.
2025,24A,"Infant Mortality, All Race/Ethnic Groups",Total Live Births,Total Live Births,Del Norte,,674,224.7,Live Births,2020-2022,,,Infant Deaths,2020-2022,1000,,Birth Cohort Infant Death Rate,,,,,2030,MICH-02,5.0,N,,1,1,Numerator values and rates based on fewer than 11 events have been suppressed.
2025,24A,"Infant Mortality, All Race/Ethnic Groups",Total Live Births,Total Live Births,Inyo,,398,132.7,Live Births,2020-2022,,,Infant Deaths,2020-2022,1000,,Birth Cohort Infant Death Rate,,,,,2030,MICH-02,5.0,N,,1,1,Numerator values and rates based on fewer than 11 events have been suppressed.
2025,24A,"Infant Mortality, All Race/Ethnic Groups",Total Live Births,Total Live Births,Lake,,1967,655.7,Live Births,2020-2022,,,Infant Deaths,2020-2022,1000,,Birth Cohort Infant Death Rate,,,,,2030,MICH-02,5.0,N,,1,1,Numerator values and rates based on fewer than 11 events have been suppressed.
2025,24A,"Infant Mortality, All Race/Ethnic Groups",Total Live Births,Total Live Births,Mariposa,,421,140.3,Live Births,2020-2022,,,Infant Deaths,2020-2022,1000,,Birth Cohort Infant Death Rate,,,,,2030,MICH-02,5.0,N,,1,1,Numerator values and rates based on fewer than 11 events have been suppressed.
2025,24A,"Infant Mortality, All Race/Ethnic Groups",Total Live Births,Total Live Births,Modoc,,115,38.3,Live Births,2020-2022,,,Infant Deaths,2020-2022,1000,,Birth Cohort Infant Death Rate,,,,,2030,MICH-02,5.0,N,,1,1,Numerator values and rates based on fewer than 11 events have been suppressed.
2025,24A,"Infant Mortality, All Race/Ethnic Groups",Total Live Births,Total Live Births,Plumas,,376,125.3,Live Births,2020-2022,,,Infant Deaths,2020-2022,1000,,Birth Cohort Infant Death Rate,,,,,2030,MICH-02,5.0,N,,1,1,Numerator values and rates based on fewer than 11 events have been suppressed.
2025,24A,"Infant Mortality, All Race/Ethnic Groups",Total Live Births,Total Live Births,Siskiyou,,1001,333.7,Live Births,2020-2022,,,Infant Deaths,2020-2022,1000,,Birth Cohort Infant Death Rate,,,,,2030,MICH-02,5.0,N,,1,1,Numerator values and rates based on fewer than 11 events have been suppressed.
2025,24A,"Infant Mortality, All Race/Ethnic Groups",Total Live Births,Total Live Births,Trinity,,264,88.0,Live Births,2020-2022,,,Infant Deaths,2020-2022,1000,,Birth Cohort Infant Death Rate,,,,,2030,MICH-02,5.0,N,,1,1,Numerator values and rates based on fewer than 11 events have been suppressed.
2025,24B,Asian/Pacific Islander Infant Mortality,Race-Ethnicity,Asian/Pacific Islander,Yolo,1,715,238.3,Live Births,2020-2022,0,0.0,Infant Deaths,2020-2022,1000,,Birth Cohort Infant Death Rate,,,,,2030,MICH-02,5.0,Y,,,3,Rates for zero events have not been calculated.
2025,24B,Asian/Pacific Islander Infant Mortality,Race-Ethnicity,Asian/Pacific Islander,Monterey,2,530,176.7,Live Births,2020-2022,0,0.0,Infant Deaths,2020-2022,1000,,Birth Cohort Infant Death Rate,,,,,2030,MICH-02,5.0,Y,,,3,Rates for zero events have not been calculated.
2025,24B,Asian/Pacific Islander Infant Mortality,Race-Ethnicity,Asian/Pacific Islander,Butte,3,431,143.7,Live Births,2020-2022,0,0.0,Infant Deaths,2020-2022,1000,,Birth Cohort Infant Death Rate,,,,,2030,MICH-02,5.0,Y,,,3,Rates for zero events have not been calculated.
2025,24B,Asian/Pacific Islander Infant Mortality,Race-Ethnicity,Asian/Pacific Islander,Santa Cruz,4,226,75.3,Live Births,2020-2022,0,0.0,Infant Deaths,2020-2022,1000,,Birth Cohort Infant Death Rate,,,,,2030,MICH-02,5.0,Y,,,3,Rates for zero events have not been calculated.
2025,24B,Asian/Pacific Islander Infant Mortality,Race-Ethnicity,Asian/Pacific Islander,San Luis Obispo,5,186,62.0,Live Births,2020-2022,0,0.0,Infant Deaths,2020-2022,1000,,Birth Cohort Infant Death Rate,,,,,2030,MICH-02,5.0,Y,,,3,Rates for zero events have not been calculated.
2025,24B,Asian/Pacific Islander Infant Mortality,Race-Ethnicity,Asian/Pacific Islander,San Benito,6,83,27.7,Live Births,2020-2022,0,0.0,Infant Deaths,2020-2022,1000,,Birth Cohort Infant Death Rate,,,,,2030,MICH-02,5.0,Y,,,3,Rates for zero events have not been calculated.
2025,24B,Asian/Pacific Islander Infant Mortality,Race-Ethnicity,Asian/Pacific Islander,Mendocino,7,52,17.3,Live Births,2020-2022,0,0.0,Infant Deaths,2020-2022,1000,,Birth Cohort Infant Death Rate,,,,,2030,MICH-02,5.0,Y,,,3,Rates for zero events have not been calculated.
2025,24B,Asian/Pacific Islander Infant Mortality,Race-Ethnicity,Asian/Pacific Islander,Nevada,8,42,14.0,Live Births,2020-2022,0,0.0,Infant Deaths,2020-2022,1000,,Birth Cohort Infant Death Rate,,,,,2030,MICH-02,5.0,Y,,,3,Rates for zero events have not been calculated.
2025,24B,Asian/Pacific Islander Infant Mortality,Race-Ethnicity,Asian/Pacific Islander,Imperial,9,37,12.3,Live Births,2020-2022,0,0.0,Infant Deaths,2020-2022,1000,,Birth Cohort Infant Death Rate,,,,,2030,MICH-02,5.0,Y,,,3,Rates for zero events have not been calculated.
2025,24B,Asian/Pacific Islander Infant Mortality,Race-Ethnicity,Asian/Pacific Islander,Del Norte,10,34,11.3,Live Births,2020-2022,0,0.0,Infant Deaths,2020-2022,1000,,Birth Cohort Infant Death Rate,,,,,2030,MICH-02,5.0,Y,,,3,Rates for zero events have not been calculated.
2025,24B,Asian/Pacific Islander Infant Mortality,Race-Ethnicity,Asian/Pacific Islander,Siskiyou,11,34,11.3,Live Births,2020-2022,0,0.0,Infant Deaths,2020-2022,1000,,Birth Cohort Infant Death Rate,,,,,2030,MICH-02,5.0,Y,,,3,Rates for zero events have not been calculated.
2025,24B,Asian/Pacific Islander Infant Mortality,Race-Ethnicity,Asian/Pacific Islander,Lassen,12,30,10.0,Live Births,2020-2022,0,0.0,Infant Deaths,2020-2022,1000,,Birth Cohort Infant Death Rate,,,,,2030,MICH-02,5.0,Y,,,3,Rates for zero events have not been calculated.
2025,24B,Asian/Pacific Islander Infant Mortality,Race-Ethnicity,Asian/Pacific Islander,Tehama,13,25,8.3,Live Births,2020-2022,0,0.0,Infant Deaths,2020-2022,1000,,Birth Cohort Infant Death Rate,,,,,2030,MICH-02,5.0,Y,,,3,Rates for zero events have not been calculated.
2025,24B,Asian/Pacific Islander Infant Mortality,Race-Ethnicity,Asian/Pacific Islander,Lake,14,19,6.3,Live Births,2020-2022,0,0.0,Infant Deaths,2020-2022,1000,,Birth Cohort Infant Death Rate,,,,,2030,MICH-02,5.0,Y,,,3,Rates for zero events have not been calculated.
2025,24B,Asian/Pacific Islander Infant Mortality,Race-Ethnicity,Asian/Pacific Islander,Tuolumne,15,19,6.3,Live Births,2020-2022,0,0.0,Infant Deaths,2020-2022,1000,,Birth Cohort Infant Death Rate,,,,,2030,MICH-02,5.0,Y,,,3,Rates for zero events have not been calculated.
2025,24B,Asian/Pacific Islander Infant Mortality,Race-Ethnicity,Asian/Pacific Islander,Calaveras,16,17,5.7,Live Births,2020-2022,0,0.0,Infant Deaths,2020-2022,1000,,Birth Cohort Infant Death Rate,,,,,2030,MICH-02,5.0,Y,,,3,Rates for zero events have not been calculated.
2025,24B,Asian/Pacific Islander Infant Mortality,Race-Ethnicity,Asian/Pacific Islander,Trinity,17,14,4.7,Live Births,2020-2022,0,0.0,Infant Deaths,2020-2022,1000,,Birth Cohort Infant Death Rate,,,,,2030,MICH-02,5.0,Y,,,3,Rates for zero events have not been calculated.
2025,24B,Asian/Pacific Islander Infant Mortality,Race-Ethnicity,Asian/Pacific Islander,Amador,18,13,4.3,Live Births,2020-2022,0,0.0,Infant Deaths,2020-2022,1000,,Birth Cohort Infant Death Rate,,,,,2030,MICH-02,5.0,Y,,,3,Rates for zero events have not been calculated.
2025,24B,Asian/Pacific Islander Infant Mortality,Race-Ethnicity,Asian/Pacific Islander,Colusa,19,,,Live Births,2020-2022,0,0.0,Infant Deaths,2020-2022,1000,,Birth Cohort Infant Death Rate,,,,,2030,MICH-02,5.0,Y,1,,3,Denominator values based on fewer than 11 events have been suppressed. Rates for zero events have not been calculated.
2025,24B,Asian/Pacific Islander Infant Mortality,Race-Ethnicity,Asian/Pacific Islander,Inyo,20,,,Live Births,2020-2022,0,0.0,Infant Deaths,2020-2022,1000,,Birth Cohort Infant Death Rate,,,,,2030,MICH-02,5.0,Y,1,,3,Denominator values based on fewer than 11 events have been suppressed. Rates for zero events have not been calculated.
2025,24B,Asian/Pacific Islander Infant Mortality,Race-Ethnicity,Asian/Pacific Islander,Modoc,21,,,Live Births,2020-2022,0,0.0,Infant Deaths,2020-2022,1000,,Birth Cohort Infant Death Rate,,,,,2030,MICH-02,5.0,Y,1,,3,Denominator values based on fewer than 11 events have been suppressed. Rates for zero events have not been calculated.
2025,24B,Asian/Pacific Islander Infant Mortality,Race-Ethnicity,Asian/Pacific Islander,Mono,22,,,Live Births,2020-2022,0,0.0,Infant Deaths,2020-2022,1000,,Birth Cohort Infant Death Rate,,,,,2030,MICH-02,5.0,Y,1,,3,Denominator values based on fewer than 11 events have been suppressed. Rates for zero events have not been calculated.
2025,24B,Asian/Pacific Islander Infant Mortality,Race-Ethnicity,Asian/Pacific Islander,Plumas,23,,,Live Births,2020-2022,0,0.0,Infant Deaths,2020-2022,1000,,Birth Cohort Infant Death Rate,,,,,2030,MICH-02,5.0,Y,1,,3,Denominator values based on fewer than 11 events have been suppressed. Rates for zero events have not been calculated.
2025,24B,Asian/Pacific Islander Infant Mortality,Race-Ethnicity,Asian/Pacific Islander,Sierra,24,,,Live Births,2020-2022,0,0.0,Infant Deaths,2020-2022,1000,,Birth Cohort Infant Death Rate,,,,,2030,MICH-02,5.0,Y,1,,3,Denominator values based on fewer than 11 events have been suppressed. Rates for zero events have not been calculated.
2025,24B,Asian/Pacific Islander Infant Mortality,Race-Ethnicity,Asian/Pacific Islander,Santa Clara,25,22542,7514.0,Live Births,2020-2022,29,9.7,Infant Deaths,2020-2022,1000,1.3,Birth Cohort Infant Death Rate,,,0.9,1.8,2030,MICH-02,5.0,Y,,,,
2025,24B,Asian/Pacific Islander Infant Mortality,Race-Ethnicity,Asian/Pacific Islander,Orange,26,19024,6341.3,Live Births,2020-2022,33,11.0,Infant Deaths,2020-2022,1000,1.7,Birth Cohort Infant Death Rate,,,1.2,2.4,2030,MICH-02,5.0,Y,,,,
2025,24B,Asian/Pacific Islander Infant Mortality,Race-Ethnicity,Asian/Pacific Islander,San Francisco,27,6245,2081.7,Live Births,2020-2022,11,3.7,Infant Deaths,2020-2022,1000,1.8,Birth Cohort Infant Death Rate,,,0.9,3.2,2030,MICH-02,5.0,Y,,,4,Rates with a relative standard error greater than or equal to 23 percent are deemed unreliable.
2025,24B,Asian/Pacific Islander Infant Mortality,Race-Ethnicity,Asian/Pacific Islander,Los Angeles,28,35236,11745.3,Live Births,2020-2022,91,30.3,Infant Deaths,2020-2022,1000,2.6,Birth Cohort Infant Death Rate,,,2.1,3.2,2030,MICH-02,5.0,Y,,,,
2025,24B,Asian/Pacific Islander Infant Mortality,Race-Ethnicity,Asian/Pacific Islander,CALIFORNIA,,169666,56555.3,Live Births,2020-2022,439,146.3,Infant Deaths,2020-2022,1000,2.6,Birth Cohort Infant Death Rate,,,2.3,2.8,2030,MICH-02,5.0,Y,,,,
2025,24B,Asian/Pacific Islander Infant Mortality,Race-Ethnicity,Asian/Pacific Islander,Alameda,29,17216,5738.7,Live Births,2020-2022,47,15.7,Infant Deaths,2020-2022,1000,2.7,Birth Cohort Infant Death Rate,,,2.0,3.6,2030,MICH-02,5.0,Y,,,,
2025,24B,Asian/Pacific Islander Infant Mortality,Race-Ethnicity,Asian/Pacific Islander,San Mateo,30,7689,2563.0,Live Births,2020-2022,21,7.0,Infant Deaths,2020-2022,1000,2.7,Birth Cohort Infant Death Rate,,,1.7,4.2,2030,MICH-02,5.0,Y,,,,
2025,24B,Asian/Pacific Islander Infant Mortality,Race-Ethnicity,Asian/Pacific Islander,Contra Costa,31,6386,2128.7,Live Births,2020-2022,18,6.0,Infant Deaths,2020-2022,1000,2.8,Birth Cohort Infant Death Rate,,,1.7,4.5,2030,MICH-02,5.0,Y,,,4,Rates with a relative standard error greater than or equal to 23 percent are deemed unreliable.
2025,24B,Asian/Pacific Islander Infant Mortality,Race-Ethnicity,Asian/Pacific Islander,San Diego,32,11016,3672.0,Live Births,2020-2022,32,10.7,Infant Deaths,2020-2022,1000,2.9,Birth Cohort Infant Death Rate,,,2.0,4.1,2030,MICH-02,5.0,Y,,,,
2025,24B,Asian/Pacific Islander Infant Mortality,Race-Ethnicity,Asian/Pacific Islander,San Bernardino,33,5465,1821.7,Live Births,2020-2022,17,5.7,Infant Deaths,2020-2022,1000,3.1,Birth Cohort Infant Death Rate,,,1.8,5.0,2030,MICH-02,5.0,Y,,,4,Rates with a relative standard error greater than or equal to 23 percent are deemed unreliable.
2025,24B,Asian/Pacific Islander Infant Mortality,Race-Ethnicity,Asian/Pacific Islander,Riverside,34,4533,1511.0,Live Births,2020-2022,15,5.0,Infant Deaths,2020-2022,1000,3.3,Birth Cohort Infant Death Rate,,,1.9,5.5,2030,MICH-02,5.0,Y,,,4,Rates with a relative standard error greater than or equal to 23 percent are deemed unreliable.
2025,24B,Asian/Pacific Islander Infant Mortality,Race-Ethnicity,Asian/Pacific Islander,Fresno,35,4762,1587.3,Live Births,2020-2022,19,6.3,Infant Deaths,2020-2022,1000,4.0,Birth Cohort Infant Death Rate,,,2.4,6.2,2030,MICH-02,5.0,Y,,,4,Rates with a relative standard error greater than or equal to 23 percent are deemed unreliable.
2025,24B,Asian/Pacific Islander Infant Mortality,Race-Ethnicity,Asian/Pacific Islander,Sacramento,36,9732,3244.0,Live Births,2020-2022,42,14.0,Infant Deaths,2020-2022,1000,4.3,Birth Cohort Infant Death Rate,,,3.1,5.8,2030,MICH-02,5.0,Y,,,,
2025,24B,Asian/Pacific Islander Infant Mortality,Race-Ethnicity,Asian/Pacific Islander,San Joaquin,37,4776,1592.0,Live Births,2020-2022,21,7.0,Infant Deaths,2020-2022,1000,4.4,Birth Cohort Infant Death Rate,,,2.7,6.7,2030,MICH-02,5.0,Y,,,,
2025,24B,Asian/Pacific Islander Infant Mortality,Race-Ethnicity,Asian/Pacific Islander,El Dorado,,251,83.7,Live Births,2020-2022,,,Infant Deaths,2020-2022,1000,,Birth Cohort Infant Death Rate,,,,,2030,MICH-02,5.0,Y,,1,1,Numerator values and rates based on fewer than 11 events have been suppressed.
2025,24B,Asian/Pacific Islander Infant Mortality,Race-Ethnicity,Asian/Pacific Islander,Kern,,1493,497.7,Live Births,2020-2022,,,Infant Deaths,2020-2022,1000,,Birth Cohort Infant Death Rate,,,,,2030,MICH-02,5.0,Y,,1,1,Numerator values and rates based on fewer than 11 events have been suppressed.
2025,24B,Asian/Pacific Islander Infant Mortality,Race-Ethnicity,Asian/Pacific Islander,Kings,,209,69.7,Live Births,2020-2022,,,Infant Deaths,2020-2022,1000,,Birth Cohort Infant Death Rate,,,,,2030,MICH-02,5.0,Y,,1,1,Numerator values and rates based on fewer than 11 events have been suppressed.
2025,24B,Asian/Pacific Islander Infant Mortality,Race-Ethnicity,Asian/Pacific Islander,Marin,,538,179.3,Live Births,2020-2022,,,Infant Deaths,2020-2022,1000,,Birth Cohort Infant Death Rate,,,,,2030,MICH-02,5.0,Y,,1,1,Numerator values and rates based on fewer than 11 events have been suppressed.
2025,24B,Asian/Pacific Islander Infant Mortality,Race-Ethnicity,Asian/Pacific Islander,Placer,,1155,385.0,Live Births,2020-2022,,,Infant Deaths,2020-2022,1000,,Birth Cohort Infant Death Rate,,,,,2030,MICH-02,5.0,Y,,1,1,Numerator values and rates based on fewer than 11 events have been suppressed.
2025,24B,Asian/Pacific Islander Infant Mortality,Race-Ethnicity,Asian/Pacific Islander,Santa Barbara,,468,156.0,Live Births,2020-2022,,,Infant Deaths,2020-2022,1000,,Birth Cohort Infant Death Rate,,,,,2030,MICH-02,5.0,Y,,1,1,Numerator values and rates based on fewer than 11 events have been suppressed.
2025,24B,Asian/Pacific Islander Infant Mortality,Race-Ethnicity,Asian/Pacific Islander,Shasta,,211,70.3,Live Births,2020-2022,,,Infant Deaths,2020-2022,1000,,Birth Cohort Infant Death Rate,,,,,2030,MICH-02,5.0,Y,,1,1,Numerator values and rates based on fewer than 11 events have been suppressed.
2025,24B,Asian/Pacific Islander Infant Mortality,Race-Ethnicity,Asian/Pacific Islander,Solano,,2172,724.0,Live Births,2020-2022,,,Infant Deaths,2020-2022,1000,,Birth Cohort Infant Death Rate,,,,,2030,MICH-02,5.0,Y,,1,1,Numerator values and rates based on fewer than 11 events have been suppressed.
2025,24B,Asian/Pacific Islander Infant Mortality,Race-Ethnicity,Asian/Pacific Islander,Sonoma,,654,218.0,Live Births,2020-2022,,,Infant Deaths,2020-2022,1000,,Birth Cohort Infant Death Rate,,,,,2030,MICH-02,5.0,Y,,1,1,Numerator values and rates based on fewer than 11 events have been suppressed.
2025,24B,Asian/Pacific Islander Infant Mortality,Race-Ethnicity,Asian/Pacific Islander,Stanislaus,,1179,393.0,Live Births,2020-2022,,,Infant Deaths,2020-2022,1000,,Birth Cohort Infant Death Rate,,,,,2030,MICH-02,5.0,Y,,1,1,Numerator values and rates based on fewer than 11 events have been suppressed.
2025,24B,Asian/Pacific Islander Infant Mortality,Race-Ethnicity,Asian/Pacific Islander,Sutter,,552,184.0,Live Births,2020-2022,,,Infant Deaths,2020-2022,1000,,Birth Cohort Infant Death Rate,,,,,2030,MICH-02,5.0,Y,,1,1,Numerator values and rates based on fewer than 11 events have been suppressed.
2025,24B,Asian/Pacific Islander Infant Mortality,Race-Ethnicity,Asian/Pacific Islander,Tulare,,573,191.0,Live Births,2020-2022,,,Infant Deaths,2020-2022,1000,,Birth Cohort Infant Death Rate,,,,,2030,MICH-02,5.0,Y,,1,1,Numerator values and rates based on fewer than 11 events have been suppressed.
2025,24B,Asian/Pacific Islander Infant Mortality,Race-Ethnicity,Asian/Pacific Islander,Ventura,,1454,484.7,Live Births,2020-2022,,,Infant Deaths,2020-2022,1000,,Birth Cohort Infant Death Rate,,,,,2030,MICH-02,5.0,Y,,1,1,Numerator values and rates based on fewer than 11 events have been suppressed.
2025,24B,Asian/Pacific Islander Infant Mortality,Race-Ethnicity,Asian/Pacific Islander,Yuba,,268,89.3,Live Births,2020-2022,,,Infant Deaths,2020-2022,1000,,Birth Cohort Infant Death Rate,,,,,2030,MICH-02,5.0,Y,,1,1,Numerator values and rates based on fewer than 11 events have been suppressed.
2025,24B,Asian/Pacific Islander Infant Mortality,Race-Ethnicity,Asian/Pacific Islander,Glenn,,27,9.0,Live Births,2020-2022,,,Infant Deaths,2020-2022,1000,,Birth Cohort Infant Death Rate,,,,,2030,MICH-02,5.0,N,,1,1,Numerator values and rates based on fewer than 11 events have been suppressed.
2025,24B,Asian/Pacific Islander Infant Mortality,Race-Ethnicity,Asian/Pacific Islander,Humboldt,,150,50.0,Live Births,2020-2022,,,Infant Deaths,2020-2022,1000,,Birth Cohort Infant Death Rate,,,,,2030,MICH-02,5.0,N,,1,1,Numerator values and rates based on fewer than 11 events have been suppressed.
2025,24B,Asian/Pacific Islander Infant Mortality,Race-Ethnicity,Asian/Pacific Islander,Madera,,148,49.3,Live Births,2020-2022,,,Infant Deaths,2020-2022,1000,,Birth Cohort Infant Death Rate,,,,,2030,MICH-02,5.0,N,,1,1,Numerator values and rates based on fewer than 11 events have been suppressed.
2025,24B,Asian/Pacific Islander Infant Mortality,Race-Ethnicity,Asian/Pacific Islander,Mariposa,,,,Live Births,2020-2022,,,Infant Deaths,2020-2022,1000,,Birth Cohort Infant Death Rate,,,,,2030,MICH-02,5.0,N,1,1,1,Denominator values based on fewer than 11 events have been suppressed. Numerator values and rates based on fewer than 11 events have been suppressed.
2025,24B,Asian/Pacific Islander Infant Mortality,Race-Ethnicity,Asian/Pacific Islander,Merced,,761,253.7,Live Births,2020-2022,,,Infant Deaths,2020-2022,1000,,Birth Cohort Infant Death Rate,,,,,2030,MICH-02,5.0,N,,1,1,Numerator values and rates based on fewer than 11 events have been suppressed.
2025,24B,Asian/Pacific Islander Infant Mortality,Race-Ethnicity,Asian/Pacific Islander,Napa,,245,81.7,Live Births,2020-2022,,,Infant Deaths,2020-2022,1000,,Birth Cohort Infant Death Rate,,,,,2030,MICH-02,5.0,N,,1,1,Numerator values and rates based on fewer than 11 events have been suppressed.
2025,24B,Asian/Pacific Islander Infant Mortality,Race-Ethnicity,Asian/Pacific Islander,Alpine,,0,0.0,Live Births,2020-2022,0,0.0,Infant Deaths,2020-2022,1000,,Birth Cohort Infant Death Rate,,,,,2030,MICH-02,5.0,,,,3,Rates for zero events have not been calculated.
2025,24C,Black Infant Mortality,Race-Ethnicity,Black,Sonoma,1,211,70.3,Live Births,2020-2022,0,0.0,Infant Deaths,2020-2022,1000,,Birth Cohort Infant Death Rate,,,,,2030,MICH-02,5.0,Y,,,3,Rates for zero events have not been calculated.
2025,24C,Black Infant Mortality,Race-Ethnicity,Black,Santa Barbara,2,130,43.3,Live Births,2020-2022,0,0.0,Infant Deaths,2020-2022,1000,,Birth Cohort Infant Death Rate,,,,,2030,MICH-02,5.0,Y,,,3,Rates for zero events have not been calculated.
2025,24C,Black Infant Mortality,Race-Ethnicity,Black,Monterey,3,112,37.3,Live Births,2020-2022,0,0.0,Infant Deaths,2020-2022,1000,,Birth Cohort Infant Death Rate,,,,,2030,MICH-02,5.0,Y,,,3,Rates for zero events have not been calculated.
2025,24C,Black Infant Mortality,Race-Ethnicity,Black,Butte,4,107,35.7,Live Births,2020-2022,0,0.0,Infant Deaths,2020-2022,1000,,Birth Cohort Infant Death Rate,,,,,2030,MICH-02,5.0,Y,,,3,Rates for zero events have not been calculated.
2025,24C,Black Infant Mortality,Race-Ethnicity,Black,Madera,5,83,27.7,Live Births,2020-2022,0,0.0,Infant Deaths,2020-2022,1000,,Birth Cohort Infant Death Rate,,,,,2030,MICH-02,5.0,Y,,,3,Rates for zero events have not been calculated.
2025,24C,Black Infant Mortality,Race-Ethnicity,Black,Sutter,6,53,17.7,Live Births,2020-2022,0,0.0,Infant Deaths,2020-2022,1000,,Birth Cohort Infant Death Rate,,,,,2030,MICH-02,5.0,Y,,,3,Rates for zero events have not been calculated.
2025,24C,Black Infant Mortality,Race-Ethnicity,Black,Napa,7,51,17.0,Live Births,2020-2022,0,0.0,Infant Deaths,2020-2022,1000,,Birth Cohort Infant Death Rate,,,,,2030,MICH-02,5.0,Y,,,3,Rates for zero events have not been calculated.
2025,24C,Black Infant Mortality,Race-Ethnicity,Black,Humboldt,8,42,14.0,Live Births,2020-2022,0,0.0,Infant Deaths,2020-2022,1000,,Birth Cohort Infant Death Rate,,,,,2030,MICH-02,5.0,Y,,,3,Rates for zero events have not been calculated.
2025,24C,Black Infant Mortality,Race-Ethnicity,Black,El Dorado,9,40,13.3,Live Births,2020-2022,0,0.0,Infant Deaths,2020-2022,1000,,Birth Cohort Infant Death Rate,,,,,2030,MICH-02,5.0,Y,,,3,Rates for zero events have not been calculated.
2025,24C,Black Infant Mortality,Race-Ethnicity,Black,Lake,10,34,11.3,Live Births,2020-2022,0,0.0,Infant Deaths,2020-2022,1000,,Birth Cohort Infant Death Rate,,,,,2030,MICH-02,5.0,Y,,,3,Rates for zero events have not been calculated.
2025,24C,Black Infant Mortality,Race-Ethnicity,Black,Santa Cruz,11,33,11.0,Live Births,2020-2022,0,0.0,Infant Deaths,2020-2022,1000,,Birth Cohort Infant Death Rate,,,,,2030,MICH-02,5.0,Y,,,3,Rates for zero events have not been calculated.
2025,24C,Black Infant Mortality,Race-Ethnicity,Black,Imperial,12,30,10.0,Live Births,2020-2022,0,0.0,Infant Deaths,2020-2022,1000,,Birth Cohort Infant Death Rate,,,,,2030,MICH-02,5.0,Y,,,3,Rates for zero events have not been calculated.
2025,24C,Black Infant Mortality,Race-Ethnicity,Black,Mendocino,13,17,5.7,Live Births,2020-2022,0,0.0,Infant Deaths,2020-2022,1000,,Birth Cohort Infant Death Rate,,,,,2030,MICH-02,5.0,Y,,,3,Rates for zero events have not been calculated.
2025,24C,Black Infant Mortality,Race-Ethnicity,Black,San Benito,14,16,5.3,Live Births,2020-2022,0,0.0,Infant Deaths,2020-2022,1000,,Birth Cohort Infant Death Rate,,,,,2030,MICH-02,5.0,Y,,,3,Rates for zero events have not been calculated.
2025,24C,Black Infant Mortality,Race-Ethnicity,Black,Nevada,15,12,4.0,Live Births,2020-2022,0,0.0,Infant Deaths,2020-2022,1000,,Birth Cohort Infant Death Rate,,,,,2030,MICH-02,5.0,Y,,,3,Rates for zero events have not been calculated.
2025,24C,Black Infant Mortality,Race-Ethnicity,Black,Amador,16,,,Live Births,2020-2022,0,0.0,Infant Deaths,2020-2022,1000,,Birth Cohort Infant Death Rate,,,,,2030,MICH-02,5.0,Y,1,,3,Denominator values based on fewer than 11 events have been suppressed. Rates for zero events have not been calculated.
2025,24C,Black Infant Mortality,Race-Ethnicity,Black,Calaveras,17,,,Live Births,2020-2022,0,0.0,Infant Deaths,2020-2022,1000,,Birth Cohort Infant Death Rate,,,,,2030,MICH-02,5.0,Y,1,,3,Denominator values based on fewer than 11 events have been suppressed. Rates for zero events have not been calculated.
2025,24C,Black Infant Mortality,Race-Ethnicity,Black,Colusa,18,,,Live Births,2020-2022,0,0.0,Infant Deaths,2020-2022,1000,,Birth Cohort Infant Death Rate,,,,,2030,MICH-02,5.0,Y,1,,3,Denominator values based on fewer than 11 events have been suppressed. Rates for zero events have not been calculated.
2025,24C,Black Infant Mortality,Race-Ethnicity,Black,Del Norte,19,,,Live Births,2020-2022,0,0.0,Infant Deaths,2020-2022,1000,,Birth Cohort Infant Death Rate,,,,,2030,MICH-02,5.0,Y,1,,3,Denominator values based on fewer than 11 events have been suppressed. Rates for zero events have not been calculated.
2025,24C,Black Infant Mortality,Race-Ethnicity,Black,Glenn,20,,,Live Births,2020-2022,0,0.0,Infant Deaths,2020-2022,1000,,Birth Cohort Infant Death Rate,,,,,2030,MICH-02,5.0,Y,1,,3,Denominator values based on fewer than 11 events have been suppressed. Rates for zero events have not been calculated.
2025,24C,Black Infant Mortality,Race-Ethnicity,Black,Inyo,21,,,Live Births,2020-2022,0,0.0,Infant Deaths,2020-2022,1000,,Birth Cohort Infant Death Rate,,,,,2030,MICH-02,5.0,Y,1,,3,Denominator values based on fewer than 11 events have been suppressed. Rates for zero events have not been calculated.
2025,24C,Black Infant Mortality,Race-Ethnicity,Black,Lassen,22,,,Live Births,2020-2022,0,0.0,Infant Deaths,2020-2022,1000,,Birth Cohort Infant Death Rate,,,,,2030,MICH-02,5.0,Y,1,,3,Denominator values based on fewer than 11 events have been suppressed. Rates for zero events have not been calculated.
2025,24C,Black Infant Mortality,Race-Ethnicity,Black,Mariposa,23,,,Live Births,2020-2022,0,0.0,Infant Deaths,2020-2022,1000,,Birth Cohort Infant Death Rate,,,,,2030,MICH-02,5.0,Y,1,,3,Denominator values based on fewer than 11 events have been suppressed. Rates for zero events have not been calculated.
2025,24C,Black Infant Mortality,Race-Ethnicity,Black,Modoc,24,,,Live Births,2020-2022,0,0.0,Infant Deaths,2020-2022,1000,,Birth Cohort Infant Death Rate,,,,,2030,MICH-02,5.0,Y,1,,3,Denominator values based on fewer than 11 events have been suppressed. Rates for zero events have not been calculated.
2025,24C,Black Infant Mortality,Race-Ethnicity,Black,Mono,25,,,Live Births,2020-2022,0,0.0,Infant Deaths,2020-2022,1000,,Birth Cohort Infant Death Rate,,,,,2030,MICH-02,5.0,Y,1,,3,Denominator values based on fewer than 11 events have been suppressed. Rates for zero events have not been calculated.
2025,24C,Black Infant Mortality,Race-Ethnicity,Black,Plumas,26,,,Live Births,2020-2022,0,0.0,Infant Deaths,2020-2022,1000,,Birth Cohort Infant Death Rate,,,,,2030,MICH-02,5.0,Y,1,,3,Denominator values based on fewer than 11 events have been suppressed. Rates for zero events have not been calculated.
2025,24C,Black Infant Mortality,Race-Ethnicity,Black,Siskiyou,27,,,Live Births,2020-2022,0,0.0,Infant Deaths,2020-2022,1000,,Birth Cohort Infant Death Rate,,,,,2030,MICH-02,5.0,Y,1,,3,Denominator values based on fewer than 11 events have been suppressed. Rates for zero events have not been calculated.
2025,24C,Black Infant Mortality,Race-Ethnicity,Black,Tehama,28,,,Live Births,2020-2022,0,0.0,Infant Deaths,2020-2022,1000,,Birth Cohort Infant Death Rate,,,,,2030,MICH-02,5.0,Y,1,,3,Denominator values based on fewer than 11 events have been suppressed. Rates for zero events have not been calculated.
2025,24C,Black Infant Mortality,Race-Ethnicity,Black,Trinity,29,,,Live Births,2020-2022,0,0.0,Infant Deaths,2020-2022,1000,,Birth Cohort Infant Death Rate,,,,,2030,MICH-02,5.0,Y,1,,3,Denominator values based on fewer than 11 events have been suppressed. Rates for zero events have not been calculated.
2025,24C,Black Infant Mortality,Race-Ethnicity,Black,Tuolumne,30,,,Live Births,2020-2022,0,0.0,Infant Deaths,2020-2022,1000,,Birth Cohort Infant Death Rate,,,,,2030,MICH-02,5.0,Y,1,,3,Denominator values based on fewer than 11 events have been suppressed. Rates for zero events have not been calculated.
2025,24C,Black Infant Mortality,Race-Ethnicity,Black,Orange,,1187,395.7,Live Births,2020-2022,,,Infant Deaths,2020-2022,1000,,Birth Cohort Infant Death Rate,,,,,2030,MICH-02,5.0,Y,,1,1,Numerator values and rates based on fewer than 11 events have been suppressed.
2025,24C,Black Infant Mortality,Race-Ethnicity,Black,Stanislaus,,446,148.7,Live Births,2020-2022,,,Infant Deaths,2020-2022,1000,,Birth Cohort Infant Death Rate,,,,,2030,MICH-02,5.0,Y,,1,1,Numerator values and rates based on fewer than 11 events have been suppressed.
2025,24C,Black Infant Mortality,Race-Ethnicity,Black,Contra Costa,31,2939,979.7,Live Births,2020-2022,17,5.7,Infant Deaths,2020-2022,1000,5.8,Birth Cohort Infant Death Rate,,,3.4,9.3,2030,MICH-02,5.0,N,,,4,Rates with a relative standard error greater than or equal to 23 percent are deemed unreliable.
2025,24C,Black Infant Mortality,Race-Ethnicity,Black,Los Angeles,32,19479,6493.0,Live Births,2020-2022,147,49.0,Infant Deaths,2020-2022,1000,7.5,Birth Cohort Infant Death Rate,,,6.3,8.8,2030,MICH-02,5.0,N,,,,
2025,24C,Black Infant Mortality,Race-Ethnicity,Black,San Joaquin,33,1723,574.3,Live Births,2020-2022,13,4.3,Infant Deaths,2020-2022,1000,7.5,Birth Cohort Infant Death Rate,,,4.0,12.9,2030,MICH-02,5.0,N,,,4,Rates with a relative standard error greater than or equal to 23 percent are deemed unreliable.
2025,24C,Black Infant Mortality,Race-Ethnicity,Black,Solano,34,1574,524.7,Live Births,2020-2022,12,4.0,Infant Deaths,2020-2022,1000,7.6,Birth Cohort Infant Death Rate,,,3.9,13.3,2030,MICH-02,5.0,N,,,4,Rates with a relative standard error greater than or equal to 23 percent are deemed unreliable.
2025,24C,Black Infant Mortality,Race-Ethnicity,Black,CALIFORNIA,,59108,19702.7,Live Births,2020-2022,456,152.0,Infant Deaths,2020-2022,1000,7.7,Birth Cohort Infant Death Rate,,,7.0,8.4,2030,MICH-02,5.0,N,,,,
2025,24C,Black Infant Mortality,Race-Ethnicity,Black,San Diego,35,4617,1539.0,Live Births,2020-2022,36,12.0,Infant Deaths,2020-2022,1000,7.8,Birth Cohort Infant Death Rate,,,5.5,10.8,2030,MICH-02,5.0,N,,,,
2025,24C,Black Infant Mortality,Race-Ethnicity,Black,Alameda,36,4101,1367.0,Live Births,2020-2022,32,10.7,Infant Deaths,2020-2022,1000,7.8,Birth Cohort Infant Death Rate,,,5.3,11.0,2030,MICH-02,5.0,N,,,,
2025,24C,Black Infant Mortality,Race-Ethnicity,Black,Riverside,37,3951,1317.0,Live Births,2020-2022,31,10.3,Infant Deaths,2020-2022,1000,7.8,Birth Cohort Infant Death Rate,,,5.3,11.1,2030,MICH-02,5.0,N,,,,
2025,24C,Black Infant Mortality,Race-Ethnicity,Black,Sacramento,38,4821,1607.0,Live Births,2020-2022,38,12.7,Infant Deaths,2020-2022,1000,7.9,Birth Cohort Infant Death Rate,,,5.6,10.8,2030,MICH-02,5.0,N,,,,
2025,24C,Black Infant Mortality,Race-Ethnicity,Black,San Bernardino,39,5798,1932.7,Live Births,2020-2022,48,16.0,Infant Deaths,2020-2022,1000,8.3,Birth Cohort Infant Death Rate,,,6.1,11.0,2030,MICH-02,5.0,N,,,,
2025,24C,Black Infant Mortality,Race-Ethnicity,Black,Kern,40,1695,565.0,Live Births,2020-2022,15,5.0,Infant Deaths,2020-2022,1000,8.8,Birth Cohort Infant Death Rate,,,5.0,14.6,2030,MICH-02,5.0,N,,,4,Rates with a relative standard error greater than or equal to 23 percent are deemed unreliable.
2025,24C,Black Infant Mortality,Race-Ethnicity,Black,Santa Clara,41,1091,363.7,Live Births,2020-2022,11,3.7,Infant Deaths,2020-2022,1000,10.1,Birth Cohort Infant Death Rate,,,5.0,18.0,2030,MICH-02,5.0,N,,,4,Rates with a relative standard error greater than or equal to 23 percent are deemed unreliable.
2025,24C,Black Infant Mortality,Race-Ethnicity,Black,Fresno,42,1757,585.7,Live Births,2020-2022,18,6.0,Infant Deaths,2020-2022,1000,10.2,Birth Cohort Infant Death Rate,,,6.1,16.2,2030,MICH-02,5.0,N,,,4,Rates with a relative standard error greater than or equal to 23 percent are deemed unreliable.
2025,24C,Black Infant Mortality,Race-Ethnicity,Black,Kings,,277,92.3,Live Births,2020-2022,,,Infant Deaths,2020-2022,1000,,Birth Cohort Infant Death Rate,,,,,2030,MICH-02,5.0,N,,1,1,Numerator values and rates based on fewer than 11 events have been suppressed.
2025,24C,Black Infant Mortality,Race-Ethnicity,Black,Marin,,108,36.0,Live Births,2020-2022,,,Infant Deaths,2020-2022,1000,,Birth Cohort Infant Death Rate,,,,,2030,MICH-02,5.0,N,,1,1,Numerator values and rates based on fewer than 11 events have been suppressed.
2025,24C,Black Infant Mortality,Race-Ethnicity,Black,Merced,,288,96.0,Live Births,2020-2022,,,Infant Deaths,2020-2022,1000,,Birth Cohort Infant Death Rate,,,,,2030,MICH-02,5.0,N,,1,1,Numerator values and rates based on fewer than 11 events have been suppressed.
2025,24C,Black Infant Mortality,Race-Ethnicity,Black,Placer,,175,58.3,Live Births,2020-2022,,,Infant Deaths,2020-2022,1000,,Birth Cohort Infant Death Rate,,,,,2030,MICH-02,5.0,N,,1,1,Numerator values and rates based on fewer than 11 events have been suppressed.
2025,24C,Black Infant Mortality,Race-Ethnicity,Black,San Francisco,,865,288.3,Live Births,2020-2022,,,Infant Deaths,2020-2022,1000,,Birth Cohort Infant Death Rate,,,,,2030,MICH-02,5.0,N,,1,1,Numerator values and rates based on fewer than 11 events have been suppressed.
2025,24C,Black Infant Mortality,Race-Ethnicity,Black,San Luis Obispo,,26,8.7,Live Births,2020-2022,,,Infant Deaths,2020-2022,1000,,Birth Cohort Infant Death Rate,,,,,2030,MICH-02,5.0,N,,1,1,Numerator values and rates based on fewer than 11 events have been suppressed.
2025,24C,Black Infant Mortality,Race-Ethnicity,Black,San Mateo,,264,88.0,Live Births,2020-2022,,,Infant Deaths,2020-2022,1000,,Birth Cohort Infant Death Rate,,,,,2030,MICH-02,5.0,N,,1,1,Numerator values and rates based on fewer than 11 events have been suppressed.
2025,24C,Black Infant Mortality,Race-Ethnicity,Black,Shasta,,49,16.3,Live Births,2020-2022,,,Infant Deaths,2020-2022,1000,,Birth Cohort Infant Death Rate,,,,,2030,MICH-02,5.0,N,,1,1,Numerator values and rates based on fewer than 11 events have been suppressed.
2025,24C,Black Infant Mortality,Race-Ethnicity,Black,Tulare,,224,74.7,Live Births,2020-2022,,,Infant Deaths,2020-2022,1000,,Birth Cohort Infant Death Rate,,,,,2030,MICH-02,5.0,N,,1,1,Numerator values and rates based on fewer than 11 events have been suppressed.
2025,24C,Black Infant Mortality,Race-Ethnicity,Black,Ventura,,340,113.3,Live Births,2020-2022,,,Infant Deaths,2020-2022,1000,,Birth Cohort Infant Death Rate,,,,,2030,MICH-02,5.0,N,,1,1,Numerator values and rates based on fewer than 11 events have been suppressed.
2025,24C,Black Infant Mortality,Race-Ethnicity,Black,Yolo,,177,59.0,Live Births,2020-2022,,,Infant Deaths,2020-2022,1000,,Birth Cohort Infant Death Rate,,,,,2030,MICH-02,5.0,N,,1,1,Numerator values and rates based on fewer than 11 events have been suppressed.
2025,24C,Black Infant Mortality,Race-Ethnicity,Black,Yuba,,109,36.3,Live Births,2020-2022,,,Infant Deaths,2020-2022,1000,,Birth Cohort Infant Death Rate,,,,,2030,MICH-02,5.0,N,,1,1,Numerator values and rates based on fewer than 11 events have been suppressed.
2025,24C,Black Infant Mortality,Race-Ethnicity,Black,Alpine,,0,0.0,Live Births,2020-2022,0,0.0,Infant Deaths,2020-2022,1000,,Birth Cohort Infant Death Rate,,,,,2030,MICH-02,5.0,,,,3,Rates for zero events have not been calculated.
2025,24C,Black Infant Mortality,Race-Ethnicity,Black,Sierra,,0,0.0,Live Births,2020-2022,0,0.0,Infant Deaths,2020-2022,1000,,Birth Cohort Infant Death Rate,,,,,2030,MICH-02,5.0,,,,3,Rates for zero events have not been calculated.
2025,24D,Hispanic Infant Mortality,Race-Ethnicity,Hispanic,Humboldt,1,596,198.7,Live Births,2020-2022,0,0.0,Infant Deaths,2020-2022,1000,,Birth Cohort Infant Death Rate,,,,,2030,MICH-02,5.0,Y,,,3,Rates for zero events have not been calculated.
2025,24D,Hispanic Infant Mortality,Race-Ethnicity,Hispanic,Shasta,2,574,191.3,Live Births,2020-2022,0,0.0,Infant Deaths,2020-2022,1000,,Birth Cohort Infant Death Rate,,,,,2030,MICH-02,5.0,Y,,,3,Rates for zero events have not been calculated.
2025,24D,Hispanic Infant Mortality,Race-Ethnicity,Hispanic,Calaveras,3,195,65.0,Live Births,2020-2022,0,0.0,Infant Deaths,2020-2022,1000,,Birth Cohort Infant Death Rate,,,,,2030,MICH-02,5.0,Y,,,3,Rates for zero events have not been calculated.
2025,24D,Hispanic Infant Mortality,Race-Ethnicity,Hispanic,Amador,4,157,52.3,Live Births,2020-2022,0,0.0,Infant Deaths,2020-2022,1000,,Birth Cohort Infant Death Rate,,,,,2030,MICH-02,5.0,Y,,,3,Rates for zero events have not been calculated.
2025,24D,Hispanic Infant Mortality,Race-Ethnicity,Hispanic,Mono,5,135,45.0,Live Births,2020-2022,0,0.0,Infant Deaths,2020-2022,1000,,Birth Cohort Infant Death Rate,,,,,2030,MICH-02,5.0,Y,,,3,Rates for zero events have not been calculated.
2025,24D,Hispanic Infant Mortality,Race-Ethnicity,Hispanic,Lassen,6,129,43.0,Live Births,2020-2022,0,0.0,Infant Deaths,2020-2022,1000,,Birth Cohort Infant Death Rate,,,,,2030,MICH-02,5.0,Y,,,3,Rates for zero events have not been calculated.
2025,24D,Hispanic Infant Mortality,Race-Ethnicity,Hispanic,Mariposa,7,70,23.3,Live Births,2020-2022,0,0.0,Infant Deaths,2020-2022,1000,,Birth Cohort Infant Death Rate,,,,,2030,MICH-02,5.0,Y,,,3,Rates for zero events have not been calculated.
2025,24D,Hispanic Infant Mortality,Race-Ethnicity,Hispanic,Plumas,8,52,17.3,Live Births,2020-2022,0,0.0,Infant Deaths,2020-2022,1000,,Birth Cohort Infant Death Rate,,,,,2030,MICH-02,5.0,Y,,,3,Rates for zero events have not been calculated.
2025,24D,Hispanic Infant Mortality,Race-Ethnicity,Hispanic,Modoc,9,23,7.7,Live Births,2020-2022,0,0.0,Infant Deaths,2020-2022,1000,,Birth Cohort Infant Death Rate,,,,,2030,MICH-02,5.0,Y,,,3,Rates for zero events have not been calculated.
2025,24D,Hispanic Infant Mortality,Race-Ethnicity,Hispanic,Trinity,10,23,7.7,Live Births,2020-2022,0,0.0,Infant Deaths,2020-2022,1000,,Birth Cohort Infant Death Rate,,,,,2030,MICH-02,5.0,Y,,,3,Rates for zero events have not been calculated.
2025,24D,Hispanic Infant Mortality,Race-Ethnicity,Hispanic,Alpine,11,,,Live Births,2020-2022,0,0.0,Infant Deaths,2020-2022,1000,,Birth Cohort Infant Death Rate,,,,,2030,MICH-02,5.0,Y,1,,3,Denominator values based on fewer than 11 events have been suppressed. Rates for zero events have not been calculated.
2025,24D,Hispanic Infant Mortality,Race-Ethnicity,Hispanic,Sierra,12,,,Live Births,2020-2022,0,0.0,Infant Deaths,2020-2022,1000,,Birth Cohort Infant Death Rate,,,,,2030,MICH-02,5.0,Y,1,,3,Denominator values based on fewer than 11 events have been suppressed. Rates for zero events have not been calculated.
2025,24D,Hispanic Infant Mortality,Race-Ethnicity,Hispanic,Imperial,13,6749,2249.7,Live Births,2020-2022,14,4.7,Infant Deaths,2020-2022,1000,2.1,Birth Cohort Infant Death Rate,,,1.1,3.5,2030,MICH-02,5.0,Y,,,4,Rates with a relative standard error greater than or equal to 23 percent are deemed unreliable.
2025,24D,Hispanic Infant Mortality,Race-Ethnicity,Hispanic,San Diego,14,44465,14821.7,Live Births,2020-2022,104,34.7,Infant Deaths,2020-2022,1000,2.3,Birth Cohort Infant Death Rate,,,1.9,2.8,2030,MICH-02,5.0,Y,,,,
2025,24D,Hispanic Infant Mortality,Race-Ethnicity,Hispanic,San Mateo,15,5457,1819.0,Live Births,2020-2022,15,5.0,Infant Deaths,2020-2022,1000,2.7,Birth Cohort Infant Death Rate,,,1.5,4.5,2030,MICH-02,5.0,Y,,,4,Rates with a relative standard error greater than or equal to 23 percent are deemed unreliable.
2025,24D,Hispanic Infant Mortality,Race-Ethnicity,Hispanic,Alameda,16,13066,4355.3,Live Births,2020-2022,41,13.7,Infant Deaths,2020-2022,1000,3.1,Birth Cohort Infant Death Rate,,,2.3,4.3,2030,MICH-02,5.0,Y,,,,
2025,24D,Hispanic Infant Mortality,Race-Ethnicity,Hispanic,Contra Costa,17,12013,4004.3,Live Births,2020-2022,39,13.0,Infant Deaths,2020-2022,1000,3.2,Birth Cohort Infant Death Rate,,,2.3,4.4,2030,MICH-02,5.0,Y,,,,
2025,24D,Hispanic Infant Mortality,Race-Ethnicity,Hispanic,Santa Clara,18,16703,5567.7,Live Births,2020-2022,57,19.0,Infant Deaths,2020-2022,1000,3.4,Birth Cohort Infant Death Rate,,,2.6,4.4,2030,MICH-02,5.0,Y,,,,
2025,24D,Hispanic Infant Mortality,Race-Ethnicity,Hispanic,Sonoma,19,5279,1759.7,Live Births,2020-2022,18,6.0,Infant Deaths,2020-2022,1000,3.4,Birth Cohort Infant Death Rate,,,2.0,5.4,2030,MICH-02,5.0,Y,,,4,Rates with a relative standard error greater than or equal to 23 percent are deemed unreliable.
2025,24D,Hispanic Infant Mortality,Race-Ethnicity,Hispanic,Orange,20,37455,12485.0,Live Births,2020-2022,131,43.7,Infant Deaths,2020-2022,1000,3.5,Birth Cohort Infant Death Rate,,,2.9,4.1,2030,MICH-02,5.0,Y,,,,
2025,24D,Hispanic Infant Mortality,Race-Ethnicity,Hispanic,Los Angeles,21,154006,51335.3,Live Births,2020-2022,560,186.7,Infant Deaths,2020-2022,1000,3.6,Birth Cohort Infant Death Rate,,,3.3,3.9,2030,MICH-02,5.0,Y,,,,
2025,24D,Hispanic Infant Mortality,Race-Ethnicity,Hispanic,Merced,22,7980,2660.0,Live Births,2020-2022,30,10.0,Infant Deaths,2020-2022,1000,3.8,Birth Cohort Infant Death Rate,,,2.5,5.4,2030,MICH-02,5.0,Y,,,,
2025,24D,Hispanic Infant Mortality,Race-Ethnicity,Hispanic,CALIFORNIA,,572044,190681.3,Live Births,2020-2022,2156,718.7,Infant Deaths,2020-2022,1000,3.8,Birth Cohort Infant Death Rate,,,3.6,3.9,2030,MICH-02,5.0,Y,,,,
2025,24D,Hispanic Infant Mortality,Race-Ethnicity,Hispanic,Riverside,23,46052,15350.7,Live Births,2020-2022,179,59.7,Infant Deaths,2020-2022,1000,3.9,Birth Cohort Infant Death Rate,,,3.3,4.5,2030,MICH-02,5.0,Y,,,,
2025,24D,Hispanic Infant Mortality,Race-Ethnicity,Hispanic,Ventura,24,14271,4757.0,Live Births,2020-2022,55,18.3,Infant Deaths,2020-2022,1000,3.9,Birth Cohort Infant Death Rate,,,2.9,5.0,2030,MICH-02,5.0,Y,,,,
2025,24D,Hispanic Infant Mortality,Race-Ethnicity,Hispanic,San Joaquin,25,13981,4660.3,Live Births,2020-2022,55,18.3,Infant Deaths,2020-2022,1000,3.9,Birth Cohort Infant Death Rate,,,3.0,5.1,2030,MICH-02,5.0,Y,,,,
2025,24D,Hispanic Infant Mortality,Race-Ethnicity,Hispanic,Solano,26,5326,1775.3,Live Births,2020-2022,21,7.0,Infant Deaths,2020-2022,1000,3.9,Birth Cohort Infant Death Rate,,,2.4,6.0,2030,MICH-02,5.0,Y,,,,
2025,24D,Hispanic Infant Mortality,Race-Ethnicity,Hispanic,San Francisco,27,4133,1377.7,Live Births,2020-2022,16,5.3,Infant Deaths,2020-2022,1000,3.9,Birth Cohort Infant Death Rate,,,2.2,6.3,2030,MICH-02,5.0,Y,,,4,Rates with a relative standard error greater than or equal to 23 percent are deemed unreliable.
2025,24D,Hispanic Infant Mortality,Race-Ethnicity,Hispanic,Stanislaus,28,11995,3998.3,Live Births,2020-2022,48,16.0,Infant Deaths,2020-2022,1000,4.0,Birth Cohort Infant Death Rate,,,3.0,5.3,2030,MICH-02,5.0,Y,,,,
2025,24D,Hispanic Infant Mortality,Race-Ethnicity,Hispanic,San Bernardino,29,45244,15081.3,Live Births,2020-2022,192,64.0,Infant Deaths,2020-2022,1000,4.2,Birth Cohort Infant Death Rate,,,3.6,4.8,2030,MICH-02,5.0,Y,,,,
2025,24D,Hispanic Infant Mortality,Race-Ethnicity,Hispanic,Santa Barbara,30,10957,3652.3,Live Births,2020-2022,48,16.0,Infant Deaths,2020-2022,1000,4.4,Birth Cohort Infant Death Rate,,,3.2,5.8,2030,MICH-02,5.0,Y,,,,
2025,24D,Hispanic Infant Mortality,Race-Ethnicity,Hispanic,Fresno,31,23854,7951.3,Live Births,2020-2022,111,37.0,Infant Deaths,2020-2022,1000,4.7,Birth Cohort Infant Death Rate,,,3.8,5.5,2030,MICH-02,5.0,Y,,,,
2025,24D,Hispanic Infant Mortality,Race-Ethnicity,Hispanic,Madera,32,4369,1456.3,Live Births,2020-2022,21,7.0,Infant Deaths,2020-2022,1000,4.8,Birth Cohort Infant Death Rate,,,3.0,7.3,2030,MICH-02,5.0,Y,,,,
2025,24D,Hispanic Infant Mortality,Race-Ethnicity,Hispanic,Sacramento,33,14780,4926.7,Live Births,2020-2022,73,24.3,Infant Deaths,2020-2022,1000,4.9,Birth Cohort Infant Death Rate,,,3.9,6.2,2030,MICH-02,5.0,Y,,,,
2025,24D,Hispanic Infant Mortality,Race-Ethnicity,Hispanic,Kings,34,4041,1347.0,Live Births,2020-2022,20,6.7,Infant Deaths,2020-2022,1000,4.9,Birth Cohort Infant Death Rate,,,3.0,7.6,2030,MICH-02,5.0,Y,,,,
2025,24D,Hispanic Infant Mortality,Race-Ethnicity,Hispanic,Butte,,1280,426.7,Live Births,2020-2022,,,Infant Deaths,2020-2022,1000,,Birth Cohort Infant Death Rate,,,,,2030,MICH-02,5.0,Y,,1,1,Numerator values and rates based on fewer than 11 events have been suppressed.
2025,24D,Hispanic Infant Mortality,Race-Ethnicity,Hispanic,Colusa,,552,184.0,Live Births,2020-2022,,,Infant Deaths,2020-2022,1000,,Birth Cohort Infant Death Rate,,,,,2030,MICH-02,5.0,Y,,1,1,Numerator values and rates based on fewer than 11 events have been suppressed.
2025,24D,Hispanic Infant Mortality,Race-Ethnicity,Hispanic,Glenn,,535,178.3,Live Births,2020-2022,,,Infant Deaths,2020-2022,1000,,Birth Cohort Infant Death Rate,,,,,2030,MICH-02,5.0,Y,,1,1,Numerator values and rates based on fewer than 11 events have been suppressed.
2025,24D,Hispanic Infant Mortality,Race-Ethnicity,Hispanic,Marin,,1871,623.7,Live Births,2020-2022,,,Infant Deaths,2020-2022,1000,,Birth Cohort Infant Death Rate,,,,,2030,MICH-02,5.0,Y,,1,1,Numerator values and rates based on fewer than 11 events have been suppressed.
2025,24D,Hispanic Infant Mortality,Race-Ethnicity,Hispanic,Mendocino,,1046,348.7,Live Births,2020-2022,,,Infant Deaths,2020-2022,1000,,Birth Cohort Infant Death Rate,,,,,2030,MICH-02,5.0,Y,,1,1,Numerator values and rates based on fewer than 11 events have been suppressed.
2025,24D,Hispanic Infant Mortality,Race-Ethnicity,Hispanic,Napa,,1733,577.7,Live Births,2020-2022,,,Infant Deaths,2020-2022,1000,,Birth Cohort Infant Death Rate,,,,,2030,MICH-02,5.0,Y,,1,1,Numerator values and rates based on fewer than 11 events have been suppressed.
2025,24D,Hispanic Infant Mortality,Race-Ethnicity,Hispanic,Nevada,,343,114.3,Live Births,2020-2022,,,Infant Deaths,2020-2022,1000,,Birth Cohort Infant Death Rate,,,,,2030,MICH-02,5.0,Y,,1,1,Numerator values and rates based on fewer than 11 events have been suppressed.
2025,24D,Hispanic Infant Mortality,Race-Ethnicity,Hispanic,Placer,,2094,698.0,Live Births,2020-2022,,,Infant Deaths,2020-2022,1000,,Birth Cohort Infant Death Rate,,,,,2030,MICH-02,5.0,Y,,1,1,Numerator values and rates based on fewer than 11 events have been suppressed.
2025,24D,Hispanic Infant Mortality,Race-Ethnicity,Hispanic,San Benito,,1270,423.3,Live Births,2020-2022,,,Infant Deaths,2020-2022,1000,,Birth Cohort Infant Death Rate,,,,,2030,MICH-02,5.0,Y,,1,1,Numerator values and rates based on fewer than 11 events have been suppressed.
2025,24D,Hispanic Infant Mortality,Race-Ethnicity,Hispanic,San Luis Obispo,,2525,841.7,Live Births,2020-2022,,,Infant Deaths,2020-2022,1000,,Birth Cohort Infant Death Rate,,,,,2030,MICH-02,5.0,Y,,1,1,Numerator values and rates based on fewer than 11 events have been suppressed.
2025,24D,Hispanic Infant Mortality,Race-Ethnicity,Hispanic,Santa Cruz,,3294,1098.0,Live Births,2020-2022,,,Infant Deaths,2020-2022,1000,,Birth Cohort Infant Death Rate,,,,,2030,MICH-02,5.0,Y,,1,1,Numerator values and rates based on fewer than 11 events have been suppressed.
2025,24D,Hispanic Infant Mortality,Race-Ethnicity,Hispanic,Sutter,,1352,450.7,Live Births,2020-2022,,,Infant Deaths,2020-2022,1000,,Birth Cohort Infant Death Rate,,,,,2030,MICH-02,5.0,Y,,1,1,Numerator values and rates based on fewer than 11 events have been suppressed.
2025,24D,Hispanic Infant Mortality,Race-Ethnicity,Hispanic,Tehama,,889,296.3,Live Births,2020-2022,,,Infant Deaths,2020-2022,1000,,Birth Cohort Infant Death Rate,,,,,2030,MICH-02,5.0,Y,,1,1,Numerator values and rates based on fewer than 11 events have been suppressed.
2025,24D,Hispanic Infant Mortality,Race-Ethnicity,Hispanic,Yolo,,2295,765.0,Live Births,2020-2022,,,Infant Deaths,2020-2022,1000,,Birth Cohort Infant Death Rate,,,,,2030,MICH-02,5.0,Y,,1,1,Numerator values and rates based on fewer than 11 events have been suppressed.
2025,24D,Hispanic Infant Mortality,Race-Ethnicity,Hispanic,Yuba,,1120,373.3,Live Births,2020-2022,,,Infant Deaths,2020-2022,1000,,Birth Cohort Infant Death Rate,,,,,2030,MICH-02,5.0,Y,,1,1,Numerator values and rates based on fewer than 11 events have been suppressed.
2025,24D,Hispanic Infant Mortality,Race-Ethnicity,Hispanic,Tulare,35,12982,4327.3,Live Births,2020-2022,68,22.7,Infant Deaths,2020-2022,1000,5.2,Birth Cohort Infant Death Rate,,,4.1,6.6,2030,MICH-02,5.0,N,,,,
2025,24D,Hispanic Infant Mortality,Race-Ethnicity,Hispanic,Monterey,36,12550,4183.3,Live Births,2020-2022,65,21.7,Infant Deaths,2020-2022,1000,5.2,Birth Cohort Infant Death Rate,,,4.0,6.6,2030,MICH-02,5.0,N,,,,
2025,24D,Hispanic Infant Mortality,Race-Ethnicity,Hispanic,Kern,37,18012,6004.0,Live Births,2020-2022,98,32.7,Infant Deaths,2020-2022,1000,5.4,Birth Cohort Infant Death Rate,,,4.4,6.6,2030,MICH-02,5.0,N,,,,
2025,24D,Hispanic Infant Mortality,Race-Ethnicity,Hispanic,Del Norte,,151,50.3,Live Births,2020-2022,,,Infant Deaths,2020-2022,1000,,Birth Cohort Infant Death Rate,,,,,2030,MICH-02,5.0,N,,1,1,Numerator values and rates based on fewer than 11 events have been suppressed.
2025,24D,Hispanic Infant Mortality,Race-Ethnicity,Hispanic,El Dorado,,803,267.7,Live Births,2020-2022,,,Infant Deaths,2020-2022,1000,,Birth Cohort Infant Death Rate,,,,,2030,MICH-02,5.0,N,,1,1,Numerator values and rates based on fewer than 11 events have been suppressed.
2025,24D,Hispanic Infant Mortality,Race-Ethnicity,Hispanic,Inyo,,125,41.7,Live Births,2020-2022,,,Infant Deaths,2020-2022,1000,,Birth Cohort Infant Death Rate,,,,,2030,MICH-02,5.0,N,,1,1,Numerator values and rates based on fewer than 11 events have been suppressed.
2025,24D,Hispanic Infant Mortality,Race-Ethnicity,Hispanic,Lake,,734,244.7,Live Births,2020-2022,,,Infant Deaths,2020-2022,1000,,Birth Cohort Infant Death Rate,,,,,2030,MICH-02,5.0,N,,1,1,Numerator values and rates based on fewer than 11 events have been suppressed.
2025,24D,Hispanic Infant Mortality,Race-Ethnicity,Hispanic,Siskiyou,,169,56.3,Live Births,2020-2022,,,Infant Deaths,2020-2022,1000,,Birth Cohort Infant Death Rate,,,,,2030,MICH-02,5.0,N,,1,1,Numerator values and rates based on fewer than 11 events have been suppressed.
2025,24D,Hispanic Infant Mortality,Race-Ethnicity,Hispanic,Tuolumne,,178,59.3,Live Births,2020-2022,,,Infant Deaths,2020-2022,1000,,Birth Cohort Infant Death Rate,,,,,2030,MICH-02,5.0,N,,1,1,Numerator values and rates based on fewer than 11 events have been suppressed.
2025,24E,White Infant Mortality,Race-Ethnicity,White,Amador,1,657,219.0,Live Births,2020-2022,0,0.0,Infant Deaths,2020-2022,1000,,Birth Cohort Infant Death Rate,,,,,2030,MICH-02,5.0,Y,,,3,Rates for zero events have not been calculated.
2025,24E,White Infant Mortality,Race-Ethnicity,White,Lassen,2,440,146.7,Live Births,2020-2022,0,0.0,Infant Deaths,2020-2022,1000,,Birth Cohort Infant Death Rate,,,,,2030,MICH-02,5.0,Y,,,3,Rates for zero events have not been calculated.
2025,24E,White Infant Mortality,Race-Ethnicity,White,Inyo,3,182,60.7,Live Births,2020-2022,0,0.0,Infant Deaths,2020-2022,1000,,Birth Cohort Infant Death Rate,,,,,2030,MICH-02,5.0,Y,,,3,Rates for zero events have not been calculated.
2025,24E,White Infant Mortality,Race-Ethnicity,White,Mono,4,159,53.0,Live Births,2020-2022,0,0.0,Infant Deaths,2020-2022,1000,,Birth Cohort Infant Death Rate,,,,,2030,MICH-02,5.0,Y,,,3,Rates for zero events have not been calculated.
2025,24E,White Infant Mortality,Race-Ethnicity,White,Sierra,5,43,14.3,Live Births,2020-2022,0,0.0,Infant Deaths,2020-2022,1000,,Birth Cohort Infant Death Rate,,,,,2030,MICH-02,5.0,Y,,,3,Rates for zero events have not been calculated.
2025,24E,White Infant Mortality,Race-Ethnicity,White,Alpine,6,15,5.0,Live Births,2020-2022,0,0.0,Infant Deaths,2020-2022,1000,,Birth Cohort Infant Death Rate,,,,,2030,MICH-02,5.0,Y,,,3,Rates for zero events have not been calculated.
2025,24E,White Infant Mortality,Race-Ethnicity,White,San Diego,7,35445,11815.0,Live Births,2020-2022,43,14.3,Infant Deaths,2020-2022,1000,1.2,Birth Cohort Infant Death Rate,,,0.9,1.6,2030,MICH-02,5.0,Y,,,,
2025,24E,White Infant Mortality,Race-Ethnicity,White,Ventura,8,8434,2811.3,Live Births,2020-2022,15,5.0,Infant Deaths,2020-2022,1000,1.8,Birth Cohort Infant Death Rate,,,1.0,2.9,2030,MICH-02,5.0,Y,,,4,Rates with a relative standard error greater than or equal to 23 percent are deemed unreliable.
2025,24E,White Infant Mortality,Race-Ethnicity,White,Sonoma,9,5875,1958.3,Live Births,2020-2022,12,4.0,Infant Deaths,2020-2022,1000,2.0,Birth Cohort Infant Death Rate,,,1.1,3.6,2030,MICH-02,5.0,Y,,,4,Rates with a relative standard error greater than or equal to 23 percent are deemed unreliable.
2025,24E,White Infant Mortality,Race-Ethnicity,White,Contra Costa,10,11376,3792.0,Live Births,2020-2022,24,8.0,Infant Deaths,2020-2022,1000,2.1,Birth Cohort Infant Death Rate,,,1.4,3.1,2030,MICH-02,5.0,Y,,,,
2025,24E,White Infant Mortality,Race-Ethnicity,White,Placer,11,6766,2255.3,Live Births,2020-2022,15,5.0,Infant Deaths,2020-2022,1000,2.2,Birth Cohort Infant Death Rate,,,1.2,3.7,2030,MICH-02,5.0,Y,,,4,Rates with a relative standard error greater than or equal to 23 percent are deemed unreliable.
2025,24E,White Infant Mortality,Race-Ethnicity,White,Los Angeles,12,56415,18805.0,Live Births,2020-2022,129,43.0,Infant Deaths,2020-2022,1000,2.3,Birth Cohort Infant Death Rate,,,1.9,2.7,2030,MICH-02,5.0,Y,,,,
2025,24E,White Infant Mortality,Race-Ethnicity,White,Santa Clara,13,10970,3656.7,Live Births,2020-2022,25,8.3,Infant Deaths,2020-2022,1000,2.3,Birth Cohort Infant Death Rate,,,1.5,3.4,2030,MICH-02,5.0,Y,,,,
2025,24E,White Infant Mortality,Race-Ethnicity,White,Orange,14,27224,9074.7,Live Births,2020-2022,68,22.7,Infant Deaths,2020-2022,1000,2.5,Birth Cohort Infant Death Rate,,,1.9,3.2,2030,MICH-02,5.0,Y,,,,
2025,24E,White Infant Mortality,Race-Ethnicity,White,Alameda,15,11442,3814.0,Live Births,2020-2022,31,10.3,Infant Deaths,2020-2022,1000,2.7,Birth Cohort Infant Death Rate,,,1.8,3.8,2030,MICH-02,5.0,Y,,,,
2025,24E,White Infant Mortality,Race-Ethnicity,White,CALIFORNIA,,327130,109043.3,Live Births,2020-2022,890,296.7,Infant Deaths,2020-2022,1000,2.7,Birth Cohort Infant Death Rate,,,2.5,2.9,2030,MICH-02,5.0,Y,,,,
2025,24E,White Infant Mortality,Race-Ethnicity,White,Solano,16,3891,1297.0,Live Births,2020-2022,12,4.0,Infant Deaths,2020-2022,1000,3.1,Birth Cohort Infant Death Rate,,,1.6,5.4,2030,MICH-02,5.0,Y,,,4,Rates with a relative standard error greater than or equal to 23 percent are deemed unreliable.
2025,24E,White Infant Mortality,Race-Ethnicity,White,Riverside,17,16032,5344.0,Live Births,2020-2022,52,17.3,Infant Deaths,2020-2022,1000,3.2,Birth Cohort Infant Death Rate,,,2.4,4.3,2030,MICH-02,5.0,Y,,,,
2025,24E,White Infant Mortality,Race-Ethnicity,White,San Joaquin,18,5328,1776.0,Live Births,2020-2022,17,5.7,Infant Deaths,2020-2022,1000,3.2,Birth Cohort Infant Death Rate,,,1.9,5.1,2030,MICH-02,5.0,Y,,,4,Rates with a relative standard error greater than or equal to 23 percent are deemed unreliable.
2025,24E,White Infant Mortality,Race-Ethnicity,White,San Bernardino,19,13735,4578.3,Live Births,2020-2022,50,16.7,Infant Deaths,2020-2022,1000,3.6,Birth Cohort Infant Death Rate,,,2.7,4.8,2030,MICH-02,5.0,Y,,,,
2025,24E,White Infant Mortality,Race-Ethnicity,White,Butte,20,3512,1170.7,Live Births,2020-2022,13,4.3,Infant Deaths,2020-2022,1000,3.7,Birth Cohort Infant Death Rate,,,2.0,6.3,2030,MICH-02,5.0,Y,,,4,Rates with a relative standard error greater than or equal to 23 percent are deemed unreliable.
2025,24E,White Infant Mortality,Race-Ethnicity,White,Sacramento,21,19103,6367.7,Live Births,2020-2022,72,24.0,Infant Deaths,2020-2022,1000,3.8,Birth Cohort Infant Death Rate,,,2.9,4.7,2030,MICH-02,5.0,Y,,,,
2025,24E,White Infant Mortality,Race-Ethnicity,White,Fresno,22,6877,2292.3,Live Births,2020-2022,29,9.7,Infant Deaths,2020-2022,1000,4.2,Birth Cohort Infant Death Rate,,,2.8,6.1,2030,MICH-02,5.0,Y,,,,
2025,24E,White Infant Mortality,Race-Ethnicity,White,Tulare,23,5496,1832.0,Live Births,2020-2022,23,7.7,Infant Deaths,2020-2022,1000,4.2,Birth Cohort Infant Death Rate,,,2.7,6.3,2030,MICH-02,5.0,Y,,,,
2025,24E,White Infant Mortality,Race-Ethnicity,White,Kern,24,12437,4145.7,Live Births,2020-2022,56,18.7,Infant Deaths,2020-2022,1000,4.5,Birth Cohort Infant Death Rate,,,3.4,5.8,2030,MICH-02,5.0,Y,,,,
2025,24E,White Infant Mortality,Race-Ethnicity,White,Calaveras,,793,264.3,Live Births,2020-2022,,,Infant Deaths,2020-2022,1000,,Birth Cohort Infant Death Rate,,,,,2030,MICH-02,5.0,Y,,1,1,Numerator values and rates based on fewer than 11 events have been suppressed.
2025,24E,White Infant Mortality,Race-Ethnicity,White,El Dorado,,3089,1029.7,Live Births,2020-2022,,,Infant Deaths,2020-2022,1000,,Birth Cohort Infant Death Rate,,,,,2030,MICH-02,5.0,Y,,1,1,Numerator values and rates based on fewer than 11 events have been suppressed.
2025,24E,White Infant Mortality,Race-Ethnicity,White,Humboldt,,2048,682.7,Live Births,2020-2022,,,Infant Deaths,2020-2022,1000,,Birth Cohort Infant Death Rate,,,,,2030,MICH-02,5.0,Y,,1,1,Numerator values and rates based on fewer than 11 events have been suppressed.
2025,24E,White Infant Mortality,Race-Ethnicity,White,Imperial,,349,116.3,Live Births,2020-2022,,,Infant Deaths,2020-2022,1000,,Birth Cohort Infant Death Rate,,,,,2030,MICH-02,5.0,Y,,1,1,Numerator values and rates based on fewer than 11 events have been suppressed.
2025,24E,White Infant Mortality,Race-Ethnicity,White,Kings,,1543,514.3,Live Births,2020-2022,,,Infant Deaths,2020-2022,1000,,Birth Cohort Infant Death Rate,,,,,2030,MICH-02,5.0,Y,,1,1,Numerator values and rates based on fewer than 11 events have been suppressed.
2025,24E,White Infant Mortality,Race-Ethnicity,White,Lake,,994,331.3,Live Births,2020-2022,,,Infant Deaths,2020-2022,1000,,Birth Cohort Infant Death Rate,,,,,2030,MICH-02,5.0,Y,,1,1,Numerator values and rates based on fewer than 11 events have been suppressed.
2025,24E,White Infant Mortality,Race-Ethnicity,White,Marin,,3171,1057.0,Live Births,2020-2022,,,Infant Deaths,2020-2022,1000,,Birth Cohort Infant Death Rate,,,,,2030,MICH-02,5.0,Y,,1,1,Numerator values and rates based on fewer than 11 events have been suppressed.
2025,24E,White Infant Mortality,Race-Ethnicity,White,Merced,,1932,644.0,Live Births,2020-2022,,,Infant Deaths,2020-2022,1000,,Birth Cohort Infant Death Rate,,,,,2030,MICH-02,5.0,Y,,1,1,Numerator values and rates based on fewer than 11 events have been suppressed.
2025,24E,White Infant Mortality,Race-Ethnicity,White,Monterey,,2571,857.0,Live Births,2020-2022,,,Infant Deaths,2020-2022,1000,,Birth Cohort Infant Death Rate,,,,,2030,MICH-02,5.0,Y,,1,1,Numerator values and rates based on fewer than 11 events have been suppressed.
2025,24E,White Infant Mortality,Race-Ethnicity,White,Napa,,1285,428.3,Live Births,2020-2022,,,Infant Deaths,2020-2022,1000,,Birth Cohort Infant Death Rate,,,,,2030,MICH-02,5.0,Y,,1,1,Numerator values and rates based on fewer than 11 events have been suppressed.
2025,24E,White Infant Mortality,Race-Ethnicity,White,Nevada,,1658,552.7,Live Births,2020-2022,,,Infant Deaths,2020-2022,1000,,Birth Cohort Infant Death Rate,,,,,2030,MICH-02,5.0,Y,,1,1,Numerator values and rates based on fewer than 11 events have been suppressed.
2025,24E,White Infant Mortality,Race-Ethnicity,White,San Benito,,499,166.3,Live Births,2020-2022,,,Infant Deaths,2020-2022,1000,,Birth Cohort Infant Death Rate,,,,,2030,MICH-02,5.0,Y,,1,1,Numerator values and rates based on fewer than 11 events have been suppressed.
2025,24E,White Infant Mortality,Race-Ethnicity,White,San Francisco,,7860,2620.0,Live Births,2020-2022,,,Infant Deaths,2020-2022,1000,,Birth Cohort Infant Death Rate,,,,,2030,MICH-02,5.0,Y,,1,1,Numerator values and rates based on fewer than 11 events have been suppressed.
2025,24E,White Infant Mortality,Race-Ethnicity,White,San Luis Obispo,,3622,1207.3,Live Births,2020-2022,,,Infant Deaths,2020-2022,1000,,Birth Cohort Infant Death Rate,,,,,2030,MICH-02,5.0,Y,,1,1,Numerator values and rates based on fewer than 11 events have been suppressed.
2025,24E,White Infant Mortality,Race-Ethnicity,White,San Mateo,,6319,2106.3,Live Births,2020-2022,,,Infant Deaths,2020-2022,1000,,Birth Cohort Infant Death Rate,,,,,2030,MICH-02,5.0,Y,,1,1,Numerator values and rates based on fewer than 11 events have been suppressed.
2025,24E,White Infant Mortality,Race-Ethnicity,White,Santa Barbara,,4196,1398.7,Live Births,2020-2022,,,Infant Deaths,2020-2022,1000,,Birth Cohort Infant Death Rate,,,,,2030,MICH-02,5.0,Y,,1,1,Numerator values and rates based on fewer than 11 events have been suppressed.
2025,24E,White Infant Mortality,Race-Ethnicity,White,Santa Cruz,,2345,781.7,Live Births,2020-2022,,,Infant Deaths,2020-2022,1000,,Birth Cohort Infant Death Rate,,,,,2030,MICH-02,5.0,Y,,1,1,Numerator values and rates based on fewer than 11 events have been suppressed.
2025,24E,White Infant Mortality,Race-Ethnicity,White,Siskiyou,,641,213.7,Live Births,2020-2022,,,Infant Deaths,2020-2022,1000,,Birth Cohort Infant Death Rate,,,,,2030,MICH-02,5.0,Y,,1,1,Numerator values and rates based on fewer than 11 events have been suppressed.
2025,24E,White Infant Mortality,Race-Ethnicity,White,Sutter,,1175,391.7,Live Births,2020-2022,,,Infant Deaths,2020-2022,1000,,Birth Cohort Infant Death Rate,,,,,2030,MICH-02,5.0,Y,,1,1,Numerator values and rates based on fewer than 11 events have been suppressed.
2025,24E,White Infant Mortality,Race-Ethnicity,White,Tuolumne,,998,332.7,Live Births,2020-2022,,,Infant Deaths,2020-2022,1000,,Birth Cohort Infant Death Rate,,,,,2030,MICH-02,5.0,Y,,1,1,Numerator values and rates based on fewer than 11 events have been suppressed.
2025,24E,White Infant Mortality,Race-Ethnicity,White,Yolo,,2063,687.7,Live Births,2020-2022,,,Infant Deaths,2020-2022,1000,,Birth Cohort Infant Death Rate,,,,,2030,MICH-02,5.0,Y,,1,1,Numerator values and rates based on fewer than 11 events have been suppressed.
2025,24E,White Infant Mortality,Race-Ethnicity,White,Shasta,25,3261,1087.0,Live Births,2020-2022,17,5.7,Infant Deaths,2020-2022,1000,5.2,Birth Cohort Infant Death Rate,,,3.0,8.3,2030,MICH-02,5.0,N,,,4,Rates with a relative standard error greater than or equal to 23 percent are deemed unreliable.
2025,24E,White Infant Mortality,Race-Ethnicity,White,Stanislaus,26,5990,1996.7,Live Births,2020-2022,37,12.3,Infant Deaths,2020-2022,1000,6.2,Birth Cohort Infant Death Rate,,,4.3,8.5,2030,MICH-02,5.0,N,,,,
2025,24E,White Infant Mortality,Race-Ethnicity,White,Colusa,,185,61.7,Live Births,2020-2022,,,Infant Deaths,2020-2022,1000,,Birth Cohort Infant Death Rate,,,,,2030,MICH-02,5.0,N,,1,1,Numerator values and rates based on fewer than 11 events have been suppressed.
2025,24E,White Infant Mortality,Race-Ethnicity,White,Del Norte,,350,116.7,Live Births,2020-2022,,,Infant Deaths,2020-2022,1000,,Birth Cohort Infant Death Rate,,,,,2030,MICH-02,5.0,N,,1,1,Numerator values and rates based on fewer than 11 events have been suppressed.
2025,24E,White Infant Mortality,Race-Ethnicity,White,Glenn,,462,154.0,Live Births,2020-2022,,,Infant Deaths,2020-2022,1000,,Birth Cohort Infant Death Rate,,,,,2030,MICH-02,5.0,N,,1,1,Numerator values and rates based on fewer than 11 events have been suppressed.
2025,24E,White Infant Mortality,Race-Ethnicity,White,Madera,,1140,380.0,Live Births,2020-2022,,,Infant Deaths,2020-2022,1000,,Birth Cohort Infant Death Rate,,,,,2030,MICH-02,5.0,N,,1,1,Numerator values and rates based on fewer than 11 events have been suppressed.
2025,24E,White Infant Mortality,Race-Ethnicity,White,Mariposa,,302,100.7,Live Births,2020-2022,,,Infant Deaths,2020-2022,1000,,Birth Cohort Infant Death Rate,,,,,2030,MICH-02,5.0,N,,1,1,Numerator values and rates based on fewer than 11 events have been suppressed.
2025,24E,White Infant Mortality,Race-Ethnicity,White,Mendocino,,1226,408.7,Live Births,2020-2022,,,Infant Deaths,2020-2022,1000,,Birth Cohort Infant Death Rate,,,,,2030,MICH-02,5.0,N,,1,1,Numerator values and rates based on fewer than 11 events have been suppressed.
2025,24E,White Infant Mortality,Race-Ethnicity,White,Modoc,,71,23.7,Live Births,2020-2022,,,Infant Deaths,2020-2022,1000,,Birth Cohort Infant Death Rate,,,,,2030,MICH-02,5.0,N,,1,1,Numerator values and rates based on fewer than 11 events have been suppressed.
2025,24E,White Infant Mortality,Race-Ethnicity,White,Plumas,,289,96.3,Live Births,2020-2022,,,Infant Deaths,2020-2022,1000,,Birth Cohort Infant Death Rate,,,,,2030,MICH-02,5.0,N,,1,1,Numerator values and rates based on fewer than 11 events have been suppressed.
2025,24E,White Infant Mortality,Race-Ethnicity,White,Tehama,,1160,386.7,Live Births,2020-2022,,,Infant Deaths,2020-2022,1000,,Birth Cohort Infant Death Rate,,,,,2030,MICH-02,5.0,N,,1,1,Numerator values and rates based on fewer than 11 events have been suppressed.
2025,24E,White Infant Mortality,Race-Ethnicity,White,Trinity,,197,65.7,Live Births,2020-2022,,,Infant Deaths,2020-2022,1000,,Birth Cohort Infant Death Rate,,,,,2030,MICH-02,5.0,N,,1,1,Numerator values and rates based on fewer than 11 events have been suppressed.
2025,24E,White Infant Mortality,Race-Ethnicity,White,Yuba,,1492,497.3,Live Births,2020-2022,,,Infant Deaths,2020-2022,1000,,Birth Cohort Infant Death Rate,,,,,2030,MICH-02,5.0,N,,1,1,Numerator values and rates based on fewer than 11 events have been suppressed.
2025,25,Low Birthweight Infants,Total Live Births,Total Live Births,Nevada,1,2358,786.0,Live Births,2021-2023,119,39.7,Low Birthweight Number,2021-2023,100,5.0,Low Birthweight Percent,,,4.1,6.0,2030,,,,,,,
2025,25,Low Birthweight Infants,Total Live Births,Total Live Births,Glenn,2,1035,345.0,Live Births,2021-2023,52,17.3,Low Birthweight Number,2021-2023,100,5.0,Low Birthweight Percent,,,3.8,6.6,2030,,,,,,,
2025,25,Low Birthweight Infants,Total Live Births,Total Live Births,Marin,3,6761,2253.7,Live Births,2021-2023,377,125.7,Low Birthweight Number,2021-2023,100,5.6,Low Birthweight Percent,,,5.0,6.1,2030,,,,,,,
2025,25,Low Birthweight Infants,Total Live Births,Total Live Births,Placer,4,11377,3792.3,Live Births,2021-2023,651,217.0,Low Birthweight Number,2021-2023,100,5.7,Low Birthweight Percent,,,5.3,6.2,2030,,,,,,,
2025,25,Low Birthweight Infants,Total Live Births,Total Live Births,Sonoma,5,13336,4445.3,Live Births,2021-2023,786,262.0,Low Birthweight Number,2021-2023,100,5.9,Low Birthweight Percent,,,5.5,6.3,2030,,,,,,,
2025,25,Low Birthweight Infants,Total Live Births,Total Live Births,Yolo,6,5771,1923.7,Live Births,2021-2023,355,118.3,Low Birthweight Number,2021-2023,100,6.2,Low Birthweight Percent,,,5.5,6.8,2030,,,,,,,
2025,25,Low Birthweight Infants,Total Live Births,Total Live Births,Santa Cruz,7,6696,2232.0,Live Births,2021-2023,430,143.3,Low Birthweight Number,2021-2023,100,6.4,Low Birthweight Percent,,,5.8,7.0,2030,,,,,,,
2025,25,Low Birthweight Infants,Total Live Births,Total Live Births,El Dorado,8,4596,1532.0,Live Births,2021-2023,297,99.0,Low Birthweight Number,2021-2023,100,6.5,Low Birthweight Percent,,,5.7,7.2,2030,,,,,,,
2025,25,Low Birthweight Infants,Total Live Births,Total Live Births,Humboldt,9,3538,1179.3,Live Births,2021-2023,229,76.3,Low Birthweight Number,2021-2023,100,6.5,Low Birthweight Percent,,,5.6,7.3,2030,,,,,,,
2025,25,Low Birthweight Infants,Total Live Births,Total Live Births,Mendocino,10,2561,853.7,Live Births,2021-2023,166,55.3,Low Birthweight Number,2021-2023,100,6.5,Low Birthweight Percent,,,5.5,7.5,2030,,,,,,,
2025,25,Low Birthweight Infants,Total Live Births,Total Live Births,Calaveras,11,1138,379.3,Live Births,2021-2023,74,24.7,Low Birthweight Number,2021-2023,100,6.5,Low Birthweight Percent,,,5.1,8.2,2030,,,,,,,
2025,25,Low Birthweight Infants,Total Live Births,Total Live Births,Ventura,12,25987,8662.3,Live Births,2021-2023,1724,574.7,Low Birthweight Number,2021-2023,100,6.6,Low Birthweight Percent,,,6.3,6.9,2030,,,,,,,
2025,25,Low Birthweight Infants,Total Live Births,Total Live Births,Madera,13,6401,2133.7,Live Births,2021-2023,420,140.0,Low Birthweight Number,2021-2023,100,6.6,Low Birthweight Percent,,,5.9,7.2,2030,,,,,,,
2025,25,Low Birthweight Infants,Total Live Births,Total Live Births,San Luis Obispo,14,7306,2435.3,Live Births,2021-2023,499,166.3,Low Birthweight Number,2021-2023,100,6.8,Low Birthweight Percent,,,6.2,7.4,2030,,,,,,,
2025,25,Low Birthweight Infants,Total Live Births,Total Live Births,Monterey,15,16481,5493.7,Live Births,2021-2023,1137,379.0,Low Birthweight Number,2021-2023,100,6.9,Low Birthweight Percent,,,6.5,7.3,2030,,,,,,,
2025,25,Low Birthweight Infants,Total Live Births,Total Live Births,Napa,16,3585,1195.0,Live Births,2021-2023,248,82.7,Low Birthweight Number,2021-2023,100,6.9,Low Birthweight Percent,,,6.1,7.8,2030,,,,,,,
2025,25,Low Birthweight Infants,Total Live Births,Total Live Births,San Benito,17,2466,822.0,Live Births,2021-2023,171,57.0,Low Birthweight Number,2021-2023,100,6.9,Low Birthweight Percent,,,5.9,8.0,2030,,,,,,,
2025,25,Low Birthweight Infants,Total Live Births,Total Live Births,Amador,18,972,324.0,Live Births,2021-2023,67,22.3,Low Birthweight Number,2021-2023,100,6.9,Low Birthweight Percent,,,5.3,8.8,2030,,,,,,,
2025,25,Low Birthweight Infants,Total Live Births,Total Live Births,San Diego,19,111012,37004.0,Live Births,2021-2023,7738,2579.3,Low Birthweight Number,2021-2023,100,7.0,Low Birthweight Percent,,,6.8,7.1,2030,,,,,,,
2025,25,Low Birthweight Infants,Total Live Births,Total Live Births,San Mateo,20,22169,7389.7,Live Births,2021-2023,1552,517.3,Low Birthweight Number,2021-2023,100,7.0,Low Birthweight Percent,,,6.7,7.3,2030,,,,,,,
2025,25,Low Birthweight Infants,Total Live Births,Total Live Births,Stanislaus,21,20940,6980.0,Live Births,2021-2023,1458,486.0,Low Birthweight Number,2021-2023,100,7.0,Low Birthweight Percent,,,6.6,7.3,2030,,,,,,,
2025,25,Low Birthweight Infants,Total Live Births,Total Live Births,Santa Barbara,22,16590,5530.0,Live Births,2021-2023,1157,385.7,Low Birthweight Number,2021-2023,100,7.0,Low Birthweight Percent,,,6.6,7.4,2030,,,,,,,
2025,25,Low Birthweight Infants,Total Live Births,Total Live Births,Merced,23,11500,3833.3,Live Births,2021-2023,801,267.0,Low Birthweight Number,2021-2023,100,7.0,Low Birthweight Percent,,,6.5,7.4,2030,,,,,,,
2025,25,Low Birthweight Infants,Total Live Births,Total Live Births,Imperial,24,7457,2485.7,Live Births,2021-2023,520,173.3,Low Birthweight Number,2021-2023,100,7.0,Low Birthweight Percent,,,6.4,7.6,2030,,,,,,,
2025,25,Low Birthweight Infants,Total Live Births,Total Live Births,Shasta,25,5436,1812.0,Live Births,2021-2023,382,127.3,Low Birthweight Number,2021-2023,100,7.0,Low Birthweight Percent,,,6.3,7.7,2030,,,,,,,
2025,25,Low Birthweight Infants,Total Live Births,Total Live Births,Tehama,26,2302,767.3,Live Births,2021-2023,160,53.3,Low Birthweight Number,2021-2023,100,7.0,Low Birthweight Percent,,,5.9,8.0,2030,,,,,,,
2025,25,Low Birthweight Infants,Total Live Births,Total Live Births,Butte,27,6032,2010.7,Live Births,2021-2023,430,143.3,Low Birthweight Number,2021-2023,100,7.1,Low Birthweight Percent,,,6.5,7.8,2030,,,,,,,
2025,25,Low Birthweight Infants,Total Live Births,Total Live Births,Tuolumne,28,1328,442.7,Live Births,2021-2023,94,31.3,Low Birthweight Number,2021-2023,100,7.1,Low Birthweight Percent,,,5.7,8.7,2030,,,,,,,
2025,25,Low Birthweight Infants,Total Live Births,Total Live Births,Orange,29,91420,30473.3,Live Births,2021-2023,6554,2184.7,Low Birthweight Number,2021-2023,100,7.2,Low Birthweight Percent,,,7.0,7.3,2030,,,,,,,
2025,25,Low Birthweight Infants,Total Live Births,Total Live Births,Yuba,30,3486,1162.0,Live Births,2021-2023,251,83.7,Low Birthweight Number,2021-2023,100,7.2,Low Birthweight Percent,,,6.3,8.1,2030,,,,,,,
2025,25,Low Birthweight Infants,Total Live Births,Total Live Births,Riverside,31,81975,27325.0,Live Births,2021-2023,6025,2008.3,Low Birthweight Number,2021-2023,100,7.3,Low Birthweight Percent,,,7.2,7.5,2030,,,,,,,
2025,25,Low Birthweight Infants,Total Live Births,Total Live Births,Sacramento,32,53926,17975.3,Live Births,2021-2023,3946,1315.3,Low Birthweight Number,2021-2023,100,7.3,Low Birthweight Percent,,,7.1,7.5,2030,,,,,,,
2025,25,Low Birthweight Infants,Total Live Births,Total Live Births,San Francisco,33,21363,7121.0,Live Births,2021-2023,1563,521.0,Low Birthweight Number,2021-2023,100,7.3,Low Birthweight Percent,,,7.0,7.7,2030,,,,,,,
2025,25,Low Birthweight Infants,Total Live Births,Total Live Births,Kings,34,6234,2078.0,Live Births,2021-2023,456,152.0,Low Birthweight Number,2021-2023,100,7.3,Low Birthweight Percent,,,6.6,8.0,2030,,,,,,,
2025,25,Low Birthweight Infants,Total Live Births,Total Live Births,Sutter,35,3700,1233.3,Live Births,2021-2023,274,91.3,Low Birthweight Number,2021-2023,100,7.4,Low Birthweight Percent,,,6.5,8.3,2030,,,,,,,
2025,25,Low Birthweight Infants,Total Live Births,Total Live Births,CALIFORNIA,,1240125,413375.0,Live Births,2021-2023,91972,30657.3,Low Birthweight Number,2021-2023,100,7.4,Low Birthweight Percent,,,7.4,7.5,2030,,,,,,,
2025,25,Low Birthweight Infants,Total Live Births,Total Live Births,Contra Costa,36,34727,11575.7,Live Births,2021-2023,2621,873.7,Low Birthweight Number,2021-2023,100,7.5,Low Birthweight Percent,,,7.3,7.8,2030,,,,,,,
2025,25,Low Birthweight Infants,Total Live Births,Total Live Births,Tulare,37,20206,6735.3,Live Births,2021-2023,1507,502.3,Low Birthweight Number,2021-2023,100,7.5,Low Birthweight Percent,,,7.1,7.8,2030,,,,,,,
2025,25,Low Birthweight Infants,Total Live Births,Total Live Births,Lake,38,1954,651.3,Live Births,2021-2023,146,48.7,Low Birthweight Number,2021-2023,100,7.5,Low Birthweight Percent,,,6.3,8.7,2030,,,,,,,
2025,25,Low Birthweight Infants,Total Live Births,Total Live Births,Colusa,39,809,269.7,Live Births,2021-2023,61,20.3,Low Birthweight Number,2021-2023,100,7.5,Low Birthweight Percent,,,5.8,9.7,2030,,,,,,,
2025,25,Low Birthweight Infants,Total Live Births,Total Live Births,Santa Clara,40,56430,18810.0,Live Births,2021-2023,4301,1433.7,Low Birthweight Number,2021-2023,100,7.6,Low Birthweight Percent,,,7.4,7.8,2030,,,,,,,
2025,25,Low Birthweight Infants,Total Live Births,Total Live Births,Los Angeles,41,281867,93955.7,Live Births,2021-2023,21834,7278.0,Low Birthweight Number,2021-2023,100,7.7,Low Birthweight Percent,,,7.6,7.8,2030,,,,,,,
2025,25,Low Birthweight Infants,Total Live Births,Total Live Births,Alameda,42,49731,16577.0,Live Births,2021-2023,3842,1280.7,Low Birthweight Number,2021-2023,100,7.7,Low Birthweight Percent,,,7.5,8.0,2030,,,,,,,
2025,25,Low Birthweight Infants,Total Live Births,Total Live Births,Kern,43,37062,12354.0,Live Births,2021-2023,2871,957.0,Low Birthweight Number,2021-2023,100,7.7,Low Birthweight Percent,,,7.5,8.0,2030,,,,,,,
2025,25,Low Birthweight Infants,Total Live Births,Total Live Births,Del Norte,44,780,260.0,Live Births,2021-2023,60,20.0,Low Birthweight Number,2021-2023,100,7.7,Low Birthweight Percent,,,5.9,9.9,2030,,,,,,,
2025,25,Low Birthweight Infants,Total Live Births,Total Live Births,Mariposa,45,466,155.3,Live Births,2021-2023,36,12.0,Low Birthweight Number,2021-2023,100,7.7,Low Birthweight Percent,,,5.4,10.7,2030,,,,,,,
2025,25,Low Birthweight Infants,Total Live Births,Total Live Births,Inyo,46,447,149.0,Live Births,2021-2023,35,11.7,Low Birthweight Number,2021-2023,100,7.8,Low Birthweight Percent,,,5.5,10.9,2030,,,,,,,
2025,25,Low Birthweight Infants,Total Live Births,Total Live Births,Fresno,47,41019,13673.0,Live Births,2021-2023,3227,1075.7,Low Birthweight Number,2021-2023,100,7.9,Low Birthweight Percent,,,7.6,8.1,2030,,,,,,,
2025,25,Low Birthweight Infants,Total Live Births,Total Live Births,San Joaquin,48,29441,9813.7,Live Births,2021-2023,2331,777.0,Low Birthweight Number,2021-2023,100,7.9,Low Birthweight Percent,,,7.6,8.2,2030,,,,,,,
2025,25,Low Birthweight Infants,Total Live Births,Total Live Births,Solano,49,14464,4821.3,Live Births,2021-2023,1151,383.7,Low Birthweight Number,2021-2023,100,8.0,Low Birthweight Percent,,,7.5,8.4,2030,,,,,,,
2025,25,Low Birthweight Infants,Total Live Births,Total Live Births,Trinity,50,311,103.7,Live Births,2021-2023,25,8.3,Low Birthweight Number,2021-2023,100,8.0,Low Birthweight Percent,,,5.2,11.9,2030,,,,,,,
2025,25,Low Birthweight Infants,Total Live Births,Total Live Births,Plumas,51,437,145.7,Live Births,2021-2023,36,12.0,Low Birthweight Number,2021-2023,100,8.2,Low Birthweight Percent,,,5.8,11.4,2030,,,,,,,
2025,25,Low Birthweight Infants,Total Live Births,Total Live Births,San Bernardino,52,78050,26016.7,Live Births,2021-2023,6489,2163.0,Low Birthweight Number,2021-2023,100,8.3,Low Birthweight Percent,,,8.1,8.5,2030,,,,,,,
2025,25,Low Birthweight Infants,Total Live Births,Total Live Births,Lassen,53,814,271.3,Live Births,2021-2023,69,23.0,Low Birthweight Number,2021-2023,100,8.5,Low Birthweight Percent,,,6.6,10.7,2030,,,,,,,
2025,25,Low Birthweight Infants,Total Live Births,Total Live Births,Siskiyou,54,1174,391.3,Live Births,2021-2023,101,33.7,Low Birthweight Number,2021-2023,100,8.6,Low Birthweight Percent,,,6.9,10.3,2030,,,,,,,
2025,25,Low Birthweight Infants,Total Live Births,Total Live Births,Mono,55,371,123.7,Live Births,2021-2023,33,11.0,Low Birthweight Number,2021-2023,100,8.9,Low Birthweight Percent,,,6.1,12.5,2030,,,,,,,
2025,25,Low Birthweight Infants,Total Live Births,Total Live Births,Modoc,56,251,83.7,Live Births,2021-2023,24,8.0,Low Birthweight Number,2021-2023,100,9.6,Low Birthweight Percent,,,6.1,14.2,2030,,,,,,,
2025,25,Low Birthweight Infants,Total Live Births,Total Live Births,Alpine,,18,6.0,Live Births,2021-2023,,,Low Birthweight Number,2021-2023,100,,Low Birthweight Percent,,,,,2030,,,,,1,1,Numerator values and rates based on fewer than 11 events have been suppressed.
2025,25,Low Birthweight Infants,Total Live Births,Total Live Births,Sierra,,61,20.3,Live Births,2021-2023,,,Low Birthweight Number,2021-2023,100,,Low Birthweight Percent,,,,,2030,,,,,1,1,Numerator values and rates based on fewer than 11 events have been suppressed.
2025,26,"Births to Adolescent Mothers, 15 to 19 Years Old",Age * Sex,15-19 Years Old * Female,Yolo,1,12199,12199.0,Female Population 15-19 Years Old,2022,138,46.0,Live Births,2021-2023,1000,3.8,Age-Specific Birth Rate,,,3.1,4.4,2030,,,,,,,
2025,26,"Births to Adolescent Mothers, 15 to 19 Years Old",Age * Sex,15-19 Years Old * Female,Marin,2,7971,7971.0,Female Population 15-19 Years Old,2022,96,32.0,Live Births,2021-2023,1000,4.0,Age-Specific Birth Rate,,,3.3,4.9,2030,,,,,,,
2025,26,"Births to Adolescent Mothers, 15 to 19 Years Old",Age * Sex,15-19 Years Old * Female,El Dorado,3,6071,6071.0,Female Population 15-19 Years Old,2022,72,24.0,Live Births,2021-2023,1000,4.0,Age-Specific Birth Rate,,,3.1,5.0,2030,,,,,,,
2025,26,"Births to Adolescent Mothers, 15 to 19 Years Old",Age * Sex,15-19 Years Old * Female,San Francisco,4,18846,18846.0,Female Population 15-19 Years Old,2022,257,85.7,Live Births,2021-2023,1000,4.5,Age-Specific Birth Rate,,,4.0,5.1,2030,,,,,,,
2025,26,"Births to Adolescent Mothers, 15 to 19 Years Old",Age * Sex,15-19 Years Old * Female,Placer,5,11155,11155.0,Female Population 15-19 Years Old,2022,154,51.3,Live Births,2021-2023,1000,4.6,Age-Specific Birth Rate,,,3.9,5.3,2030,,,,,,,
2025,26,"Births to Adolescent Mothers, 15 to 19 Years Old",Age * Sex,15-19 Years Old * Female,Santa Clara,6,64937,64937.0,Female Population 15-19 Years Old,2022,927,309.0,Live Births,2021-2023,1000,4.8,Age-Specific Birth Rate,,,4.5,5.1,2030,,,,,,,
2025,26,"Births to Adolescent Mothers, 15 to 19 Years Old",Age * Sex,15-19 Years Old * Female,Santa Cruz,7,12019,12019.0,Female Population 15-19 Years Old,2022,192,64.0,Live Births,2021-2023,1000,5.3,Age-Specific Birth Rate,,,4.6,6.1,2030,,,,,,,
2025,26,"Births to Adolescent Mothers, 15 to 19 Years Old",Age * Sex,15-19 Years Old * Female,Napa,8,4406,4406.0,Female Population 15-19 Years Old,2022,72,24.0,Live Births,2021-2023,1000,5.4,Age-Specific Birth Rate,,,4.3,6.9,2030,,,,,,,
2025,26,"Births to Adolescent Mothers, 15 to 19 Years Old",Age * Sex,15-19 Years Old * Female,San Mateo,9,20917,20917.0,Female Population 15-19 Years Old,2022,349,116.3,Live Births,2021-2023,1000,5.6,Age-Specific Birth Rate,,,5.0,6.1,2030,,,,,,,
2025,26,"Births to Adolescent Mothers, 15 to 19 Years Old",Age * Sex,15-19 Years Old * Female,Orange,10,108260,108260.0,Female Population 15-19 Years Old,2022,1837,612.3,Live Births,2021-2023,1000,5.7,Age-Specific Birth Rate,,,5.4,5.9,2030,,,,,,,
2025,26,"Births to Adolescent Mothers, 15 to 19 Years Old",Age * Sex,15-19 Years Old * Female,Alameda,11,53043,53043.0,Female Population 15-19 Years Old,2022,912,304.0,Live Births,2021-2023,1000,5.7,Age-Specific Birth Rate,,,5.4,6.1,2030,,,,,,,
2025,26,"Births to Adolescent Mothers, 15 to 19 Years Old",Age * Sex,15-19 Years Old * Female,San Diego,12,115341,115341.0,Female Population 15-19 Years Old,2022,2263,754.3,Live Births,2021-2023,1000,6.5,Age-Specific Birth Rate,,,6.3,6.8,2030,,,,,,,
2025,26,"Births to Adolescent Mothers, 15 to 19 Years Old",Age * Sex,15-19 Years Old * Female,Contra Costa,13,35039,35039.0,Female Population 15-19 Years Old,2022,685,228.3,Live Births,2021-2023,1000,6.5,Age-Specific Birth Rate,,,6.0,7.0,2030,,,,,,,
2025,26,"Births to Adolescent Mothers, 15 to 19 Years Old",Age * Sex,15-19 Years Old * Female,San Luis Obispo,14,10549,10549.0,Female Population 15-19 Years Old,2022,205,68.3,Live Births,2021-2023,1000,6.5,Age-Specific Birth Rate,,,5.6,7.4,2030,,,,,,,
2025,26,"Births to Adolescent Mothers, 15 to 19 Years Old",Age * Sex,15-19 Years Old * Female,Sonoma,15,15518,15518.0,Female Population 15-19 Years Old,2022,319,106.3,Live Births,2021-2023,1000,6.9,Age-Specific Birth Rate,,,6.1,7.6,2030,,,,,,,
2025,26,"Births to Adolescent Mothers, 15 to 19 Years Old",Age * Sex,15-19 Years Old * Female,Amador,16,818,818.0,Female Population 15-19 Years Old,2022,18,6.0,Live Births,2021-2023,1000,7.3,Age-Specific Birth Rate,,,4.3,11.6,2030,,,,,,4,Rates with a relative standard error greater than or equal to 23 percent are deemed unreliable.
2025,26,"Births to Adolescent Mothers, 15 to 19 Years Old",Age * Sex,15-19 Years Old * Female,Los Angeles,17,332260,332260.0,Female Population 15-19 Years Old,2022,7535,2511.7,Live Births,2021-2023,1000,7.6,Age-Specific Birth Rate,,,7.4,7.7,2030,,,,,,,
2025,26,"Births to Adolescent Mothers, 15 to 19 Years Old",Age * Sex,15-19 Years Old * Female,Humboldt,18,5004,5004.0,Female Population 15-19 Years Old,2022,119,39.7,Live Births,2021-2023,1000,7.9,Age-Specific Birth Rate,,,6.5,9.4,2030,,,,,,,
2025,26,"Births to Adolescent Mothers, 15 to 19 Years Old",Age * Sex,15-19 Years Old * Female,Nevada,19,2327,2327.0,Female Population 15-19 Years Old,2022,56,18.7,Live Births,2021-2023,1000,8.0,Age-Specific Birth Rate,,,6.1,10.4,2030,,,,,,,
2025,26,"Births to Adolescent Mothers, 15 to 19 Years Old",Age * Sex,15-19 Years Old * Female,Calaveras,20,1051,1051.0,Female Population 15-19 Years Old,2022,26,8.7,Live Births,2021-2023,1000,8.2,Age-Specific Birth Rate,,,5.4,12.1,2030,,,,,,,
2025,26,"Births to Adolescent Mothers, 15 to 19 Years Old",Age * Sex,15-19 Years Old * Female,Solano,21,14694,14694.0,Female Population 15-19 Years Old,2022,368,122.7,Live Births,2021-2023,1000,8.3,Age-Specific Birth Rate,,,7.5,9.2,2030,,,,,,,
2025,26,"Births to Adolescent Mothers, 15 to 19 Years Old",Age * Sex,15-19 Years Old * Female,Sacramento,22,54350,54350.0,Female Population 15-19 Years Old,2022,1389,463.0,Live Births,2021-2023,1000,8.5,Age-Specific Birth Rate,,,8.1,9.0,2030,,,,,,,
2025,26,"Births to Adolescent Mothers, 15 to 19 Years Old",Age * Sex,15-19 Years Old * Female,Mono,,393,393.0,Female Population 15-19 Years Old,2022,,,Live Births,2021-2023,1000,,Age-Specific Birth Rate,,,,,2030,,,,,1,1,Numerator values and rates based on fewer than 11 events have been suppressed.
2025,26,"Births to Adolescent Mothers, 15 to 19 Years Old",Age * Sex,15-19 Years Old * Female,Plumas,,528,528.0,Female Population 15-19 Years Old,2022,,,Live Births,2021-2023,1000,,Age-Specific Birth Rate,,,,,2030,,,,,1,1,Numerator values and rates based on fewer than 11 events have been suppressed.
2025,26,"Births to Adolescent Mothers, 15 to 19 Years Old",Age * Sex,15-19 Years Old * Female,Sierra,,61,61.0,Female Population 15-19 Years Old,2022,,,Live Births,2021-2023,1000,,Age-Specific Birth Rate,,,,,2030,,,,,1,1,Numerator values and rates based on fewer than 11 events have been suppressed.
2025,26,"Births to Adolescent Mothers, 15 to 19 Years Old",Age * Sex,15-19 Years Old * Female,CALIFORNIA,,1359286,1359286.0,Female Population 15-19 Years Old,2022,36314,12104.7,Live Births,2021-2023,1000,8.9,Age-Specific Birth Rate,,,8.8,9.0,2030,,,,,,,
2025,26,"Births to Adolescent Mothers, 15 to 19 Years Old",Age * Sex,15-19 Years Old * Female,Butte,23,8798,8798.0,Female Population 15-19 Years Old,2022,240,80.0,Live Births,2021-2023,1000,9.1,Age-Specific Birth Rate,,,7.9,10.2,2030,,,,,,,
2025,26,"Births to Adolescent Mothers, 15 to 19 Years Old",Age * Sex,15-19 Years Old * Female,Tuolumne,24,1208,1208.0,Female Population 15-19 Years Old,2022,33,11.0,Live Births,2021-2023,1000,9.1,Age-Specific Birth Rate,,,6.3,12.8,2030,,,,,,,
2025,26,"Births to Adolescent Mothers, 15 to 19 Years Old",Age * Sex,15-19 Years Old * Female,Ventura,25,28743,28743.0,Female Population 15-19 Years Old,2022,815,271.7,Live Births,2021-2023,1000,9.5,Age-Specific Birth Rate,,,8.8,10.1,2030,,,,,,,
2025,26,"Births to Adolescent Mothers, 15 to 19 Years Old",Age * Sex,15-19 Years Old * Female,Riverside,26,89091,89091.0,Female Population 15-19 Years Old,2022,2710,903.3,Live Births,2021-2023,1000,10.1,Age-Specific Birth Rate,,,9.8,10.5,2030,,,,,,,
2025,26,"Births to Adolescent Mothers, 15 to 19 Years Old",Age * Sex,15-19 Years Old * Female,San Benito,27,2110,2110.0,Female Population 15-19 Years Old,2022,65,21.7,Live Births,2021-2023,1000,10.3,Age-Specific Birth Rate,,,7.9,13.1,2030,,,,,,,
2025,26,"Births to Adolescent Mothers, 15 to 19 Years Old",Age * Sex,15-19 Years Old * Female,San Bernardino,28,83503,83503.0,Female Population 15-19 Years Old,2022,2884,961.3,Live Births,2021-2023,1000,11.5,Age-Specific Birth Rate,,,11.1,11.9,2030,,,,,,,
2025,26,"Births to Adolescent Mothers, 15 to 19 Years Old",Age * Sex,15-19 Years Old * Female,Sutter,29,3518,3518.0,Female Population 15-19 Years Old,2022,124,41.3,Live Births,2021-2023,1000,11.7,Age-Specific Birth Rate,,,9.7,13.8,2030,,,,,,,
2025,26,"Births to Adolescent Mothers, 15 to 19 Years Old",Age * Sex,15-19 Years Old * Female,San Joaquin,30,29255,29255.0,Female Population 15-19 Years Old,2022,1097,365.7,Live Births,2021-2023,1000,12.5,Age-Specific Birth Rate,,,11.8,13.2,2030,,,,,,,
2025,26,"Births to Adolescent Mothers, 15 to 19 Years Old",Age * Sex,15-19 Years Old * Female,Modoc,31,282,282.0,Female Population 15-19 Years Old,2022,11,3.7,Live Births,2021-2023,1000,13.0,Age-Specific Birth Rate,,,6.5,23.3,2030,,,,,,4,Rates with a relative standard error greater than or equal to 23 percent are deemed unreliable.
2025,26,"Births to Adolescent Mothers, 15 to 19 Years Old",Age * Sex,15-19 Years Old * Female,Shasta,32,5423,5423.0,Female Population 15-19 Years Old,2022,217,72.3,Live Births,2021-2023,1000,13.3,Age-Specific Birth Rate,,,11.6,15.1,2030,,,,,,,
2025,26,"Births to Adolescent Mothers, 15 to 19 Years Old",Age * Sex,15-19 Years Old * Female,Glenn,33,1005,1005.0,Female Population 15-19 Years Old,2022,40,13.3,Live Births,2021-2023,1000,13.3,Age-Specific Birth Rate,,,9.5,18.1,2030,,,,,,,
2025,26,"Births to Adolescent Mothers, 15 to 19 Years Old",Age * Sex,15-19 Years Old * Female,Stanislaus,34,21360,21360.0,Female Population 15-19 Years Old,2022,876,292.0,Live Births,2021-2023,1000,13.7,Age-Specific Birth Rate,,,12.8,14.6,2030,,,,,,,
2025,26,"Births to Adolescent Mothers, 15 to 19 Years Old",Age * Sex,15-19 Years Old * Female,Colusa,35,805,805.0,Female Population 15-19 Years Old,2022,33,11.0,Live Births,2021-2023,1000,13.7,Age-Specific Birth Rate,,,9.4,19.2,2030,,,,,,,
2025,26,"Births to Adolescent Mothers, 15 to 19 Years Old",Age * Sex,15-19 Years Old * Female,Yuba,36,2740,2740.0,Female Population 15-19 Years Old,2022,120,40.0,Live Births,2021-2023,1000,14.6,Age-Specific Birth Rate,,,12.0,17.2,2030,,,,,,,
2025,26,"Births to Adolescent Mothers, 15 to 19 Years Old",Age * Sex,15-19 Years Old * Female,Siskiyou,37,1184,1184.0,Female Population 15-19 Years Old,2022,53,17.7,Live Births,2021-2023,1000,14.9,Age-Specific Birth Rate,,,11.2,19.5,2030,,,,,,,
2025,26,"Births to Adolescent Mothers, 15 to 19 Years Old",Age * Sex,15-19 Years Old * Female,Fresno,38,40567,40567.0,Female Population 15-19 Years Old,2022,1825,608.3,Live Births,2021-2023,1000,15.0,Age-Specific Birth Rate,,,14.3,15.7,2030,,,,,,,
2025,26,"Births to Adolescent Mothers, 15 to 19 Years Old",Age * Sex,15-19 Years Old * Female,Kings,39,6435,6435.0,Female Population 15-19 Years Old,2022,302,100.7,Live Births,2021-2023,1000,15.6,Age-Specific Birth Rate,,,13.9,17.4,2030,,,,,,,
2025,26,"Births to Adolescent Mothers, 15 to 19 Years Old",Age * Sex,15-19 Years Old * Female,Imperial,40,6971,6971.0,Female Population 15-19 Years Old,2022,341,113.7,Live Births,2021-2023,1000,16.3,Age-Specific Birth Rate,,,14.6,18.0,2030,,,,,,,
2025,26,"Births to Adolescent Mothers, 15 to 19 Years Old",Age * Sex,15-19 Years Old * Female,Merced,41,12404,12404.0,Female Population 15-19 Years Old,2022,621,207.0,Live Births,2021-2023,1000,16.7,Age-Specific Birth Rate,,,15.4,18.0,2030,,,,,,,
2025,26,"Births to Adolescent Mothers, 15 to 19 Years Old",Age * Sex,15-19 Years Old * Female,Monterey,42,16483,16483.0,Female Population 15-19 Years Old,2022,839,279.7,Live Births,2021-2023,1000,17.0,Age-Specific Birth Rate,,,15.8,18.1,2030,,,,,,,
2025,26,"Births to Adolescent Mothers, 15 to 19 Years Old",Age * Sex,15-19 Years Old * Female,Inyo,43,510,510.0,Female Population 15-19 Years Old,2022,26,8.7,Live Births,2021-2023,1000,17.0,Age-Specific Birth Rate,,,11.1,24.9,2030,,,,,,,
2025,26,"Births to Adolescent Mothers, 15 to 19 Years Old",Age * Sex,15-19 Years Old * Female,Mendocino,44,2552,2552.0,Female Population 15-19 Years Old,2022,134,44.7,Live Births,2021-2023,1000,17.5,Age-Specific Birth Rate,,,14.5,20.5,2030,,,,,,,
2025,26,"Births to Adolescent Mothers, 15 to 19 Years Old",Age * Sex,15-19 Years Old * Female,Santa Barbara,45,19204,19204.0,Female Population 15-19 Years Old,2022,1032,344.0,Live Births,2021-2023,1000,17.9,Age-Specific Birth Rate,,,16.8,19.0,2030,,,,,,,
2025,26,"Births to Adolescent Mothers, 15 to 19 Years Old",Age * Sex,15-19 Years Old * Female,Mariposa,46,398,398.0,Female Population 15-19 Years Old,2022,22,7.3,Live Births,2021-2023,1000,18.4,Age-Specific Birth Rate,,,11.5,27.9,2030,,,,,,,
2025,26,"Births to Adolescent Mothers, 15 to 19 Years Old",Age * Sex,15-19 Years Old * Female,Madera,47,6028,6028.0,Female Population 15-19 Years Old,2022,338,112.7,Live Births,2021-2023,1000,18.7,Age-Specific Birth Rate,,,16.7,20.7,2030,,,,,,,
2025,26,"Births to Adolescent Mothers, 15 to 19 Years Old",Age * Sex,15-19 Years Old * Female,Kern,48,35712,35712.0,Female Population 15-19 Years Old,2022,2012,670.7,Live Births,2021-2023,1000,18.8,Age-Specific Birth Rate,,,18.0,19.6,2030,,,,,,,
2025,26,"Births to Adolescent Mothers, 15 to 19 Years Old",Age * Sex,15-19 Years Old * Female,Tulare,49,19743,19743.0,Female Population 15-19 Years Old,2022,1141,380.3,Live Births,2021-2023,1000,19.3,Age-Specific Birth Rate,,,18.1,20.4,2030,,,,,,,
2025,26,"Births to Adolescent Mothers, 15 to 19 Years Old",Age * Sex,15-19 Years Old * Female,Lake,50,1789,1789.0,Female Population 15-19 Years Old,2022,106,35.3,Live Births,2021-2023,1000,19.8,Age-Specific Birth Rate,,,16.0,23.5,2030,,,,,,,
2025,26,"Births to Adolescent Mothers, 15 to 19 Years Old",Age * Sex,15-19 Years Old * Female,Del Norte,51,726,726.0,Female Population 15-19 Years Old,2022,44,14.7,Live Births,2021-2023,1000,20.2,Age-Specific Birth Rate,,,14.7,27.1,2030,,,,,,,
2025,26,"Births to Adolescent Mothers, 15 to 19 Years Old",Age * Sex,15-19 Years Old * Female,Lassen,52,589,589.0,Female Population 15-19 Years Old,2022,41,13.7,Live Births,2021-2023,1000,23.2,Age-Specific Birth Rate,,,16.7,31.5,2030,,,,,,,
2025,26,"Births to Adolescent Mothers, 15 to 19 Years Old",Age * Sex,15-19 Years Old * Female,Tehama,53,2064,2064.0,Female Population 15-19 Years Old,2022,146,48.7,Live Births,2021-2023,1000,23.6,Age-Specific Birth Rate,,,19.8,27.4,2030,,,,,,,
2025,26,"Births to Adolescent Mothers, 15 to 19 Years Old",Age * Sex,15-19 Years Old * Female,Trinity,54,294,294.0,Female Population 15-19 Years Old,2022,21,7.0,Live Births,2021-2023,1000,23.8,Age-Specific Birth Rate,,,14.7,36.4,2030,,,,,,,
2025,26,"Births to Adolescent Mothers, 15 to 19 Years Old",Age * Sex,15-19 Years Old * Female,Alpine,,35,35.0,Female Population 15-19 Years Old,2022,,,Live Births,2021-2023,1000,,Age-Specific Birth Rate,,,,,2030,,,,,1,1,Numerator values and rates based on fewer than 11 events have been suppressed.
2025,27A,Prenatal Care Begun during the First Trimester of Pregnancy,Total Live Births,Total Live Births,San Mateo,1,21995,7331.7,Live Births,2021-2023,20359,6786.3,First Trimester Prenatal Care Number,2021-2023,100,92.6,First Trimester Prenatal Care Percent,,,91.3,93.8,2030,,,,,,,
2025,27A,Prenatal Care Begun during the First Trimester of Pregnancy,Total Live Births,Total Live Births,Orange,2,89340,29780.0,Live Births,2021-2023,81527,27175.7,First Trimester Prenatal Care Number,2021-2023,100,91.3,First Trimester Prenatal Care Percent,,,90.6,91.9,2030,,,,,,,
2025,27A,Prenatal Care Begun during the First Trimester of Pregnancy,Total Live Births,Total Live Births,San Francisco,3,20945,6981.7,Live Births,2021-2023,19079,6359.7,First Trimester Prenatal Care Number,2021-2023,100,91.1,First Trimester Prenatal Care Percent,,,89.8,92.4,2030,,,,,,,
2025,27A,Prenatal Care Begun during the First Trimester of Pregnancy,Total Live Births,Total Live Births,Santa Clara,4,55798,18599.3,Live Births,2021-2023,50318,16772.7,First Trimester Prenatal Care Number,2021-2023,100,90.2,First Trimester Prenatal Care Percent,,,89.4,91.0,2030,,,,,,,
2025,27A,Prenatal Care Begun during the First Trimester of Pregnancy,Total Live Births,Total Live Births,Alameda,5,48834,16278.0,Live Births,2021-2023,43868,14622.7,First Trimester Prenatal Care Number,2021-2023,100,89.8,First Trimester Prenatal Care Percent,,,89.0,90.7,2030,,,,,,,
2025,27A,Prenatal Care Begun during the First Trimester of Pregnancy,Total Live Births,Total Live Births,Contra Costa,6,34527,11509.0,Live Births,2021-2023,30975,10325.0,First Trimester Prenatal Care Number,2021-2023,100,89.7,First Trimester Prenatal Care Percent,,,88.7,90.7,2030,,,,,,,
2025,27A,Prenatal Care Begun during the First Trimester of Pregnancy,Total Live Births,Total Live Births,Sonoma,7,13059,4353.0,Live Births,2021-2023,11687,3895.7,First Trimester Prenatal Care Number,2021-2023,100,89.5,First Trimester Prenatal Care Percent,,,87.9,91.1,2030,,,,,,,
2025,27A,Prenatal Care Begun during the First Trimester of Pregnancy,Total Live Births,Total Live Births,Santa Cruz,8,6532,2177.3,Live Births,2021-2023,5837,1945.7,First Trimester Prenatal Care Number,2021-2023,100,89.4,First Trimester Prenatal Care Percent,,,87.1,91.7,2030,,,,,,,
2025,27A,Prenatal Care Begun during the First Trimester of Pregnancy,Total Live Births,Total Live Births,Napa,9,3542,1180.7,Live Births,2021-2023,3157,1052.3,First Trimester Prenatal Care Number,2021-2023,100,89.1,First Trimester Prenatal Care Percent,,,86.0,92.2,2030,,,,,,,
2025,27A,Prenatal Care Begun during the First Trimester of Pregnancy,Total Live Births,Total Live Births,Amador,10,959,319.7,Live Births,2021-2023,848,282.7,First Trimester Prenatal Care Number,2021-2023,100,88.4,First Trimester Prenatal Care Percent,,,82.5,94.4,2030,,,,,,,
2025,27A,Prenatal Care Begun during the First Trimester of Pregnancy,Total Live Births,Total Live Births,San Benito,11,2373,791.0,Live Births,2021-2023,2084,694.7,First Trimester Prenatal Care Number,2021-2023,100,87.8,First Trimester Prenatal Care Percent,,,84.1,91.6,2030,,,,,,,
2025,27A,Prenatal Care Begun during the First Trimester of Pregnancy,Total Live Births,Total Live Births,Stanislaus,12,20251,6750.3,Live Births,2021-2023,17725,5908.3,First Trimester Prenatal Care Number,2021-2023,100,87.5,First Trimester Prenatal Care Percent,,,86.2,88.8,2030,,,,,,,
2025,27A,Prenatal Care Begun during the First Trimester of Pregnancy,Total Live Births,Total Live Births,El Dorado,13,4503,1501.0,Live Births,2021-2023,3934,1311.3,First Trimester Prenatal Care Number,2021-2023,100,87.4,First Trimester Prenatal Care Percent,,,84.6,90.1,2030,,,,,,,
2025,27A,Prenatal Care Begun during the First Trimester of Pregnancy,Total Live Births,Total Live Births,Los Angeles,14,276413,92137.7,Live Births,2021-2023,240707,80235.7,First Trimester Prenatal Care Number,2021-2023,100,87.1,First Trimester Prenatal Care Percent,,,86.7,87.4,2030,,,,,,,
2025,27A,Prenatal Care Begun during the First Trimester of Pregnancy,Total Live Births,Total Live Births,San Diego,15,110548,36849.3,Live Births,2021-2023,96307,32102.3,First Trimester Prenatal Care Number,2021-2023,100,87.1,First Trimester Prenatal Care Percent,,,86.6,87.7,2030,,,,,,,
2025,27A,Prenatal Care Begun during the First Trimester of Pregnancy,Total Live Births,Total Live Births,Placer,16,11302,3767.3,Live Births,2021-2023,9848,3282.7,First Trimester Prenatal Care Number,2021-2023,100,87.1,First Trimester Prenatal Care Percent,,,85.4,88.9,2030,,,,,,,
2025,27A,Prenatal Care Begun during the First Trimester of Pregnancy,Total Live Births,Total Live Births,Sacramento,17,52710,17570.0,Live Births,2021-2023,45642,15214.0,First Trimester Prenatal Care Number,2021-2023,100,86.6,First Trimester Prenatal Care Percent,,,85.8,87.4,2030,,,,,,,
2025,27A,Prenatal Care Begun during the First Trimester of Pregnancy,Total Live Births,Total Live Births,Ventura,18,25925,8641.7,Live Births,2021-2023,22445,7481.7,First Trimester Prenatal Care Number,2021-2023,100,86.6,First Trimester Prenatal Care Percent,,,85.4,87.7,2030,,,,,,,
2025,27A,Prenatal Care Begun during the First Trimester of Pregnancy,Total Live Births,Total Live Births,CALIFORNIA,,1210247,403415.7,Live Births,2021-2023,1046610,348870.0,First Trimester Prenatal Care Number,2021-2023,100,86.5,First Trimester Prenatal Care Percent,,,86.3,86.6,2030,,,,,,,
2025,27A,Prenatal Care Begun during the First Trimester of Pregnancy,Total Live Births,Total Live Births,Yolo,19,5693,1897.7,Live Births,2021-2023,4907,1635.7,First Trimester Prenatal Care Number,2021-2023,100,86.2,First Trimester Prenatal Care Percent,,,83.8,88.6,2030,,,,,,,
2025,27A,Prenatal Care Begun during the First Trimester of Pregnancy,Total Live Births,Total Live Births,Calaveras,20,1120,373.3,Live Births,2021-2023,958,319.3,First Trimester Prenatal Care Number,2021-2023,100,85.5,First Trimester Prenatal Care Percent,,,80.1,91.0,2030,,,,,,,
2025,27A,Prenatal Care Begun during the First Trimester of Pregnancy,Total Live Births,Total Live Births,Riverside,21,80627,26875.7,Live Births,2021-2023,68828,22942.7,First Trimester Prenatal Care Number,2021-2023,100,85.4,First Trimester Prenatal Care Percent,,,84.7,86.0,2030,,,,,,,
2025,27A,Prenatal Care Begun during the First Trimester of Pregnancy,Total Live Births,Total Live Births,Inyo,22,429,143.0,Live Births,2021-2023,366,122.0,First Trimester Prenatal Care Number,2021-2023,100,85.3,First Trimester Prenatal Care Percent,,,76.6,94.1,2030,,,,,,,
2025,27A,Prenatal Care Begun during the First Trimester of Pregnancy,Total Live Births,Total Live Births,Mono,23,360,120.0,Live Births,2021-2023,306,102.0,First Trimester Prenatal Care Number,2021-2023,100,85.0,First Trimester Prenatal Care Percent,,,75.5,94.5,2030,,,,,,,
2025,27A,Prenatal Care Begun during the First Trimester of Pregnancy,Total Live Births,Total Live Births,Marin,24,6712,2237.3,Live Births,2021-2023,5689,1896.3,First Trimester Prenatal Care Number,2021-2023,100,84.8,First Trimester Prenatal Care Percent,,,82.6,87.0,2030,,,,,,,
2025,27A,Prenatal Care Begun during the First Trimester of Pregnancy,Total Live Births,Total Live Births,San Bernardino,25,73340,24446.7,Live Births,2021-2023,62149,20716.3,First Trimester Prenatal Care Number,2021-2023,100,84.7,First Trimester Prenatal Care Percent,,,84.1,85.4,2030,,,,,,,
2025,27A,Prenatal Care Begun during the First Trimester of Pregnancy,Total Live Births,Total Live Births,San Joaquin,26,27388,9129.3,Live Births,2021-2023,23134,7711.3,First Trimester Prenatal Care Number,2021-2023,100,84.5,First Trimester Prenatal Care Percent,,,83.4,85.6,2030,,,,,,,
2025,27A,Prenatal Care Begun during the First Trimester of Pregnancy,Total Live Births,Total Live Births,Solano,27,14059,4686.3,Live Births,2021-2023,11871,3957.0,First Trimester Prenatal Care Number,2021-2023,100,84.4,First Trimester Prenatal Care Percent,,,82.9,86.0,2030,,,,,,,
2025,27A,Prenatal Care Begun during the First Trimester of Pregnancy,Total Live Births,Total Live Births,Lassen,28,750,250.0,Live Births,2021-2023,633,211.0,First Trimester Prenatal Care Number,2021-2023,100,84.4,First Trimester Prenatal Care Percent,,,77.8,91.0,2030,,,,,,,
2025,27A,Prenatal Care Begun during the First Trimester of Pregnancy,Total Live Births,Total Live Births,Fresno,29,39325,13108.3,Live Births,2021-2023,33145,11048.3,First Trimester Prenatal Care Number,2021-2023,100,84.3,First Trimester Prenatal Care Percent,,,83.4,85.2,2030,,,,,,,
2025,27A,Prenatal Care Begun during the First Trimester of Pregnancy,Total Live Births,Total Live Births,Tuolumne,30,1310,436.7,Live Births,2021-2023,1100,366.7,First Trimester Prenatal Care Number,2021-2023,100,84.0,First Trimester Prenatal Care Percent,,,79.0,88.9,2030,,,,,,,
2025,27A,Prenatal Care Begun during the First Trimester of Pregnancy,Total Live Births,Total Live Births,Kern,31,34434,11478.0,Live Births,2021-2023,28741,9580.3,First Trimester Prenatal Care Number,2021-2023,100,83.5,First Trimester Prenatal Care Percent,,,82.5,84.4,2030,,,,,,,
2025,27A,Prenatal Care Begun during the First Trimester of Pregnancy,Total Live Births,Total Live Births,Kings,32,6196,2065.3,Live Births,2021-2023,5171,1723.7,First Trimester Prenatal Care Number,2021-2023,100,83.5,First Trimester Prenatal Care Percent,,,81.2,85.7,2030,,,,,,,
2025,27A,Prenatal Care Begun during the First Trimester of Pregnancy,Total Live Births,Total Live Births,Monterey,33,16384,5461.3,Live Births,2021-2023,13660,4553.3,First Trimester Prenatal Care Number,2021-2023,100,83.4,First Trimester Prenatal Care Percent,,,82.0,84.8,2030,,,,,,,
2025,27A,Prenatal Care Begun during the First Trimester of Pregnancy,Total Live Births,Total Live Births,Butte,34,5974,1991.3,Live Births,2021-2023,4944,1648.0,First Trimester Prenatal Care Number,2021-2023,100,82.8,First Trimester Prenatal Care Percent,,,80.5,85.1,2030,,,,,,,
2025,27A,Prenatal Care Begun during the First Trimester of Pregnancy,Total Live Births,Total Live Births,San Luis Obispo,35,6995,2331.7,Live Births,2021-2023,5763,1921.0,First Trimester Prenatal Care Number,2021-2023,100,82.4,First Trimester Prenatal Care Percent,,,80.3,84.5,2030,,,,,,,
2025,27A,Prenatal Care Begun during the First Trimester of Pregnancy,Total Live Births,Total Live Births,Humboldt,36,3476,1158.7,Live Births,2021-2023,2865,955.0,First Trimester Prenatal Care Number,2021-2023,100,82.4,First Trimester Prenatal Care Percent,,,79.4,85.4,2030,,,,,,,
2025,27A,Prenatal Care Begun during the First Trimester of Pregnancy,Total Live Births,Total Live Births,Siskiyou,37,1166,388.7,Live Births,2021-2023,961,320.3,First Trimester Prenatal Care Number,2021-2023,100,82.4,First Trimester Prenatal Care Percent,,,77.2,87.6,2030,,,,,,,
2025,27A,Prenatal Care Begun during the First Trimester of Pregnancy,Total Live Births,Total Live Births,Nevada,38,2301,767.0,Live Births,2021-2023,1894,631.3,First Trimester Prenatal Care Number,2021-2023,100,82.3,First Trimester Prenatal Care Percent,,,78.6,86.0,2030,,,,,,,
2025,27A,Prenatal Care Begun during the First Trimester of Pregnancy,Total Live Births,Total Live Births,Glenn,39,1031,343.7,Live Births,2021-2023,845,281.7,First Trimester Prenatal Care Number,2021-2023,100,82.0,First Trimester Prenatal Care Percent,,,76.4,87.5,2030,,,,,,,
2025,27A,Prenatal Care Begun during the First Trimester of Pregnancy,Total Live Births,Total Live Births,Tulare,40,19771,6590.3,Live Births,2021-2023,16054,5351.3,First Trimester Prenatal Care Number,2021-2023,100,81.2,First Trimester Prenatal Care Percent,,,79.9,82.5,2030,,,,,,,
2025,27A,Prenatal Care Begun during the First Trimester of Pregnancy,Total Live Births,Total Live Births,Madera,41,6085,2028.3,Live Births,2021-2023,4930,1643.3,First Trimester Prenatal Care Number,2021-2023,100,81.0,First Trimester Prenatal Care Percent,,,78.8,83.3,2030,,,,,,,
2025,27A,Prenatal Care Begun during the First Trimester of Pregnancy,Total Live Births,Total Live Births,Sierra,42,58,19.3,Live Births,2021-2023,47,15.7,First Trimester Prenatal Care Number,2021-2023,100,81.0,First Trimester Prenatal Care Percent,,,59.5,100.0,2030,,,,,,,
2025,27A,Prenatal Care Begun during the First Trimester of Pregnancy,Total Live Births,Total Live Births,Mendocino,43,2493,831.0,Live Births,2021-2023,2005,668.3,First Trimester Prenatal Care Number,2021-2023,100,80.4,First Trimester Prenatal Care Percent,,,76.9,83.9,2030,,,,,,,
2025,27A,Prenatal Care Begun during the First Trimester of Pregnancy,Total Live Births,Total Live Births,Shasta,44,4995,1665.0,Live Births,2021-2023,4011,1337.0,First Trimester Prenatal Care Number,2021-2023,100,80.3,First Trimester Prenatal Care Percent,,,77.8,82.8,2030,,,,,,,
2025,27A,Prenatal Care Begun during the First Trimester of Pregnancy,Total Live Births,Total Live Births,Del Norte,45,764,254.7,Live Births,2021-2023,604,201.3,First Trimester Prenatal Care Number,2021-2023,100,79.1,First Trimester Prenatal Care Percent,,,72.8,85.4,2030,,,,,,,
2025,27A,Prenatal Care Begun during the First Trimester of Pregnancy,Total Live Births,Total Live Births,Lake,46,1927,642.3,Live Births,2021-2023,1509,503.0,First Trimester Prenatal Care Number,2021-2023,100,78.3,First Trimester Prenatal Care Percent,,,74.4,82.3,2030,,,,,,,
2025,27A,Prenatal Care Begun during the First Trimester of Pregnancy,Total Live Births,Total Live Births,Mariposa,47,414,138.0,Live Births,2021-2023,321,107.0,First Trimester Prenatal Care Number,2021-2023,100,77.5,First Trimester Prenatal Care Percent,,,69.1,86.0,2030,,,,,,,
2025,27A,Prenatal Care Begun during the First Trimester of Pregnancy,Total Live Births,Total Live Births,Santa Barbara,48,16516,5505.3,Live Births,2021-2023,12744,4248.0,First Trimester Prenatal Care Number,2021-2023,100,77.2,First Trimester Prenatal Care Percent,,,75.8,78.5,2030,,,,,,,
2025,27A,Prenatal Care Begun during the First Trimester of Pregnancy,Total Live Births,Total Live Births,Merced,49,10371,3457.0,Live Births,2021-2023,7930,2643.3,First Trimester Prenatal Care Number,2021-2023,100,76.5,First Trimester Prenatal Care Percent,,,74.8,78.1,2030,,,,,,,
2025,27A,Prenatal Care Begun during the First Trimester of Pregnancy,Total Live Births,Total Live Births,Yuba,50,3417,1139.0,Live Births,2021-2023,2591,863.7,First Trimester Prenatal Care Number,2021-2023,100,75.8,First Trimester Prenatal Care Percent,,,72.9,78.7,2030,,,,,,,
2025,27A,Prenatal Care Begun during the First Trimester of Pregnancy,Total Live Births,Total Live Births,Colusa,51,792,264.0,Live Births,2021-2023,586,195.3,First Trimester Prenatal Care Number,2021-2023,100,74.0,First Trimester Prenatal Care Percent,,,68.0,80.0,2030,,,,,,,
2025,27A,Prenatal Care Begun during the First Trimester of Pregnancy,Total Live Births,Total Live Births,Plumas,52,384,128.0,Live Births,2021-2023,284,94.7,First Trimester Prenatal Care Number,2021-2023,100,74.0,First Trimester Prenatal Care Percent,,,65.4,82.6,2030,,,,,,,
2025,27A,Prenatal Care Begun during the First Trimester of Pregnancy,Total Live Births,Total Live Births,Sutter,53,3585,1195.0,Live Births,2021-2023,2596,865.3,First Trimester Prenatal Care Number,2021-2023,100,72.4,First Trimester Prenatal Care Percent,,,69.6,75.2,2030,,,,,,,
2025,27A,Prenatal Care Begun during the First Trimester of Pregnancy,Total Live Births,Total Live Births,Alpine,54,18,6.0,Live Births,2021-2023,13,4.3,First Trimester Prenatal Care Number,2021-2023,100,72.2,First Trimester Prenatal Care Percent,,,38.5,100.0,2030,,,,,,4,Rates with a relative standard error greater than or equal to 23 percent are deemed unreliable.
2025,27A,Prenatal Care Begun during the First Trimester of Pregnancy,Total Live Births,Total Live Births,Tehama,55,2258,752.7,Live Births,2021-2023,1609,536.3,First Trimester Prenatal Care Number,2021-2023,100,71.3,First Trimester Prenatal Care Percent,,,67.8,74.7,2030,,,,,,,
2025,27A,Prenatal Care Begun during the First Trimester of Pregnancy,Total Live Births,Total Live Births,Trinity,56,291,97.0,Live Births,2021-2023,194,64.7,First Trimester Prenatal Care Number,2021-2023,100,66.7,First Trimester Prenatal Care Percent,,,57.3,76.0,2030,,,,,,,
2025,27A,Prenatal Care Begun during the First Trimester of Pregnancy,Total Live Births,Total Live Births,Imperial,57,7240,2413.3,Live Births,2021-2023,4166,1388.7,First Trimester Prenatal Care Number,2021-2023,100,57.5,First Trimester Prenatal Care Percent,,,55.8,59.3,2030,,,,,,,
2025,27A,Prenatal Care Begun during the First Trimester of Pregnancy,Total Live Births,Total Live Births,Modoc,58,242,80.7,Live Births,2021-2023,139,46.3,First Trimester Prenatal Care Number,2021-2023,100,57.4,First Trimester Prenatal Care Percent,,,47.9,67.0,2030,,,,,,,
2025,27B,Adequate/Adequate Plus Prenatal Care (Adequacy of Prenatal Care Utilization Index),Total Live Births,Total Live Births,Tuolumne,1,1304,434.7,Live Births,2021-2023,1080,360.0,Adequate / Adequate Plus Prenatal Care Number,2021-2023,100,82.8,Adequate / Adequate Plus Prenatal Care Percent,,,77.9,87.8,2030,MICH-08,80.5,Y,,,,
2025,27B,Adequate/Adequate Plus Prenatal Care (Adequacy of Prenatal Care Utilization Index),Total Live Births,Total Live Births,San Luis Obispo,2,6857,2285.7,Live Births,2021-2023,5652,1884.0,Adequate / Adequate Plus Prenatal Care Number,2021-2023,100,82.4,Adequate / Adequate Plus Prenatal Care Percent,,,80.3,84.6,2030,MICH-08,80.5,Y,,,,
2025,27B,Adequate/Adequate Plus Prenatal Care (Adequacy of Prenatal Care Utilization Index),Total Live Births,Total Live Births,Nevada,3,2284,761.3,Live Births,2021-2023,1867,622.3,Adequate / Adequate Plus Prenatal Care Number,2021-2023,100,81.7,Adequate / Adequate Plus Prenatal Care Percent,,,78.0,85.5,2030,MICH-08,80.5,Y,,,,
2025,27B,Adequate/Adequate Plus Prenatal Care (Adequacy of Prenatal Care Utilization Index),Total Live Births,Total Live Births,Monterey,4,16372,5457.3,Live Births,2021-2023,13181,4393.7,Adequate / Adequate Plus Prenatal Care Number,2021-2023,100,80.5,Adequate / Adequate Plus Prenatal Care Percent,,,79.1,81.9,2030,MICH-08,80.5,Y,,,,
2025,27B,Adequate/Adequate Plus Prenatal Care (Adequacy of Prenatal Care Utilization Index),Total Live Births,Total Live Births,Tulare,5,19395,6465.0,Live Births,2021-2023,15571,5190.3,Adequate / Adequate Plus Prenatal Care Number,2021-2023,100,80.3,Adequate / Adequate Plus Prenatal Care Percent,,,79.0,81.5,2030,MICH-08,80.5,N,,,,
2025,27B,Adequate/Adequate Plus Prenatal Care (Adequacy of Prenatal Care Utilization Index),Total Live Births,Total Live Births,Santa Barbara,6,16491,5497.0,Live Births,2021-2023,13233,4411.0,Adequate / Adequate Plus Prenatal Care Number,2021-2023,100,80.2,Adequate / Adequate Plus Prenatal Care Percent,,,78.9,81.6,2030,MICH-08,80.5,N,,,,
2025,27B,Adequate/Adequate Plus Prenatal Care (Adequacy of Prenatal Care Utilization Index),Total Live Births,Total Live Births,Orange,7,89276,29758.7,Live Births,2021-2023,71543,23847.7,Adequate / Adequate Plus Prenatal Care Number,2021-2023,100,80.1,Adequate / Adequate Plus Prenatal Care Percent,,,79.5,80.7,2030,MICH-08,80.5,N,,,,
2025,27B,Adequate/Adequate Plus Prenatal Care (Adequacy of Prenatal Care Utilization Index),Total Live Births,Total Live Births,Glenn,8,1029,343.0,Live Births,2021-2023,823,274.3,Adequate / Adequate Plus Prenatal Care Number,2021-2023,100,80.0,Adequate / Adequate Plus Prenatal Care Percent,,,74.5,85.4,2030,MICH-08,80.5,N,,,,
2025,27B,Adequate/Adequate Plus Prenatal Care (Adequacy of Prenatal Care Utilization Index),Total Live Births,Total Live Births,Mono,9,358,119.3,Live Births,2021-2023,281,93.7,Adequate / Adequate Plus Prenatal Care Number,2021-2023,100,78.5,Adequate / Adequate Plus Prenatal Care Percent,,,69.3,87.7,2030,MICH-08,80.5,N,,,,
2025,27B,Adequate/Adequate Plus Prenatal Care (Adequacy of Prenatal Care Utilization Index),Total Live Births,Total Live Births,Tehama,10,2245,748.3,Live Births,2021-2023,1754,584.7,Adequate / Adequate Plus Prenatal Care Number,2021-2023,100,78.1,Adequate / Adequate Plus Prenatal Care Percent,,,74.5,81.8,2030,MICH-08,80.5,N,,,,
2025,27B,Adequate/Adequate Plus Prenatal Care (Adequacy of Prenatal Care Utilization Index),Total Live Births,Total Live Births,Butte,11,5965,1988.3,Live Births,2021-2023,4652,1550.7,Adequate / Adequate Plus Prenatal Care Number,2021-2023,100,78.0,Adequate / Adequate Plus Prenatal Care Percent,,,75.7,80.2,2030,MICH-08,80.5,N,,,,
2025,27B,Adequate/Adequate Plus Prenatal Care (Adequacy of Prenatal Care Utilization Index),Total Live Births,Total Live Births,Inyo,12,424,141.3,Live Births,2021-2023,330,110.0,Adequate / Adequate Plus Prenatal Care Number,2021-2023,100,77.8,Adequate / Adequate Plus Prenatal Care Percent,,,69.4,86.2,2030,MICH-08,80.5,N,,,,
2025,27B,Adequate/Adequate Plus Prenatal Care (Adequacy of Prenatal Care Utilization Index),Total Live Births,Total Live Births,San Benito,13,2358,786.0,Live Births,2021-2023,1823,607.7,Adequate / Adequate Plus Prenatal Care Number,2021-2023,100,77.3,Adequate / Adequate Plus Prenatal Care Percent,,,73.8,80.9,2030,MICH-08,80.5,N,,,,
2025,27B,Adequate/Adequate Plus Prenatal Care (Adequacy of Prenatal Care Utilization Index),Total Live Births,Total Live Births,Kings,14,6179,2059.7,Live Births,2021-2023,4730,1576.7,Adequate / Adequate Plus Prenatal Care Number,2021-2023,100,76.5,Adequate / Adequate Plus Prenatal Care Percent,,,74.4,78.7,2030,MICH-08,80.5,N,,,,
2025,27B,Adequate/Adequate Plus Prenatal Care (Adequacy of Prenatal Care Utilization Index),Total Live Births,Total Live Births,Colusa,15,787,262.3,Live Births,2021-2023,602,200.7,Adequate / Adequate Plus Prenatal Care Number,2021-2023,100,76.5,Adequate / Adequate Plus Prenatal Care Percent,,,70.4,82.6,2030,MICH-08,80.5,N,,,,
2025,27B,Adequate/Adequate Plus Prenatal Care (Adequacy of Prenatal Care Utilization Index),Total Live Births,Total Live Births,Fresno,16,38500,12833.3,Live Births,2021-2023,29367,9789.0,Adequate / Adequate Plus Prenatal Care Number,2021-2023,100,76.3,Adequate / Adequate Plus Prenatal Care Percent,,,75.4,77.2,2030,MICH-08,80.5,N,,,,
2025,27B,Adequate/Adequate Plus Prenatal Care (Adequacy of Prenatal Care Utilization Index),Total Live Births,Total Live Births,Kern,17,34243,11414.3,Live Births,2021-2023,26117,8705.7,Adequate / Adequate Plus Prenatal Care Number,2021-2023,100,76.3,Adequate / Adequate Plus Prenatal Care Percent,,,75.3,77.2,2030,MICH-08,80.5,N,,,,
2025,27B,Adequate/Adequate Plus Prenatal Care (Adequacy of Prenatal Care Utilization Index),Total Live Births,Total Live Births,Mendocino,18,2480,826.7,Live Births,2021-2023,1887,629.0,Adequate / Adequate Plus Prenatal Care Number,2021-2023,100,76.1,Adequate / Adequate Plus Prenatal Care Percent,,,72.7,79.5,2030,MICH-08,80.5,N,,,,
2025,27B,Adequate/Adequate Plus Prenatal Care (Adequacy of Prenatal Care Utilization Index),Total Live Births,Total Live Births,Siskiyou,19,1165,388.3,Live Births,2021-2023,885,295.0,Adequate / Adequate Plus Prenatal Care Number,2021-2023,100,76.0,Adequate / Adequate Plus Prenatal Care Percent,,,71.0,81.0,2030,MICH-08,80.5,N,,,,
2025,27B,Adequate/Adequate Plus Prenatal Care (Adequacy of Prenatal Care Utilization Index),Total Live Births,Total Live Births,Los Angeles,20,274868,91622.7,Live Births,2021-2023,207949,69316.3,Adequate / Adequate Plus Prenatal Care Number,2021-2023,100,75.7,Adequate / Adequate Plus Prenatal Care Percent,,,75.3,76.0,2030,MICH-08,80.5,N,,,,
2025,27B,Adequate/Adequate Plus Prenatal Care (Adequacy of Prenatal Care Utilization Index),Total Live Births,Total Live Births,Lake,21,1921,640.3,Live Births,2021-2023,1446,482.0,Adequate / Adequate Plus Prenatal Care Number,2021-2023,100,75.3,Adequate / Adequate Plus Prenatal Care Percent,,,71.4,79.2,2030,MICH-08,80.5,N,,,,
2025,27B,Adequate/Adequate Plus Prenatal Care (Adequacy of Prenatal Care Utilization Index),Total Live Births,Total Live Births,San Francisco,22,20867,6955.7,Live Births,2021-2023,15640,5213.3,Adequate / Adequate Plus Prenatal Care Number,2021-2023,100,75.0,Adequate / Adequate Plus Prenatal Care Percent,,,73.8,76.1,2030,MICH-08,80.5,N,,,,
2025,27B,Adequate/Adequate Plus Prenatal Care (Adequacy of Prenatal Care Utilization Index),Total Live Births,Total Live Births,San Mateo,23,21984,7328.0,Live Births,2021-2023,16425,5475.0,Adequate / Adequate Plus Prenatal Care Number,2021-2023,100,74.7,Adequate / Adequate Plus Prenatal Care Percent,,,73.6,75.9,2030,MICH-08,80.5,N,,,,
2025,27B,Adequate/Adequate Plus Prenatal Care (Adequacy of Prenatal Care Utilization Index),Total Live Births,Total Live Births,Ventura,24,25910,8636.7,Live Births,2021-2023,19244,6414.7,Adequate / Adequate Plus Prenatal Care Number,2021-2023,100,74.3,Adequate / Adequate Plus Prenatal Care Percent,,,73.2,75.3,2030,MICH-08,80.5,N,,,,
2025,27B,Adequate/Adequate Plus Prenatal Care (Adequacy of Prenatal Care Utilization Index),Total Live Births,Total Live Births,Placer,25,11282,3760.7,Live Births,2021-2023,8361,2787.0,Adequate / Adequate Plus Prenatal Care Number,2021-2023,100,74.1,Adequate / Adequate Plus Prenatal Care Percent,,,72.5,75.7,2030,MICH-08,80.5,N,,,,
2025,27B,Adequate/Adequate Plus Prenatal Care (Adequacy of Prenatal Care Utilization Index),Total Live Births,Total Live Births,Shasta,26,4961,1653.7,Live Births,2021-2023,3678,1226.0,Adequate / Adequate Plus Prenatal Care Number,2021-2023,100,74.1,Adequate / Adequate Plus Prenatal Care Percent,,,71.7,76.5,2030,MICH-08,80.5,N,,,,
2025,27B,Adequate/Adequate Plus Prenatal Care (Adequacy of Prenatal Care Utilization Index),Total Live Births,Total Live Births,Calaveras,27,1117,372.3,Live Births,2021-2023,822,274.0,Adequate / Adequate Plus Prenatal Care Number,2021-2023,100,73.6,Adequate / Adequate Plus Prenatal Care Percent,,,68.6,78.6,2030,MICH-08,80.5,N,,,,
2025,27B,Adequate/Adequate Plus Prenatal Care (Adequacy of Prenatal Care Utilization Index),Total Live Births,Total Live Births,El Dorado,28,4479,1493.0,Live Births,2021-2023,3274,1091.3,Adequate / Adequate Plus Prenatal Care Number,2021-2023,100,73.1,Adequate / Adequate Plus Prenatal Care Percent,,,70.6,75.6,2030,MICH-08,80.5,N,,,,
2025,27B,Adequate/Adequate Plus Prenatal Care (Adequacy of Prenatal Care Utilization Index),Total Live Births,Total Live Births,Sutter,29,3560,1186.7,Live Births,2021-2023,2581,860.3,Adequate / Adequate Plus Prenatal Care Number,2021-2023,100,72.5,Adequate / Adequate Plus Prenatal Care Percent,,,69.7,75.3,2030,MICH-08,80.5,N,,,,
2025,27B,Adequate/Adequate Plus Prenatal Care (Adequacy of Prenatal Care Utilization Index),Total Live Births,Total Live Births,CALIFORNIA,,1202409,400803.0,Live Births,2021-2023,869440,289813.3,Adequate / Adequate Plus Prenatal Care Number,2021-2023,100,72.3,Adequate / Adequate Plus Prenatal Care Percent,,,72.2,72.5,2030,MICH-08,80.5,N,,,,
2025,27B,Adequate/Adequate Plus Prenatal Care (Adequacy of Prenatal Care Utilization Index),Total Live Births,Total Live Births,Santa Cruz,30,6486,2162.0,Live Births,2021-2023,4668,1556.0,Adequate / Adequate Plus Prenatal Care Number,2021-2023,100,72.0,Adequate / Adequate Plus Prenatal Care Percent,,,69.9,74.0,2030,MICH-08,80.5,N,,,,
2025,27B,Adequate/Adequate Plus Prenatal Care (Adequacy of Prenatal Care Utilization Index),Total Live Births,Total Live Births,Yolo,31,5677,1892.3,Live Births,2021-2023,4089,1363.0,Adequate / Adequate Plus Prenatal Care Number,2021-2023,100,72.0,Adequate / Adequate Plus Prenatal Care Percent,,,69.8,74.2,2030,MICH-08,80.5,N,,,,
2025,27B,Adequate/Adequate Plus Prenatal Care (Adequacy of Prenatal Care Utilization Index),Total Live Births,Total Live Births,Yuba,32,3396,1132.0,Live Births,2021-2023,2445,815.0,Adequate / Adequate Plus Prenatal Care Number,2021-2023,100,72.0,Adequate / Adequate Plus Prenatal Care Percent,,,69.1,74.9,2030,MICH-08,80.5,N,,,,
2025,27B,Adequate/Adequate Plus Prenatal Care (Adequacy of Prenatal Care Utilization Index),Total Live Births,Total Live Births,Sierra,33,57,19.0,Live Births,2021-2023,41,13.7,Adequate / Adequate Plus Prenatal Care Number,2021-2023,100,71.9,Adequate / Adequate Plus Prenatal Care Percent,,,51.6,97.6,2030,MICH-08,80.5,N,,,,
2025,27B,Adequate/Adequate Plus Prenatal Care (Adequacy of Prenatal Care Utilization Index),Total Live Births,Total Live Births,Del Norte,34,762,254.0,Live Births,2021-2023,544,181.3,Adequate / Adequate Plus Prenatal Care Number,2021-2023,100,71.4,Adequate / Adequate Plus Prenatal Care Percent,,,65.4,77.4,2030,MICH-08,80.5,N,,,,
2025,27B,Adequate/Adequate Plus Prenatal Care (Adequacy of Prenatal Care Utilization Index),Total Live Births,Total Live Births,Humboldt,35,3468,1156.0,Live Births,2021-2023,2468,822.7,Adequate / Adequate Plus Prenatal Care Number,2021-2023,100,71.2,Adequate / Adequate Plus Prenatal Care Percent,,,68.4,74.0,2030,MICH-08,80.5,N,,,,
2025,27B,Adequate/Adequate Plus Prenatal Care (Adequacy of Prenatal Care Utilization Index),Total Live Births,Total Live Births,San Diego,36,110387,36795.7,Live Births,2021-2023,78436,26145.3,Adequate / Adequate Plus Prenatal Care Number,2021-2023,100,71.1,Adequate / Adequate Plus Prenatal Care Percent,,,70.6,71.6,2030,MICH-08,80.5,N,,,,
2025,27B,Adequate/Adequate Plus Prenatal Care (Adequacy of Prenatal Care Utilization Index),Total Live Births,Total Live Births,Santa Clara,37,55726,18575.3,Live Births,2021-2023,39249,13083.0,Adequate / Adequate Plus Prenatal Care Number,2021-2023,100,70.4,Adequate / Adequate Plus Prenatal Care Percent,,,69.7,71.1,2030,MICH-08,80.5,N,,,,
2025,27B,Adequate/Adequate Plus Prenatal Care (Adequacy of Prenatal Care Utilization Index),Total Live Births,Total Live Births,Amador,38,953,317.7,Live Births,2021-2023,670,223.3,Adequate / Adequate Plus Prenatal Care Number,2021-2023,100,70.3,Adequate / Adequate Plus Prenatal Care Percent,,,65.0,75.6,2030,MICH-08,80.5,N,,,,
2025,27B,Adequate/Adequate Plus Prenatal Care (Adequacy of Prenatal Care Utilization Index),Total Live Births,Total Live Births,Madera,39,6060,2020.0,Live Births,2021-2023,4155,1385.0,Adequate / Adequate Plus Prenatal Care Number,2021-2023,100,68.6,Adequate / Adequate Plus Prenatal Care Percent,,,66.5,70.6,2030,MICH-08,80.5,N,,,,
2025,27B,Adequate/Adequate Plus Prenatal Care (Adequacy of Prenatal Care Utilization Index),Total Live Births,Total Live Births,San Bernardino,40,72166,24055.3,Live Births,2021-2023,49200,16400.0,Adequate / Adequate Plus Prenatal Care Number,2021-2023,100,68.2,Adequate / Adequate Plus Prenatal Care Percent,,,67.6,68.8,2030,MICH-08,80.5,N,,,,
2025,27B,Adequate/Adequate Plus Prenatal Care (Adequacy of Prenatal Care Utilization Index),Total Live Births,Total Live Births,Napa,41,3540,1180.0,Live Births,2021-2023,2414,804.7,Adequate / Adequate Plus Prenatal Care Number,2021-2023,100,68.2,Adequate / Adequate Plus Prenatal Care Percent,,,65.5,70.9,2030,MICH-08,80.5,N,,,,
2025,27B,Adequate/Adequate Plus Prenatal Care (Adequacy of Prenatal Care Utilization Index),Total Live Births,Total Live Births,Sacramento,42,52512,17504.0,Live Births,2021-2023,35780,11926.7,Adequate / Adequate Plus Prenatal Care Number,2021-2023,100,68.1,Adequate / Adequate Plus Prenatal Care Percent,,,67.4,68.8,2030,MICH-08,80.5,N,,,,
2025,27B,Adequate/Adequate Plus Prenatal Care (Adequacy of Prenatal Care Utilization Index),Total Live Births,Total Live Births,San Joaquin,43,26820,8940.0,Live Births,2021-2023,17948,5982.7,Adequate / Adequate Plus Prenatal Care Number,2021-2023,100,66.9,Adequate / Adequate Plus Prenatal Care Percent,,,65.9,67.9,2030,MICH-08,80.5,N,,,,
2025,27B,Adequate/Adequate Plus Prenatal Care (Adequacy of Prenatal Care Utilization Index),Total Live Births,Total Live Births,Stanislaus,44,19856,6618.7,Live Births,2021-2023,13270,4423.3,Adequate / Adequate Plus Prenatal Care Number,2021-2023,100,66.8,Adequate / Adequate Plus Prenatal Care Percent,,,65.7,68.0,2030,MICH-08,80.5,N,,,,
2025,27B,Adequate/Adequate Plus Prenatal Care (Adequacy of Prenatal Care Utilization Index),Total Live Births,Total Live Births,Riverside,45,79444,26481.3,Live Births,2021-2023,52764,17588.0,Adequate / Adequate Plus Prenatal Care Number,2021-2023,100,66.4,Adequate / Adequate Plus Prenatal Care Percent,,,65.8,67.0,2030,MICH-08,80.5,N,,,,
2025,27B,Adequate/Adequate Plus Prenatal Care (Adequacy of Prenatal Care Utilization Index),Total Live Births,Total Live Births,Merced,46,10120,3373.3,Live Births,2021-2023,6662,2220.7,Adequate / Adequate Plus Prenatal Care Number,2021-2023,100,65.8,Adequate / Adequate Plus Prenatal Care Percent,,,64.2,67.4,2030,MICH-08,80.5,N,,,,
2025,27B,Adequate/Adequate Plus Prenatal Care (Adequacy of Prenatal Care Utilization Index),Total Live Births,Total Live Births,Lassen,47,733,244.3,Live Births,2021-2023,481,160.3,Adequate / Adequate Plus Prenatal Care Number,2021-2023,100,65.6,Adequate / Adequate Plus Prenatal Care Percent,,,59.8,71.5,2030,MICH-08,80.5,N,,,,
2025,27B,Adequate/Adequate Plus Prenatal Care (Adequacy of Prenatal Care Utilization Index),Total Live Births,Total Live Births,Contra Costa,48,34501,11500.3,Live Births,2021-2023,22521,7507.0,Adequate / Adequate Plus Prenatal Care Number,2021-2023,100,65.3,Adequate / Adequate Plus Prenatal Care Percent,,,64.4,66.1,2030,MICH-08,80.5,N,,,,
2025,27B,Adequate/Adequate Plus Prenatal Care (Adequacy of Prenatal Care Utilization Index),Total Live Births,Total Live Births,Marin,49,6707,2235.7,Live Births,2021-2023,4371,1457.0,Adequate / Adequate Plus Prenatal Care Number,2021-2023,100,65.2,Adequate / Adequate Plus Prenatal Care Percent,,,63.2,67.1,2030,MICH-08,80.5,N,,,,
2025,27B,Adequate/Adequate Plus Prenatal Care (Adequacy of Prenatal Care Utilization Index),Total Live Births,Total Live Births,Mariposa,50,404,134.7,Live Births,2021-2023,261,87.0,Adequate / Adequate Plus Prenatal Care Number,2021-2023,100,64.6,Adequate / Adequate Plus Prenatal Care Percent,,,56.8,72.4,2030,MICH-08,80.5,N,,,,
2025,27B,Adequate/Adequate Plus Prenatal Care (Adequacy of Prenatal Care Utilization Index),Total Live Births,Total Live Births,Plumas,51,373,124.3,Live Births,2021-2023,239,79.7,Adequate / Adequate Plus Prenatal Care Number,2021-2023,100,64.1,Adequate / Adequate Plus Prenatal Care Percent,,,56.0,72.2,2030,MICH-08,80.5,N,,,,
2025,27B,Adequate/Adequate Plus Prenatal Care (Adequacy of Prenatal Care Utilization Index),Total Live Births,Total Live Births,Sonoma,52,13026,4342.0,Live Births,2021-2023,8321,2773.7,Adequate / Adequate Plus Prenatal Care Number,2021-2023,100,63.9,Adequate / Adequate Plus Prenatal Care Percent,,,62.5,65.3,2030,MICH-08,80.5,N,,,,
2025,27B,Adequate/Adequate Plus Prenatal Care (Adequacy of Prenatal Care Utilization Index),Total Live Births,Total Live Births,Alameda,53,48759,16253.0,Live Births,2021-2023,30994,10331.3,Adequate / Adequate Plus Prenatal Care Number,2021-2023,100,63.6,Adequate / Adequate Plus Prenatal Care Percent,,,62.9,64.3,2030,MICH-08,80.5,N,,,,
2025,27B,Adequate/Adequate Plus Prenatal Care (Adequacy of Prenatal Care Utilization Index),Total Live Births,Total Live Births,Trinity,54,289,96.3,Live Births,2021-2023,176,58.7,Adequate / Adequate Plus Prenatal Care Number,2021-2023,100,60.9,Adequate / Adequate Plus Prenatal Care Percent,,,51.9,69.9,2030,MICH-08,80.5,N,,,,
2025,27B,Adequate/Adequate Plus Prenatal Care (Adequacy of Prenatal Care Utilization Index),Total Live Births,Total Live Births,Imperial,55,7231,2410.3,Live Births,2021-2023,4379,1459.7,Adequate / Adequate Plus Prenatal Care Number,2021-2023,100,60.6,Adequate / Adequate Plus Prenatal Care Percent,,,58.8,62.4,2030,MICH-08,80.5,N,,,,
2025,27B,Adequate/Adequate Plus Prenatal Care (Adequacy of Prenatal Care Utilization Index),Total Live Births,Total Live Births,Modoc,56,241,80.3,Live Births,2021-2023,140,46.7,Adequate / Adequate Plus Prenatal Care Number,2021-2023,100,58.1,Adequate / Adequate Plus Prenatal Care Percent,,,48.5,67.7,2030,MICH-08,80.5,N,,,,
2025,27B,Adequate/Adequate Plus Prenatal Care (Adequacy of Prenatal Care Utilization Index),Total Live Births,Total Live Births,Solano,57,14036,4678.7,Live Births,2021-2023,7947,2649.0,Adequate / Adequate Plus Prenatal Care Number,2021-2023,100,56.6,Adequate / Adequate Plus Prenatal Care Percent,,,55.4,57.9,2030,MICH-08,80.5,N,,,,
2025,27B,Adequate/Adequate Plus Prenatal Care (Adequacy of Prenatal Care Utilization Index),Total Live Births,Total Live Births,Alpine,,18,6.0,Live Births,2021-2023,,,Adequate / Adequate Plus Prenatal Care Number,2021-2023,100,,Adequate / Adequate Plus Prenatal Care Percent,,,,,2030,MICH-08,80.5,N,,1,1,Numerator values and rates based on fewer than 11 events have been suppressed.
2025,29,Persons under 18 Years Old in Poverty,Age,Under 18 Years Old,Placer,1,,,Population under 18 Years Old,2022,4904,,Number in Poverty,2022,100,5.5,Percent in Poverty,,,3.8,7.2,2030,,,,3,,,Denominator not available for estimates provided as percentages.
2025,29,Persons under 18 Years Old in Poverty,Age,Under 18 Years Old,El Dorado,2,,,Population under 18 Years Old,2022,2384,,Number in Poverty,2022,100,6.5,Percent in Poverty,,,3.9,9.1,2030,,,,3,,,Denominator not available for estimates provided as percentages.
2025,29,Persons under 18 Years Old in Poverty,Age,Under 18 Years Old,Santa Clara,3,,,Population under 18 Years Old,2022,25899,,Number in Poverty,2022,100,6.9,Percent in Poverty,,,5.4,8.4,2030,,,,3,,,Denominator not available for estimates provided as percentages.
2025,29,Persons under 18 Years Old in Poverty,Age,Under 18 Years Old,San Mateo,4,,,Population under 18 Years Old,2022,9978,,Number in Poverty,2022,100,7.2,Percent in Poverty,,,5.4,9.0,2030,,,,3,,,Denominator not available for estimates provided as percentages.
2025,29,Persons under 18 Years Old in Poverty,Age,Under 18 Years Old,San Francisco,5,,,Population under 18 Years Old,2022,8572,,Number in Poverty,2022,100,7.9,Percent in Poverty,,,5.0,10.8,2030,,,,3,,,Denominator not available for estimates provided as percentages.
2025,29,Persons under 18 Years Old in Poverty,Age,Under 18 Years Old,Marin,6,,,Population under 18 Years Old,2022,3863,,Number in Poverty,2022,100,8.1,Percent in Poverty,,,6.1,10.1,2030,,,,3,,,Denominator not available for estimates provided as percentages.
2025,29,Persons under 18 Years Old in Poverty,Age,Under 18 Years Old,San Benito,7,,,Population under 18 Years Old,2022,1385,,Number in Poverty,2022,100,8.3,Percent in Poverty,,,5.0,11.6,2030,,,,3,,,Denominator not available for estimates provided as percentages.
2025,29,Persons under 18 Years Old in Poverty,Age,Under 18 Years Old,Napa,8,,,Population under 18 Years Old,2022,2354,,Number in Poverty,2022,100,9.3,Percent in Poverty,,,6.4,12.2,2030,,,,3,,,Denominator not available for estimates provided as percentages.
2025,29,Persons under 18 Years Old in Poverty,Age,Under 18 Years Old,Sonoma,9,,,Population under 18 Years Old,2022,8295,,Number in Poverty,2022,100,9.4,Percent in Poverty,,,6.5,12.3,2030,,,,3,,,Denominator not available for estimates provided as percentages.
2025,29,Persons under 18 Years Old in Poverty,Age,Under 18 Years Old,Contra Costa,10,,,Population under 18 Years Old,2022,24751,,Number in Poverty,2022,100,10.0,Percent in Poverty,,,8.1,11.9,2030,,,,3,,,Denominator not available for estimates provided as percentages.
2025,29,Persons under 18 Years Old in Poverty,Age,Under 18 Years Old,Alameda,11,,,Population under 18 Years Old,2022,32186,,Number in Poverty,2022,100,10.3,Percent in Poverty,,,8.5,12.1,2030,,,,3,,,Denominator not available for estimates provided as percentages.
2025,29,Persons under 18 Years Old in Poverty,Age,Under 18 Years Old,Mono,12,,,Population under 18 Years Old,2022,231,,Number in Poverty,2022,100,10.6,Percent in Poverty,,,6.8,14.4,2030,,,,3,,,Denominator not available for estimates provided as percentages.
2025,29,Persons under 18 Years Old in Poverty,Age,Under 18 Years Old,San Luis Obispo,13,,,Population under 18 Years Old,2022,5048,,Number in Poverty,2022,100,10.7,Percent in Poverty,,,7.5,13.9,2030,,,,3,,,Denominator not available for estimates provided as percentages.
2025,29,Persons under 18 Years Old in Poverty,Age,Under 18 Years Old,Orange,14,,,Population under 18 Years Old,2022,70338,,Number in Poverty,2022,100,11.0,Percent in Poverty,,,9.3,12.7,2030,,,,3,,,Denominator not available for estimates provided as percentages.
2025,29,Persons under 18 Years Old in Poverty,Age,Under 18 Years Old,Solano,15,,,Population under 18 Years Old,2022,11210,,Number in Poverty,2022,100,11.7,Percent in Poverty,,,8.8,14.6,2030,,,,3,,,Denominator not available for estimates provided as percentages.
2025,29,Persons under 18 Years Old in Poverty,Age,Under 18 Years Old,Nevada,16,,,Population under 18 Years Old,2022,1968,,Number in Poverty,2022,100,11.8,Percent in Poverty,,,7.4,16.2,2030,,,,3,,,Denominator not available for estimates provided as percentages.
2025,29,Persons under 18 Years Old in Poverty,Age,Under 18 Years Old,Amador,17,,,Population under 18 Years Old,2022,746,,Number in Poverty,2022,100,12.0,Percent in Poverty,,,7.6,16.4,2030,,,,3,,,Denominator not available for estimates provided as percentages.
2025,29,Persons under 18 Years Old in Poverty,Age,Under 18 Years Old,Santa Cruz,18,,,Population under 18 Years Old,2022,5592,,Number in Poverty,2022,100,12.0,Percent in Poverty,,,8.4,15.6,2030,,,,3,,,Denominator not available for estimates provided as percentages.
2025,29,Persons under 18 Years Old in Poverty,Age,Under 18 Years Old,Ventura,19,,,Population under 18 Years Old,2022,21960,,Number in Poverty,2022,100,12.5,Percent in Poverty,,,9.9,15.1,2030,,,,3,,,Denominator not available for estimates provided as percentages.
2025,29,Persons under 18 Years Old in Poverty,Age,Under 18 Years Old,San Diego,20,,,Population under 18 Years Old,2022,84001,,Number in Poverty,2022,100,12.6,Percent in Poverty,,,10.9,14.3,2030,,,,3,,,Denominator not available for estimates provided as percentages.
2025,29,Persons under 18 Years Old in Poverty,Age,Under 18 Years Old,Riverside,21,,,Population under 18 Years Old,2022,77331,,Number in Poverty,2022,100,13.3,Percent in Poverty,,,11.5,15.1,2030,,,,3,,,Denominator not available for estimates provided as percentages.
2025,29,Persons under 18 Years Old in Poverty,Age,Under 18 Years Old,Inyo,22,,,Population under 18 Years Old,2022,503,,Number in Poverty,2022,100,13.5,Percent in Poverty,,,8.4,18.6,2030,,,,3,,,Denominator not available for estimates provided as percentages.
2025,29,Persons under 18 Years Old in Poverty,Age,Under 18 Years Old,Sierra,23,,,Population under 18 Years Old,2022,71,,Number in Poverty,2022,100,13.6,Percent in Poverty,,,8.5,18.7,2030,,,,3,,,Denominator not available for estimates provided as percentages.
2025,29,Persons under 18 Years Old in Poverty,Age,Under 18 Years Old,Colusa,24,,,Population under 18 Years Old,2022,785,,Number in Poverty,2022,100,13.7,Percent in Poverty,,,8.9,18.5,2030,,,,3,,,Denominator not available for estimates provided as percentages.
2025,29,Persons under 18 Years Old in Poverty,Age,Under 18 Years Old,Yolo,25,,,Population under 18 Years Old,2022,6213,,Number in Poverty,2022,100,14.5,Percent in Poverty,,,11.2,17.8,2030,,,,3,,,Denominator not available for estimates provided as percentages.
2025,29,Persons under 18 Years Old in Poverty,Age,Under 18 Years Old,Tuolumne,26,,,Population under 18 Years Old,2022,1386,,Number in Poverty,2022,100,15.1,Percent in Poverty,,,10.1,20.1,2030,,,,3,,,Denominator not available for estimates provided as percentages.
2025,29,Persons under 18 Years Old in Poverty,Age,Under 18 Years Old,CALIFORNIA,,,,Population under 18 Years Old,2022,1275904,,Number in Poverty,2022,100,15.3,Percent in Poverty,,,14.9,15.7,2030,,,,3,,,Denominator not available for estimates provided as percentages.
2025,29,Persons under 18 Years Old in Poverty,Age,Under 18 Years Old,Sacramento,27,,,Population under 18 Years Old,2022,54525,,Number in Poverty,2022,100,15.4,Percent in Poverty,,,13.1,17.7,2030,,,,3,,,Denominator not available for estimates provided as percentages.
2025,29,Persons under 18 Years Old in Poverty,Age,Under 18 Years Old,Shasta,28,,,Population under 18 Years Old,2022,5971,,Number in Poverty,2022,100,15.8,Percent in Poverty,,,10.8,20.8,2030,,,,3,,,Denominator not available for estimates provided as percentages.
2025,29,Persons under 18 Years Old in Poverty,Age,Under 18 Years Old,San Joaquin,29,,,Population under 18 Years Old,2022,32521,,Number in Poverty,2022,100,16.0,Percent in Poverty,,,13.3,18.7,2030,,,,3,,,Denominator not available for estimates provided as percentages.
2025,29,Persons under 18 Years Old in Poverty,Age,Under 18 Years Old,Santa Barbara,30,,,Population under 18 Years Old,2022,15293,,Number in Poverty,2022,100,16.1,Percent in Poverty,,,12.6,19.6,2030,,,,3,,,Denominator not available for estimates provided as percentages.
2025,29,Persons under 18 Years Old in Poverty,Age,Under 18 Years Old,Calaveras,31,,,Population under 18 Years Old,2022,1267,,Number in Poverty,2022,100,16.2,Percent in Poverty,,,10.7,21.7,2030,,,,3,,,Denominator not available for estimates provided as percentages.
2025,29,Persons under 18 Years Old in Poverty,Age,Under 18 Years Old,Monterey,32,,,Population under 18 Years Old,2022,17671,,Number in Poverty,2022,100,16.4,Percent in Poverty,,,13.1,19.7,2030,,,,3,,,Denominator not available for estimates provided as percentages.
2025,29,Persons under 18 Years Old in Poverty,Age,Under 18 Years Old,Lassen,33,,,Population under 18 Years Old,2022,907,,Number in Poverty,2022,100,17.0,Percent in Poverty,,,11.3,22.7,2030,,,,3,,,Denominator not available for estimates provided as percentages.
2025,29,Persons under 18 Years Old in Poverty,Age,Under 18 Years Old,Siskiyou,34,,,Population under 18 Years Old,2022,1512,,Number in Poverty,2022,100,17.7,Percent in Poverty,,,11.6,23.8,2030,,,,3,,,Denominator not available for estimates provided as percentages.
2025,29,Persons under 18 Years Old in Poverty,Age,Under 18 Years Old,Plumas,35,,,Population under 18 Years Old,2022,575,,Number in Poverty,2022,100,18.0,Percent in Poverty,,,11.4,24.6,2030,,,,3,,,Denominator not available for estimates provided as percentages.
2025,29,Persons under 18 Years Old in Poverty,Age,Under 18 Years Old,Sutter,36,,,Population under 18 Years Old,2022,4365,,Number in Poverty,2022,100,18.0,Percent in Poverty,,,13.2,22.8,2030,,,,3,,,Denominator not available for estimates provided as percentages.
2025,29,Persons under 18 Years Old in Poverty,Age,Under 18 Years Old,Los Angeles,37,,,Population under 18 Years Old,2022,351449,,Number in Poverty,2022,100,18.1,Percent in Poverty,,,17.0,19.2,2030,,,,3,,,Denominator not available for estimates provided as percentages.
2025,29,Persons under 18 Years Old in Poverty,Age,Under 18 Years Old,San Bernardino,38,,,Population under 18 Years Old,2022,99605,,Number in Poverty,2022,100,18.2,Percent in Poverty,,,16.2,20.2,2030,,,,3,,,Denominator not available for estimates provided as percentages.
2025,29,Persons under 18 Years Old in Poverty,Age,Under 18 Years Old,Stanislaus,39,,,Population under 18 Years Old,2022,26509,,Number in Poverty,2022,100,18.5,Percent in Poverty,,,15.5,21.5,2030,,,,3,,,Denominator not available for estimates provided as percentages.
2025,29,Persons under 18 Years Old in Poverty,Age,Under 18 Years Old,Butte,40,,,Population under 18 Years Old,2022,7632,,Number in Poverty,2022,100,18.7,Percent in Poverty,,,13.8,23.6,2030,,,,3,,,Denominator not available for estimates provided as percentages.
2025,29,Persons under 18 Years Old in Poverty,Age,Under 18 Years Old,Yuba,41,,,Population under 18 Years Old,2022,4235,,Number in Poverty,2022,100,19.0,Percent in Poverty,,,13.4,24.6,2030,,,,3,,,Denominator not available for estimates provided as percentages.
2025,29,Persons under 18 Years Old in Poverty,Age,Under 18 Years Old,Glenn,42,,,Population under 18 Years Old,2022,1433,,Number in Poverty,2022,100,19.2,Percent in Poverty,,,13.4,25.0,2030,,,,3,,,Denominator not available for estimates provided as percentages.
2025,29,Persons under 18 Years Old in Poverty,Age,Under 18 Years Old,Tehama,43,,,Population under 18 Years Old,2022,2922,,Number in Poverty,2022,100,19.3,Percent in Poverty,,,12.7,25.9,2030,,,,3,,,Denominator not available for estimates provided as percentages.
2025,29,Persons under 18 Years Old in Poverty,Age,Under 18 Years Old,Humboldt,44,,,Population under 18 Years Old,2022,5012,,Number in Poverty,2022,100,20.5,Percent in Poverty,,,14.4,26.6,2030,,,,3,,,Denominator not available for estimates provided as percentages.
2025,29,Persons under 18 Years Old in Poverty,Age,Under 18 Years Old,Kings,45,,,Population under 18 Years Old,2022,8579,,Number in Poverty,2022,100,21.3,Percent in Poverty,,,16.2,26.4,2030,,,,3,,,Denominator not available for estimates provided as percentages.
2025,29,Persons under 18 Years Old in Poverty,Age,Under 18 Years Old,Mariposa,46,,,Population under 18 Years Old,2022,625,,Number in Poverty,2022,100,21.3,Percent in Poverty,,,14.5,28.1,2030,,,,3,,,Denominator not available for estimates provided as percentages.
2025,29,Persons under 18 Years Old in Poverty,Age,Under 18 Years Old,Del Norte,47,,,Population under 18 Years Old,2022,1243,,Number in Poverty,2022,100,22.5,Percent in Poverty,,,14.0,31.0,2030,,,,3,,,Denominator not available for estimates provided as percentages.
2025,29,Persons under 18 Years Old in Poverty,Age,Under 18 Years Old,Mendocino,48,,,Population under 18 Years Old,2022,4140,,Number in Poverty,2022,100,22.6,Percent in Poverty,,,16.5,28.7,2030,,,,3,,,Denominator not available for estimates provided as percentages.
2025,29,Persons under 18 Years Old in Poverty,Age,Under 18 Years Old,Lake,49,,,Population under 18 Years Old,2022,3304,,Number in Poverty,2022,100,22.8,Percent in Poverty,,,15.5,30.1,2030,,,,3,,,Denominator not available for estimates provided as percentages.
2025,29,Persons under 18 Years Old in Poverty,Age,Under 18 Years Old,Kern,50,,,Population under 18 Years Old,2022,60314,,Number in Poverty,2022,100,23.6,Percent in Poverty,,,21.2,26.0,2030,,,,3,,,Denominator not available for estimates provided as percentages.
2025,29,Persons under 18 Years Old in Poverty,Age,Under 18 Years Old,Tulare,51,,,Population under 18 Years Old,2022,33866,,Number in Poverty,2022,100,24.3,Percent in Poverty,,,20.7,27.9,2030,,,,3,,,Denominator not available for estimates provided as percentages.
2025,29,Persons under 18 Years Old in Poverty,Age,Under 18 Years Old,Trinity,52,,,Population under 18 Years Old,2022,650,,Number in Poverty,2022,100,24.4,Percent in Poverty,,,14.7,34.1,2030,,,,3,,,Denominator not available for estimates provided as percentages.
2025,29,Persons under 18 Years Old in Poverty,Age,Under 18 Years Old,Fresno,53,,,Population under 18 Years Old,2022,69172,,Number in Poverty,2022,100,25.1,Percent in Poverty,,,22.5,27.7,2030,,,,3,,,Denominator not available for estimates provided as percentages.
2025,29,Persons under 18 Years Old in Poverty,Age,Under 18 Years Old,Merced,54,,,Population under 18 Years Old,2022,21234,,Number in Poverty,2022,100,26.0,Percent in Poverty,,,22.2,29.8,2030,,,,3,,,Denominator not available for estimates provided as percentages.
2025,29,Persons under 18 Years Old in Poverty,Age,Under 18 Years Old,Alpine,55,,,Population under 18 Years Old,2022,50,,Number in Poverty,2022,100,26.6,Percent in Poverty,,,16.5,36.7,2030,,,,3,,,Denominator not available for estimates provided as percentages.
2025,29,Persons under 18 Years Old in Poverty,Age,Under 18 Years Old,Imperial,56,,,Population under 18 Years Old,2022,13642,,Number in Poverty,2022,100,27.5,Percent in Poverty,,,22.5,32.5,2030,,,,3,,,Denominator not available for estimates provided as percentages.
2025,29,Persons under 18 Years Old in Poverty,Age,Under 18 Years Old,Modoc,57,,,Population under 18 Years Old,2022,425,,Number in Poverty,2022,100,28.0,Percent in Poverty,,,17.8,38.2,2030,,,,3,,,Denominator not available for estimates provided as percentages.
2025,29,Persons under 18 Years Old in Poverty,Age,Under 18 Years Old,Madera,58,,,Population under 18 Years Old,2022,13297,,Number in Poverty,2022,100,31.3,Percent in Poverty,,,26.3,36.3,2030,,,,3,,,Denominator not available for estimates provided as percentages.
